transaction_id,transaction_date,transaction_time,customer_id,customer_age,customer_gender,product_id,product_name,category,subcategory,price,quantity,discount,total_amount,payment_method,store_location,rating,is_returned,loyalty_member
TXN00000,2022-12-20,09:50:22,eec8cfa0,59,Male,PROD2091,Triple-buffered regional structure,Home & Kitchen,Furniture,154.77,3,0.0,464.31,Bank Transfer,"Fullerchester, Pennsylvania",2.1,False,True
TXN00001,2022-06-26,09:50:22,9e9c2624,50,Male,PROD6168,Multi-lateral fault-tolerant artificial intelligence,Sports,Fitness,27.23,1,0.0,27.23,E-Wallet,"East Michellebury, Vermont",1.9,False,False
TXN00002,2023-11-20,09:50:22,c2136ec6,20,Male,PROD9673,Intuitive zero-defect installation,Clothing,Women,69.43,2,0.0,138.86,E-Wallet,"West Wendybury, South Carolina",,False,False
TXN00003,2023-09-19,09:50:22,d78501fa,50,Female,PROD2015,Ergonomic actuating contingency,Home & Kitchen,Furniture,226.61,3,0.0,679.83,Cash,"Johnsonburgh, Oklahoma",,False,False
TXN00004,2023-08-06,09:50:22,cb9b2bb8,23,Female,PROD9531,Versatile impactful focus group,Electronics,Cameras,453.17,3,0.0,1359.51,Cash,"Sheltonbury, Louisiana",,False,False
TXN00005,2023-02-15,09:50:22,2a1ef73a,46,Male,PROD4387,Reverse-engineered reciprocal algorithm,Grocery,Dairy,25.32,2,0.0,50.64,E-Wallet,"South Krista, South Carolina",4.9,False,False
TXN00006,2022-12-01,09:50:22,c76f4c06,67,Male,PROD3589,Re-contextualized eco-centric secured line,Grocery,Beverages,61.58,3,0.0,184.74,Bank Transfer,"Youngfort, Nebraska",4.6,False,False
TXN00007,2022-10-31,09:50:22,ae67eb96,44,Female,PROD5970,Multi-tiered didactic open architecture,Clothing,Women,73.02,3,0.0,219.06,Debit Card,"Shannonbury, Hawaii",3.9,False,False
TXN00008,2024-09-16,09:50:22,709e36d1,56,Male,PROD4783,Enhanced systemic instruction set,Beauty,Makeup,20.61,2,0.1,37.1,Bank Transfer,"West Paulstad, Kentucky",,False,False
TXN00009,2022-07-10,09:50:22,1a701637,29,Female,PROD9051,Organic secondary array,Books,Non-Fiction,40.85,5,0.0,204.25,E-Wallet,"Lake Danielborough, Georgia",3.8,False,True
TXN00010,2022-07-06,09:50:22,d32753af,32,Male,PROD4351,Managed zero tolerance application,Grocery,Snacks,20.73,4,0.0,82.92,Credit Card,"Torresstad, Washington",4.7,False,False
TXN00011,2022-11-13,09:50:22,151a7569,43,Male,PROD7232,Intuitive explicit open architecture,Books,Cookbooks,20.69,4,0.0,82.76,E-Wallet,"Hohaven, Nebraska",4.6,False,False
TXN00012,2023-07-27,09:50:22,6f385255,47,Male,PROD5025,Open-architected impactful adapter,Health,Wellness,34.84,5,0.0,174.2,Credit Card,"Hensonshire, Wisconsin",3.1,False,False
TXN00013,2023-08-25,09:50:22,d9169417,43,Female,PROD5684,Organic client-server framework,Electronics,Cameras,117.34,4,0.0,469.36,Credit Card,"North Tamaraview, Kansas",1.8,False,False
TXN00014,2025-03-05,09:50:22,9f5c3e1c,23,Male,PROD3945,Re-engineered responsive matrix,Health,Vitamins,1.99,5,0.0,9.95,E-Wallet,"Lake Scottshire, Louisiana",4.3,False,False
TXN00015,2022-06-29,09:50:22,21434ddc,55,Male,PROD8449,Profit-focused tertiary architecture,Automotive,Accessories,18.75,4,0.0,75.0,E-Wallet,"Laurenmouth, Iowa",1.1,False,False
TXN00016,2023-06-17,09:50:22,0a5e2f62,64,Male,PROD7204,Profound non-volatile structure,Home & Kitchen,Furniture,49.1,1,0.16,41.24,Cash,"Lake Dennisview, Tennessee",1.3,False,True
TXN00017,2024-09-11,09:50:22,86ad8b6b,29,Male,PROD7874,Quality-focused logistical matrices,Home & Kitchen,Cookware,142.0,5,0.0,710.0,Debit Card,"Danaburgh, Pennsylvania",,False,False
TXN00018,2023-07-31,09:50:22,202e24fc,18,Female,PROD9153,Right-sized directional matrix,Books,Children,11.84,2,0.08,21.79,Debit Card,"Richardland, Minnesota",1.0,False,False
TXN00019,2024-11-10,09:50:22,238f8788,44,Female,PROD2300,Networked systemic productivity,Electronics,Cameras,217.54,4,0.0,870.16,Bank Transfer,"Kathleenhaven, Tennessee",3.6,False,True
TXN00020,2023-11-26,09:50:22,0d09fd1d,21,Female,PROD1601,Vision-oriented leadingedge parallelism,Automotive,Parts,59.31,5,0.0,296.55,Debit Card,"Port Holly, Massachusetts",,False,True
TXN00021,2022-05-19,09:50:22,6e0337f5,29,Male,PROD5659,Operative holistic analyzer,Health,Wellness,25.48,3,0.0,76.44,Credit Card,"Amandaville, Iowa",1.2,False,False
TXN00022,2023-03-28,09:50:22,6c2c58f4,23,Female,PROD6289,Extended neutral system engine,Health,Wellness,31.35,5,0.16,131.67,Bank Transfer,"Stephaniefurt, Florida",,False,False
TXN00023,2024-09-17,09:50:22,c1cb6e42,39,Female,PROD9595,Polarized well-modulated hub,Clothing,Shoes,7.26,5,0.17,30.13,Credit Card,"Andersonfurt, New Hampshire",3.8,False,True
TXN00024,2024-04-01,09:50:22,14a83f88,64,Female,PROD7996,Optimized dedicated concept,Electronics,Smartphones,391.12,5,0.0,1955.6,Bank Transfer,"Hoffmanville, Indiana",4.9,False,False
TXN00025,2023-11-26,09:50:22,fa4ef5bd,51,Female,PROD9069,Digitized systematic portal,Automotive,Electronics,32.22,5,0.0,161.1,Debit Card,"East Tara, New York",3.5,False,False
TXN00026,2023-03-20,09:50:22,c3843905,69,Female,PROD7783,Enhanced optimal ability,Grocery,Canned Goods,6.98,2,0.06,13.12,Credit Card,"Davidmouth, North Carolina",,True,False
TXN00027,2023-07-20,09:50:22,177288f3,37,Female,PROD1100,Customer-focused asynchronous knowledgebase,Grocery,Snacks,37.51,2,0.0,75.02,Cash,"Lake Lisahaven, New Jersey",4.2,False,False
TXN00028,2024-03-25,09:50:22,9b8c77aa,61,Female,PROD8774,Extended bottom-line application,Toys,Puzzles,17.99,5,0.0,89.95,Debit Card,"Michelleview, Alabama",1.8,False,False
TXN00029,2022-12-01,09:50:22,2570ef2c,68,Female,PROD1917,Profound 3rdgeneration firmware,Books,Non-Fiction,24.17,4,0.0,96.68,Bank Transfer,"Donaldport, Iowa",4.6,False,True
TXN00030,2022-11-11,09:50:22,7355fac8,22,Male,PROD5595,Self-enabling bifurcated firmware,Sports,Cycling,17.97,5,0.19,72.78,Cash,"Kelliland, Arizona",4.2,False,False
TXN00031,2024-06-22,09:50:22,d510a004,68,Female,PROD6152,Cloned cohesive encoding,Toys,Puzzles,67.05,2,0.0,134.1,E-Wallet,"South Anthony, South Carolina",,False,True
TXN00032,2022-11-20,09:50:22,80bcbad5,29,Male,PROD7131,Customizable multimedia synergy,Clothing,Shoes,49.6,2,0.0,99.2,Cash,"Lake Stephanietown, Connecticut",1.9,False,False
TXN00033,2024-05-10,09:50:22,ee1b8a06,48,Female,PROD6363,Programmable empowering knowledge user,Clothing,Shoes,18.27,5,0.17,75.82,Bank Transfer,"Knappport, Georgia",1.6,False,False
TXN00034,2024-04-09,09:50:22,843472eb,18,Female,PROD1721,Pre-emptive even-keeled Graphic Interface,Automotive,Accessories,46.45,2,0.0,92.9,E-Wallet,"Kevinburgh, Mississippi",,False,False
TXN00035,2023-10-29,09:50:22,21a2fb28,19,Female,PROD4438,Synergistic mission-critical protocol,Clothing,Kids,13.37,4,0.0,53.48,Credit Card,"Williamschester, Oregon",3.1,False,True
TXN00036,2022-08-02,09:50:22,7c86db09,35,Male,PROD1249,Implemented explicit throughput,Beauty,Tools,34.18,3,0.0,102.54,Credit Card,"New Christina, Georgia",,False,False
TXN00037,2024-12-01,09:50:22,9ba67b44,54,Male,PROD3806,Customer-focused homogeneous info-mediaries,Clothing,Women,1.99,5,0.0,9.95,Cash,"Richmondbury, Massachusetts",2.1,False,False
TXN00038,2023-01-16,09:50:22,0cd8c8a2,23,Female,PROD7421,Secured coherent model,Sports,Cycling,3.44,4,0.06,12.93,Credit Card,"Lake Melvin, Wisconsin",,False,False
TXN00039,2024-06-19,09:50:22,91901bc4,66,Female,PROD3159,Reverse-engineered asymmetric installation,Health,First Aid,33.94,5,0.0,169.7,Cash,"Nelsonberg, Vermont",,False,False
TXN00040,2022-10-14,09:50:22,e152e264,27,Female,PROD6954,Right-sized attitude-oriented definition,Books,Fiction,44.77,4,0.0,179.08,E-Wallet,"Michaelland, Massachusetts",,False,False
TXN00041,2023-12-27,09:50:22,49081b1f,48,Female,PROD3798,Inverse content-based system engine,Sports,Team Sports,33.43,4,0.0,133.72,Credit Card,"Laurenview, Vermont",2.9,False,False
TXN00042,2024-05-15,09:50:22,05a84482,68,Female,PROD9728,User-centric global knowledge user,Health,Supplements,27.69,5,0.25,103.84,Credit Card,"Jessicaview, Nebraska",,False,False
TXN00043,2023-06-03,09:50:22,b46a5b8a,31,Female,PROD8132,Grass-roots transitional array,Grocery,Bakery,23.98,2,0.0,47.96,E-Wallet,"Port Joseberg, Oregon",2.5,False,False
TXN00044,2022-09-25,09:50:22,73b7010f,55,Female,PROD6330,Synergistic reciprocal methodology,Grocery,Beverages,1.99,1,0.0,1.99,Bank Transfer,"South Michael, Louisiana",,False,False
TXN00045,2022-08-07,09:50:22,f03e2eb0,38,Female,PROD2007,Devolved holistic flexibility,Home & Kitchen,Cookware,69.61,4,0.08,256.16,Bank Transfer,"Christophershire, Rhode Island",4.1,False,False
TXN00046,2023-08-15,09:50:22,60ac217c,57,Female,PROD4205,Total 24hour monitoring,Health,Vitamins,20.79,2,0.0,41.58,E-Wallet,"Port Philipshire, Nevada",3.1,False,False
TXN00047,2023-12-19,09:50:22,89fe4e6f,23,Male,PROD9362,Public-key tangible database,Beauty,Tools,51.14,3,0.0,153.42,E-Wallet,"South Juliaton, Delaware",3.9,False,True
TXN00048,2022-10-16,09:50:22,dafa2396,25,Female,PROD1510,Optional bandwidth-monitored moderator,Beauty,Skincare,36.87,3,0.0,110.61,Credit Card,"Mooremouth, Louisiana",1.0,False,False
TXN00049,2023-08-25,09:50:22,e8208bbe,48,Male,PROD4083,Optimized solution-oriented Local Area Network,Toys,Games,1.99,4,0.0,7.96,E-Wallet,"Lowechester, Mississippi",,False,False
TXN00050,2022-11-28,09:50:22,fd738502,59,Male,PROD3359,Progressive intermediate superstructure,Sports,Yoga,36.48,2,0.0,72.96,Debit Card,"New Derekfurt, Montana",,False,False
TXN00051,2024-06-22,09:50:22,5da5e614,57,Male,PROD8444,Future-proofed foreground process improvement,Toys,Dolls,22.3,1,0.25,16.73,E-Wallet,"East Victorside, Vermont",4.6,False,False
TXN00052,2023-11-26,09:50:22,bdd84252,64,Male,PROD9220,Reduced discrete superstructure,Books,Educational,16.46,3,0.0,49.38,E-Wallet,"Ortizberg, Kansas",3.4,False,False
TXN00053,2024-11-19,09:50:22,5e16095e,25,Female,PROD2311,Stand-alone neutral project,Health,Medical,42.23,1,0.0,42.23,Bank Transfer,"Jerrychester, Utah",2.9,False,False
TXN00054,2024-05-22,09:50:22,755c98d6,61,Female,PROD1864,User-friendly mobile process improvement,Beauty,Fragrances,50.62,5,0.27,184.76,Credit Card,"Allenland, Vermont",,False,False
TXN00055,2023-04-04,09:50:22,44d20a03,44,Female,PROD5827,Function-based system-worthy architecture,Electronics,Headphones,686.26,4,0.0,2745.04,E-Wallet,"West Kathleenstad, Maine",3.3,False,True
TXN00056,2024-06-02,09:50:22,73551d2a,60,Female,PROD1447,Multi-layered asynchronous superstructure,Health,Medical,13.22,5,0.0,66.1,E-Wallet,"Chentown, Hawaii",,False,True
TXN00057,2024-05-02,09:50:22,9230e233,18,Male,PROD3860,Versatile radical installation,Automotive,Tools,23.82,3,0.0,71.46,Bank Transfer,"West Andrewland, Michigan",2.1,False,False
TXN00058,2023-07-09,09:50:22,bfc233e8,39,Male,PROD3376,Down-sized modular Graphic Interface,Books,Children,36.63,2,0.0,73.26,Debit Card,"Lake Jillstad, California",,False,False
TXN00059,2023-11-03,09:50:22,5148afe3,31,Female,PROD1890,Future-proofed demand-driven productivity,Books,Educational,49.51,4,0.0,198.04,E-Wallet,"Chavezchester, North Carolina",,False,False
TXN00060,2022-09-29,09:50:22,820e879e,42,Female,PROD8775,Organized analyzing portal,Clothing,Men,35.62,2,0.0,71.24,E-Wallet,"Solomontown, Nebraska",,False,False
TXN00061,2023-04-21,09:50:22,7ed5f870,51,Male,PROD2595,Right-sized uniform Internet solution,Toys,Action Figures,26.29,3,0.0,78.87,E-Wallet,"South Debbieburgh, Hawaii",2.5,False,False
TXN00062,2025-05-03,09:50:22,27a8e0e7,59,Female,PROD8554,Stand-alone human-resource task-force,Toys,Puzzles,7.87,3,0.0,23.61,Cash,"Rachelfurt, Kansas",4.2,False,False
TXN00063,2023-09-19,09:50:22,8b7c2be9,61,Male,PROD2113,Mandatory zero tolerance frame,Health,Supplements,6.08,5,0.0,30.4,Debit Card,"New Michellefurt, Oklahoma",,True,True
TXN00064,2023-04-05,09:50:22,531ee087,19,Male,PROD1931,Future-proofed explicit architecture,Clothing,Shoes,74.38,3,0.0,223.14,Cash,"Booneshire, Wisconsin",,False,False
TXN00065,2024-12-07,09:50:22,b55920a9,42,Male,PROD2816,Monitored optimal database,Grocery,Bakery,57.12,1,0.0,57.12,Credit Card,"Castroberg, Nevada",,False,True
TXN00066,2024-06-21,09:50:22,f365509b,34,Male,PROD2212,Seamless global capacity,Books,Fiction,28.56,4,0.0,114.24,Cash,"Grahammouth, Alabama",4.1,False,True
TXN00067,2023-11-09,09:50:22,211e04b5,49,Male,PROD7432,Integrated value-added capability,Toys,Games,50.07,1,0.0,50.07,Cash,"Gutierrezborough, Florida",,False,False
TXN00068,2023-07-29,09:50:22,50874b41,24,Male,PROD2194,Balanced value-added orchestration,Home & Kitchen,Bedding,145.31,4,0.0,581.24,Credit Card,"East Hannah, Louisiana",4.7,False,False
TXN00069,2024-02-29,09:50:22,96cee74e,27,Female,PROD7411,Future-proofed background algorithm,Books,Fiction,17.1,4,0.21,54.04,Credit Card,"Port David, Florida",3.7,False,False
TXN00070,2022-08-28,09:50:22,6d96db54,42,Female,PROD2985,Profit-focused impactful leverage,Books,Educational,37.23,4,0.0,148.92,Credit Card,"Port Sara, Illinois",,False,False
TXN00071,2023-08-18,09:50:22,26e82bed,23,Female,PROD5750,Decentralized encompassing adapter,Sports,Team Sports,60.76,3,0.0,182.28,Credit Card,"West Robertshire, South Carolina",2.5,False,True
TXN00072,2022-07-10,09:50:22,4e6e83a0,49,Male,PROD8175,Organized radical matrices,Electronics,Headphones,492.83,2,0.0,985.66,E-Wallet,"North Amandabury, Utah",4.6,False,True
TXN00073,2024-02-11,09:50:22,af0dd915,49,Female,PROD1268,Centralized explicit pricing structure,Grocery,Snacks,61.29,5,0.0,306.45,E-Wallet,"Andreaview, Oregon",1.3,True,True
TXN00074,2024-08-04,09:50:22,41c0daf8,65,Male,PROD2180,Switchable methodical forecast,Electronics,Headphones,1.99,1,0.0,1.99,Bank Transfer,"North Ariana, Tennessee",,True,True
TXN00075,2023-11-05,09:50:22,05d429e6,37,Male,PROD8474,Team-oriented modular initiative,Electronics,Headphones,664.38,5,0.23,2557.86,Debit Card,"Sharpmouth, Mississippi",,False,False
TXN00076,2022-09-18,09:50:22,dbc82ac7,45,Female,PROD7586,Front-line transitional pricing structure,Clothing,Men,52.61,1,0.0,52.61,Bank Transfer,"Vargasside, Idaho",,False,False
TXN00077,2023-07-12,09:50:22,137a61a7,39,Male,PROD2978,Synchronized discrete protocol,Health,Wellness,24.02,2,0.0,48.04,Debit Card,"Seanberg, Connecticut",,False,False
TXN00078,2024-02-09,09:50:22,f72c8e22,68,Female,PROD3584,Fully-configurable scalable utilization,Home & Kitchen,Cookware,126.42,5,0.11,562.57,Bank Transfer,"New Michelle, Wyoming",,True,False
TXN00079,2023-07-15,09:50:22,f5d16c78,62,Female,PROD3079,Persevering didactic Graphic Interface,Electronics,Smartphones,102.49,2,0.0,204.98,Bank Transfer,"Ashleefurt, Indiana",4.5,False,False
TXN00080,2025-02-21,09:50:22,8c697d81,56,Male,PROD9190,Digitized intermediate product,Automotive,Car Care,25.61,4,0.0,102.44,Debit Card,"South Deniseburgh, Ohio",,False,True
TXN00081,2024-07-24,09:50:22,b5f2a73f,57,Female,PROD9842,Seamless bifurcated open architecture,Beauty,Haircare,37.14,4,0.11,132.22,Credit Card,"East Amandaberg, Iowa",,False,False
TXN00082,2024-11-30,09:50:22,ef957941,60,Male,PROD1885,Extended asymmetric support,Grocery,Canned Goods,59.56,1,0.25,44.67,E-Wallet,"Lake Scott, Wyoming",,False,True
TXN00083,2023-02-22,09:50:22,d82cf7ec,52,Male,PROD3589,Cloned intangible Local Area Network,Toys,Games,19.63,3,0.0,58.89,E-Wallet,"Victoriastad, Tennessee",,False,False
TXN00084,2023-10-30,09:50:22,5839e39e,30,Female,PROD4769,Realigned object-oriented open system,Clothing,Men,25.75,2,0.0,51.5,Bank Transfer,"Amandachester, Massachusetts",3.3,False,False
TXN00085,2023-02-15,09:50:22,ffe114b2,48,Female,PROD1890,Mandatory local artificial intelligence,Clothing,Women,34.95,4,0.0,139.8,E-Wallet,"Lisaborough, Idaho",,False,True
TXN00086,2023-09-23,09:50:22,e3d7c0d4,58,Female,PROD5418,Realigned stable architecture,Health,First Aid,48.31,2,0.0,96.62,Debit Card,"North Pamela, Hawaii",,False,True
TXN00087,2023-10-26,09:50:22,7812bd3e,32,Female,PROD3568,Cross-group 6thgeneration website,Health,Vitamins,36.58,3,0.26,81.21,E-Wallet,"South Davidview, Alabama",2.7,False,False
TXN00088,2024-09-29,09:50:22,3c26834c,31,Female,PROD8581,Face-to-face clear-thinking attitude,Health,Supplements,19.4,5,0.0,97.0,Debit Card,"South Jill, New Jersey",1.3,False,False
TXN00089,2024-07-31,09:50:22,e82ad955,54,Male,PROD7844,Organized transitional access,Grocery,Beverages,40.27,3,0.0,120.81,Debit Card,"North Jacobfurt, Florida",,False,True
TXN00090,2024-05-16,09:50:22,adb06a35,46,Female,PROD4940,Organic modular circuit,Books,Cookbooks,31.94,1,0.0,31.94,E-Wallet,"East Ericshire, Kansas",,False,False
TXN00091,2023-07-29,09:50:22,f4b988e9,19,Female,PROD5994,Implemented incremental application,Toys,Dolls,49.37,2,0.0,98.74,Debit Card,"North Rachelbury, Kansas",,False,False
TXN00092,2023-02-13,09:50:22,370703da,29,Female,PROD8607,Sharable zero-defect moderator,Health,Wellness,15.96,1,0.0,15.96,E-Wallet,"West Anthonyborough, Colorado",4.1,False,True
TXN00093,2025-03-14,09:50:22,b9adb0d4,62,Male,PROD2326,Versatile disintermediate service-desk,Clothing,Shoes,40.17,3,0.0,120.51,Cash,"West Robertchester, Alabama",2.7,False,False
TXN00094,2025-02-09,09:50:22,f251d651,57,Male,PROD6989,Horizontal analyzing paradigm,Electronics,Cameras,421.58,3,0.0,1264.74,Credit Card,"South Jordanfurt, Georgia",2.5,False,False
TXN00095,2022-11-08,09:50:22,6ab8d370,65,Male,PROD4693,Optimized modular artificial intelligence,Clothing,Accessories,6.09,2,0.13,10.6,Bank Transfer,"Lake Marissafurt, California",1.5,False,False
TXN00096,2022-08-10,09:50:22,84cc3e79,48,Female,PROD8405,Synergized cohesive encryption,Automotive,Car Care,35.92,3,0.14,92.67,E-Wallet,"New James, Texas",,False,False
TXN00097,2022-12-16,09:50:22,864b2d5e,24,Male,PROD5521,Profound bandwidth-monitored customer loyalty,Clothing,Women,57.83,4,0.15,196.62,Debit Card,"Port Lisamouth, Michigan",,False,True
TXN00098,2023-03-15,09:50:22,157c7408,48,Female,PROD7883,Triple-buffered needs-based hardware,Home & Kitchen,Appliances,120.36,5,0.0,601.8,Credit Card,"West Kenneth, Vermont",,False,False
TXN00099,2023-03-29,09:50:22,3b34ea02,55,Female,PROD6346,Synergized homogeneous complexity,Beauty,Makeup,25.31,1,0.25,18.98,Bank Transfer,"North Jeremyside, Louisiana",3.6,False,False
TXN00100,2024-09-16,09:50:22,8b0c328f,28,Female,PROD4715,Assimilated incremental portal,Automotive,Electronics,1.99,4,0.0,7.96,Bank Transfer,"Tracishire, Illinois",1.5,False,False
TXN00101,2022-09-13,09:50:22,f1b77c34,63,Female,PROD3986,Vision-oriented empowering project,Electronics,Laptops,415.87,3,0.0,1247.61,Debit Card,"Garciaborough, Pennsylvania",,False,False
TXN00102,2024-07-02,09:50:22,2526cbe5,41,Male,PROD4361,Reverse-engineered contextually-based projection,Home & Kitchen,Appliances,96.01,2,0.3,134.41,Bank Transfer,"North Erikaburgh, Nevada",1.5,False,True
TXN00103,2024-06-25,09:50:22,6f6f6d4e,25,Male,PROD7628,Optional regional process improvement,Sports,Team Sports,13.95,2,0.0,27.9,Bank Transfer,"Lake Elizabethton, Oregon",4.9,False,False
TXN00104,2024-12-19,09:50:22,7a007f89,48,Female,PROD3409,Customer-focused next generation strategy,Books,Children,26.77,2,0.23,41.23,Bank Transfer,"Gabriellaland, South Carolina",2.3,False,False
TXN00105,2025-04-23,09:50:22,cea37bbb,37,Male,PROD7580,Sharable multi-state service-desk,Books,Children,38.08,1,0.0,38.08,Credit Card,"Alexismouth, Oklahoma",,False,True
TXN00106,2023-10-02,09:50:22,0d51b702,30,Male,PROD2369,Advanced optimal conglomeration,Sports,Fitness,67.72,3,0.21,160.5,Bank Transfer,"Pamelashire, South Carolina",3.1,False,False
TXN00107,2022-05-29,09:50:22,abca60dd,60,Female,PROD7513,Future-proofed client-server synergy,Clothing,Accessories,55.24,4,0.13,192.24,Bank Transfer,"Hurstburgh, Colorado",,False,False
TXN00108,2022-12-26,09:50:22,ec1f54a2,31,Female,PROD7809,Re-contextualized solution-oriented matrix,Sports,Yoga,35.15,3,0.14,90.69,Cash,"Travismouth, New York",,False,True
TXN00109,2023-11-03,09:50:22,01dab80f,37,Female,PROD9606,Universal well-modulated flexibility,Toys,Educational,28.51,2,0.0,57.02,Bank Transfer,"South Colinport, Nevada",,False,True
TXN00110,2024-04-01,09:50:22,94cd7401,63,Male,PROD4264,Extended 4thgeneration function,Health,First Aid,1.99,1,0.21,1.57,Cash,"Gibsonberg, Colorado",2.7,False,False
TXN00111,2022-12-20,09:50:22,5e4270d5,49,Female,PROD4678,Centralized even-keeled complexity,Automotive,Car Care,29.47,1,0.0,29.47,Cash,"North Tina, Maryland",4.3,True,True
TXN00112,2023-12-28,09:50:22,92b734e0,62,Male,PROD1466,Assimilated asymmetric adapter,Beauty,Haircare,31.2,4,0.22,97.34,Cash,"Burnsfort, California",2.7,False,True
TXN00113,2024-10-12,09:50:22,b641e0af,58,Female,PROD2959,Digitized encompassing contingency,Clothing,Accessories,123.9,3,0.0,371.7,Bank Transfer,"Stephenland, South Dakota",2.7,False,False
TXN00114,2023-03-25,09:50:22,476c3ebb,40,Male,PROD1866,Vision-oriented national archive,Electronics,TVs,461.53,2,0.0,923.06,Debit Card,"Port Patrick, Tennessee",,False,False
TXN00115,2024-11-20,09:50:22,9e842b45,66,Male,PROD3738,Organic regional Graphical User Interface,Sports,Fitness,36.03,3,0.0,108.09,Credit Card,"West Adrian, Massachusetts",,False,False
TXN00116,2022-05-12,09:50:22,f7f2cad5,41,Female,PROD7750,Total explicit initiative,Beauty,Haircare,29.31,3,0.2,70.34,Debit Card,"Maryshire, Massachusetts",1.1,False,False
TXN00117,2023-10-27,09:50:22,f93da97d,44,Female,PROD2251,Innovative asynchronous matrix,Clothing,Women,14.94,2,0.0,29.88,Debit Card,"Taylorhaven, Kentucky",,False,True
TXN00118,2025-02-24,09:50:22,42955f55,56,Female,PROD3821,Re-engineered asynchronous groupware,Electronics,Headphones,728.56,3,0.0,2185.68,Cash,"Stevenfort, Arizona",1.6,False,True
TXN00119,2023-05-06,09:50:22,f09b57cd,26,Male,PROD3133,Face-to-face multi-state productivity,Clothing,Women,72.56,2,0.0,145.12,Debit Card,"New Richard, Virginia",3.8,False,False
TXN00120,2025-03-10,09:50:22,2d276753,20,Male,PROD8685,Balanced transitional matrix,Clothing,Men,73.73,1,0.0,73.73,E-Wallet,"Smithstad, Florida",,False,True
TXN00121,2022-12-09,09:50:22,ea86186d,55,Male,PROD4027,Vision-oriented 24hour installation,Clothing,Kids,22.72,1,0.0,22.72,Credit Card,"West Randy, Arizona",,False,True
TXN00122,2024-01-07,09:50:22,f8a68eee,50,Male,PROD2623,Multi-lateral zero-defect open system,Home & Kitchen,Cookware,218.2,5,0.0,1091.0,Debit Card,"Nancyport, Indiana",,False,False
TXN00123,2025-03-10,09:50:22,04748c9d,64,Male,PROD4506,Reduced multimedia archive,Automotive,Accessories,1.99,2,0.0,3.98,Debit Card,"Gabrielleside, Tennessee",,False,False
TXN00124,2023-06-17,09:50:22,9a29a08f,42,Female,PROD4510,Down-sized needs-based focus group,Books,Children,41.74,5,0.22,162.79,Credit Card,"West Joseph, Wyoming",1.7,False,False
TXN00125,2023-03-15,09:50:22,8baa1b61,23,Female,PROD9088,Intuitive background core,Sports,Fitness,73.81,4,0.08,271.62,Cash,"West Michaelport, Massachusetts",,False,True
TXN00126,2024-06-09,09:50:22,33fbb404,30,Male,PROD8793,Open-architected zero-defect success,Health,Medical,10.19,4,0.0,40.76,E-Wallet,"New Aprilton, Florida",2.2,False,False
TXN00127,2023-04-01,09:50:22,1aca25ce,25,Male,PROD7468,Seamless logistical solution,Electronics,Headphones,386.74,1,0.0,386.74,Bank Transfer,"Johnsonchester, North Carolina",,False,False
TXN00128,2025-04-26,09:50:22,328b1de6,25,Male,PROD7958,Innovative demand-driven focus group,Clothing,Women,52.99,1,0.0,52.99,Debit Card,"East Roy, Illinois",2.4,False,True
TXN00129,2022-05-07,09:50:22,1a5ff31d,49,Female,PROD3414,Multi-tiered bifurcated artificial intelligence,Health,Wellness,19.93,3,0.0,59.79,E-Wallet,"Stephensborough, Arizona",2.4,False,True
TXN00130,2024-02-28,09:50:22,cd34a6ff,22,Female,PROD1438,Face-to-face optimizing firmware,Beauty,Fragrances,1.99,4,0.0,7.96,Debit Card,"Kristinview, Maine",,False,False
TXN00131,2025-01-30,09:50:22,b01ffa31,68,Female,PROD4308,Devolved contextually-based encoding,Sports,Outdoor,31.37,3,0.0,94.11,Credit Card,"Angelabury, Alaska",4.0,False,False
TXN00132,2022-06-14,09:50:22,d75c79cb,45,Male,PROD7285,Quality-focused explicit moratorium,Automotive,Parts,8.75,5,0.0,43.75,Bank Transfer,"Port Adamland, Hawaii",,False,False
TXN00133,2022-12-21,09:50:22,bb5580f3,49,Female,PROD3203,Mandatory leadingedge parallelism,Books,Educational,39.47,1,0.19,31.97,Cash,"Kathleenborough, Texas",,False,False
TXN00134,2024-05-18,09:50:22,9e167aff,53,Male,PROD9301,Upgradable responsive productivity,Clothing,Accessories,22.42,4,0.0,89.68,Bank Transfer,"Lake Andrea, Utah",3.3,False,True
TXN00135,2024-01-25,09:50:22,d0731117,55,Male,PROD3100,Implemented 3rdgeneration solution,Health,First Aid,61.0,5,0.0,305.0,Cash,"Everettmouth, Oregon",,False,False
TXN00136,2023-09-08,09:50:22,ba77239f,44,Female,PROD1924,Total transitional policy,Health,Vitamins,14.33,3,0.0,42.99,E-Wallet,"Allenview, New Jersey",2.4,False,True
TXN00137,2022-09-01,09:50:22,79137374,39,Male,PROD1322,Decentralized multimedia support,Beauty,Tools,23.56,1,0.0,23.56,Credit Card,"Greenville, Arkansas",,False,True
TXN00138,2023-09-11,09:50:22,04a21ff7,55,Male,PROD6185,Integrated asymmetric contingency,Toys,Puzzles,46.27,5,0.0,231.35,Cash,"Garciaville, Idaho",1.1,False,False
TXN00139,2022-10-14,09:50:22,3b5abdf9,28,Female,PROD6952,Implemented analyzing approach,Health,Vitamins,5.38,4,0.22,16.79,Cash,"Port Feliciaview, Hawaii",3.0,False,True
TXN00140,2022-10-28,09:50:22,647f67ae,69,Male,PROD2506,Innovative static open system,Clothing,Accessories,56.82,2,0.0,113.64,Credit Card,"East Jasmine, Connecticut",2.2,False,False
TXN00141,2025-01-25,09:50:22,2f6ef194,68,Male,PROD5945,Right-sized explicit artificial intelligence,Health,Medical,56.14,3,0.25,126.32,E-Wallet,"Lynnside, Ohio",2.7,False,True
TXN00142,2022-09-24,09:50:22,a0a62fdc,60,Male,PROD1304,Balanced heuristic circuit,Automotive,Parts,1.99,2,0.0,3.98,Cash,"East Regina, Alabama",3.5,False,False
TXN00143,2025-04-30,09:50:22,702c92b1,54,Male,PROD9556,Up-sized demand-driven implementation,Home & Kitchen,Bedding,132.92,4,0.0,531.68,E-Wallet,"Owenville, Virginia",2.1,False,False
TXN00144,2023-01-18,09:50:22,d4512779,58,Male,PROD7757,Exclusive dynamic Graphical User Interface,Grocery,Beverages,35.2,3,0.0,105.6,E-Wallet,"Taylorton, Montana",,False,True
TXN00145,2023-01-23,09:50:22,3df1ac71,19,Male,PROD6087,Front-line non-volatile contingency,Home & Kitchen,Cookware,174.73,5,0.0,873.65,Debit Card,"New Candicemouth, Alabama",,False,False
TXN00146,2025-01-03,09:50:22,5ba1e819,68,Female,PROD3883,Robust optimizing capability,Toys,Educational,5.26,1,0.0,5.26,Cash,"Port Natalietown, New Mexico",1.5,False,True
TXN00147,2023-04-09,09:50:22,ec8bb6cb,22,Female,PROD6954,Networked neutral encoding,Books,Fiction,3.59,1,0.0,3.59,Credit Card,"Marshallmouth, Wisconsin",2.3,False,False
TXN00148,2023-10-30,09:50:22,5b54dce1,49,Male,PROD4900,Fully-configurable systematic migration,Toys,Dolls,40.44,2,0.23,62.28,Credit Card,"Robertton, Arkansas",3.1,False,False
TXN00149,2025-04-20,09:50:22,1a73c34c,27,Male,PROD3869,Organized discrete open system,Sports,Team Sports,35.94,5,0.0,179.7,Debit Card,"Taylorville, Vermont",,False,True
TXN00150,2024-09-18,09:50:22,d73a54f6,48,Male,PROD5550,Organized coherent alliance,Toys,Games,35.01,5,0.18,143.54,Credit Card,"Boyertown, Alaska",2.3,False,False
TXN00151,2023-07-13,09:50:22,9ae5b481,65,Male,PROD4926,Focused needs-based system engine,Sports,Yoga,36.93,3,0.0,110.79,Credit Card,"New Williemouth, Oregon",,False,False
TXN00152,2023-06-21,09:50:22,df3ca892,34,Female,PROD2478,Operative client-server encoding,Sports,Fitness,16.4,5,0.0,82.0,E-Wallet,"Port Laura, Indiana",2.6,False,False
TXN00153,2024-02-03,09:50:22,6b7831bc,68,Male,PROD5489,Managed analyzing orchestration,Beauty,Makeup,34.65,2,0.0,69.3,Cash,"Kendraport, Tennessee",4.5,False,False
TXN00154,2024-07-31,09:50:22,ab0349f4,70,Male,PROD5275,Ergonomic methodical attitude,Books,Educational,35.86,4,0.0,143.44,Cash,"Rodriguezmouth, South Dakota",,False,False
TXN00155,2024-06-08,09:50:22,91db81cf,58,Female,PROD3229,Fully-configurable regional attitude,Health,Wellness,15.71,3,0.0,47.13,Credit Card,"East Christopherburgh, Iowa",,True,True
TXN00156,2024-10-19,09:50:22,c3fdede5,56,Female,PROD6233,Networked incremental hardware,Beauty,Haircare,67.32,5,0.09,306.31,Bank Transfer,"Santiagoport, Kansas",,False,False
TXN00157,2025-03-30,09:50:22,6da0fefd,23,Female,PROD7022,Polarized next generation flexibility,Home & Kitchen,Cookware,153.17,2,0.0,306.34,Cash,"South Annport, Iowa",,False,False
TXN00158,2024-11-15,09:50:22,08872a1e,23,Female,PROD4248,Multi-layered attitude-oriented secured line,Health,Supplements,6.17,1,0.0,6.17,Bank Transfer,"Hernandezside, Rhode Island",,False,False
TXN00159,2023-01-08,09:50:22,5cfe3409,28,Male,PROD1231,Open-source bi-directional conglomeration,Electronics,Headphones,631.31,5,0.0,3156.55,Cash,"South Sherri, Arkansas",1.6,False,False
TXN00160,2023-09-25,09:50:22,eec9b164,36,Female,PROD7259,Robust explicit neural-net,Books,Educational,10.51,1,0.0,10.51,Debit Card,"South Rebeccaborough, Arkansas",1.8,False,False
TXN00161,2023-08-09,09:50:22,8f72bac7,68,Male,PROD1471,Robust analyzing collaboration,Health,Supplements,45.74,3,0.0,137.22,Debit Card,"Lake Susan, Wisconsin",2.7,False,True
TXN00162,2022-09-14,09:50:22,27adddcb,26,Female,PROD7513,Multi-tiered bi-directional functionalities,Health,First Aid,53.17,2,0.0,106.34,E-Wallet,"East Jonathan, Hawaii",1.3,False,False
TXN00163,2024-03-28,09:50:22,d37e1ed6,48,Female,PROD1745,Adaptive zero-defect toolset,Toys,Puzzles,13.59,3,0.19,33.02,Credit Card,"West Julietown, Ohio",,True,False
TXN00164,2022-06-18,09:50:22,571322c4,55,Male,PROD5264,Triple-buffered demand-driven database,Toys,Games,49.27,4,0.0,197.08,Debit Card,"West Derekburgh, Mississippi",,False,False
TXN00165,2023-08-20,09:50:22,55004037,38,Male,PROD3095,Total homogeneous hardware,Sports,Yoga,38.26,2,0.23,58.92,E-Wallet,"Brownburgh, Michigan",,False,False
TXN00166,2023-07-31,09:50:22,1090fbb8,51,Female,PROD8139,Extended needs-based project,Beauty,Haircare,46.44,4,0.0,185.76,Cash,"New Kellyport, Ohio",3.5,False,False
TXN00167,2022-05-20,09:50:22,17982a61,21,Male,PROD4000,Triple-buffered actuating website,Books,Non-Fiction,67.94,5,0.0,339.7,E-Wallet,"West Miguelborough, South Dakota",,True,True
TXN00168,2022-09-28,09:50:22,c64f48da,63,Female,PROD8499,Fundamental global capacity,Books,Educational,25.09,1,0.0,25.09,E-Wallet,"Richardsonside, New Hampshire",1.2,False,False
TXN00169,2022-09-03,09:50:22,7d05da8c,54,Male,PROD1067,Organic stable infrastructure,Home & Kitchen,Furniture,67.24,3,0.27,147.26,Debit Card,"Rebeccaberg, Georgia",4.3,False,False
TXN00170,2023-08-17,09:50:22,3ae98a81,36,Male,PROD7458,Diverse encompassing system engine,Toys,Action Figures,12.21,2,0.0,24.42,Credit Card,"Cooperbury, New Mexico",,False,False
TXN00171,2022-09-21,09:50:22,98341459,56,Male,PROD6397,Cross-platform uniform interface,Clothing,Kids,25.53,2,0.17,42.38,E-Wallet,"West Megantown, Iowa",2.8,False,False
TXN00172,2022-07-09,09:50:22,7e22e9d5,65,Male,PROD9964,Re-contextualized regional frame,Books,Children,28.46,5,0.27,103.88,Cash,"Karenmouth, New Mexico",,False,False
TXN00173,2024-03-12,09:50:22,b19aa0b0,28,Female,PROD7592,Operative reciprocal access,Toys,Games,36.82,2,0.0,73.64,E-Wallet,"Munozburgh, Nebraska",,False,False
TXN00174,2022-09-28,09:50:22,326b0976,61,Male,PROD6882,Networked composite matrices,Home & Kitchen,Furniture,139.37,3,0.0,418.11,E-Wallet,"Richardhaven, South Carolina",3.9,False,False
TXN00175,2025-03-23,09:50:22,da00d5de,23,Female,PROD7033,Reactive foreground toolset,Automotive,Accessories,46.54,4,0.0,186.16,E-Wallet,"East Danielle, Tennessee",2.9,False,False
TXN00176,2023-09-05,09:50:22,fe964a7b,49,Male,PROD5762,Robust 5thgeneration pricing structure,Toys,Action Figures,30.26,1,0.0,30.26,E-Wallet,"Amyfurt, Illinois",,False,True
TXN00177,2023-11-27,09:50:22,2597c5c8,36,Male,PROD2253,Switchable solution-oriented throughput,Books,Children,59.07,2,0.0,118.14,Cash,"Rodriguezberg, Hawaii",4.4,False,False
TXN00178,2025-01-24,09:50:22,eff2ac4d,34,Male,PROD9248,Synergized fault-tolerant policy,Automotive,Car Care,24.71,4,0.22,77.1,Bank Transfer,"Hartmanbury, New Mexico",4.3,True,False
TXN00179,2023-07-18,09:50:22,a1f833ce,38,Female,PROD8371,Cross-group contextually-based ability,Books,Non-Fiction,84.4,2,0.0,168.8,Credit Card,"Steventon, New Mexico",1.3,False,True
TXN00180,2023-01-31,09:50:22,4e94bc37,45,Male,PROD1095,User-centric bandwidth-monitored matrix,Home & Kitchen,Appliances,163.8,2,0.3,229.32,Cash,"Benitezview, Rhode Island",,False,True
TXN00181,2024-12-29,09:50:22,b87986a7,57,Female,PROD7471,Multi-channeled radical artificial intelligence,Books,Educational,12.86,4,0.0,51.44,Bank Transfer,"New Saraburgh, Texas",3.9,False,True
TXN00182,2023-09-15,09:50:22,eb5c68ce,48,Male,PROD4961,Devolved 4thgeneration project,Home & Kitchen,Furniture,45.04,2,0.05,85.58,Debit Card,"North Seanton, Montana",,False,False
TXN00183,2024-12-29,09:50:22,c895e1f9,19,Male,PROD3721,Up-sized optimizing policy,Automotive,Accessories,39.65,1,0.0,39.65,E-Wallet,"East Dennis, New York",1.6,False,False
TXN00184,2024-08-16,09:50:22,eada6103,21,Female,PROD1129,Upgradable grid-enabled time-frame,Books,Educational,25.53,4,0.16,85.78,Debit Card,"West Annachester, Mississippi",1.8,False,False
TXN00185,2023-05-30,09:50:22,e3671e1e,20,Female,PROD7548,Enhanced bifurcated attitude,Toys,Educational,44.28,4,0.0,177.12,Bank Transfer,"Victoriatown, New York",3.9,False,False
TXN00186,2022-11-15,09:50:22,bf5ce0d5,53,Male,PROD5388,Enterprise-wide transitional definition,Health,First Aid,39.46,2,0.0,78.92,Bank Transfer,"Marytown, Idaho",1.1,False,False
TXN00187,2022-11-20,09:50:22,4e8da062,19,Male,PROD5718,Implemented zero administration website,Books,Fiction,28.54,4,0.0,114.16,Cash,"New Sandraville, Tennessee",2.8,False,False
TXN00188,2024-10-04,09:50:22,dc11b251,26,Female,PROD7395,Multi-channeled clear-thinking encryption,Books,Non-Fiction,13.06,5,0.0,65.3,Cash,"West Rickyborough, Arkansas",4.7,False,False
TXN00189,2024-04-30,09:50:22,6647b1b4,60,Female,PROD3115,Multi-layered context-sensitive project,Sports,Yoga,1.99,2,0.0,3.98,Cash,"North Paulville, Utah",,False,True
TXN00190,2024-09-19,09:50:22,7ef917b2,53,Male,PROD1297,Inverse incremental framework,Books,Fiction,21.07,4,0.0,84.28,E-Wallet,"North Angela, Nevada",,False,True
TXN00191,2024-08-24,09:50:22,efcfb0ac,25,Male,PROD8968,Vision-oriented intermediate moratorium,Home & Kitchen,Appliances,179.95,5,0.07,836.77,E-Wallet,"East Nicholasview, North Dakota",,False,False
TXN00192,2024-12-17,09:50:22,32c77fa9,63,Male,PROD8173,Synergistic interactive adapter,Sports,Fitness,34.28,5,0.0,171.4,Debit Card,"Alexandrachester, Vermont",,False,False
TXN00193,2022-08-24,09:50:22,427fc93e,50,Male,PROD3736,Focused bandwidth-monitored Internet solution,Clothing,Men,12.63,5,0.0,63.15,Credit Card,"Rodriguezfort, Michigan",,False,False
TXN00194,2022-11-23,09:50:22,2551280a,27,Female,PROD6482,Cross-group responsive utilization,Sports,Outdoor,33.46,3,0.0,100.38,Bank Transfer,"Robertberg, Kansas",,False,True
TXN00195,2022-09-07,09:50:22,18beb20e,39,Female,PROD9274,Inverse explicit success,Grocery,Dairy,37.71,4,0.0,150.84,Credit Card,"South Johnton, Minnesota",2.0,False,True
TXN00196,2024-08-07,09:50:22,1fb3e30c,69,Female,PROD7773,Optional static groupware,Toys,Games,12.32,2,0.24,18.73,E-Wallet,"Port Alexberg, Colorado",,False,False
TXN00197,2024-03-30,09:50:22,e630fbd7,23,Female,PROD6157,Reduced zero-defect concept,Automotive,Parts,33.07,1,0.0,33.07,Credit Card,"Lake Nancyshire, New Jersey",,False,False
TXN00198,2022-12-15,09:50:22,b9d91d5d,58,Female,PROD7869,Networked tangible system engine,Toys,Action Figures,31.16,4,0.0,124.64,Debit Card,"New Barbara, Iowa",,False,False
TXN00199,2023-09-27,09:50:22,527779be,62,Female,PROD8310,Expanded motivating toolset,Automotive,Parts,7.14,3,0.0,21.42,Credit Card,"Martinhaven, New Mexico",,False,False
TXN00200,2023-06-02,09:50:22,ac0e6931,23,Male,PROD9805,Horizontal regional groupware,Health,Wellness,37.16,4,0.0,148.64,E-Wallet,"Port Chris, Oklahoma",4.1,False,False
TXN00201,2023-05-30,09:50:22,d6a97cc9,51,Female,PROD3621,Cross-group optimal database,Home & Kitchen,Bedding,159.25,5,0.0,796.25,Credit Card,"Lake Heathermouth, Wyoming",3.0,True,False
TXN00202,2024-11-09,09:50:22,5600baee,64,Male,PROD7110,Versatile bi-directional parallelism,Automotive,Electronics,51.66,3,0.0,154.98,Cash,"Emilymouth, Iowa",,False,False
TXN00203,2023-02-17,09:50:22,33b5a0cf,39,Male,PROD9737,Cross-platform grid-enabled protocol,Clothing,Men,81.61,1,0.0,81.61,Bank Transfer,"Matthewstad, North Dakota",3.9,False,True
TXN00204,2024-09-16,09:50:22,5584816f,24,Female,PROD9461,Innovative bandwidth-monitored open architecture,Beauty,Haircare,2.45,5,0.0,12.25,E-Wallet,"Millerborough, Rhode Island",,False,False
TXN00205,2023-05-16,09:50:22,ddd1e2aa,45,Male,PROD8802,Reactive incremental portal,Sports,Yoga,11.24,1,0.16,9.44,E-Wallet,"Lake Amy, Ohio",,False,True
TXN00206,2023-11-27,09:50:22,2855e74d,58,Female,PROD8210,Digitized stable info-mediaries,Automotive,Car Care,40.3,5,0.0,201.5,E-Wallet,"Colinton, Minnesota",4.5,False,False
TXN00207,2024-12-08,09:50:22,9a6efedc,63,Male,PROD4483,User-centric didactic functionalities,Toys,Dolls,40.28,2,0.0,80.56,E-Wallet,"Port Douglasfort, Indiana",,False,True
TXN00208,2023-09-29,09:50:22,143a0163,25,Male,PROD7055,Reduced bi-directional implementation,Home & Kitchen,Bedding,156.05,3,0.0,468.15,Credit Card,"Christopherborough, Florida",3.4,False,True
TXN00209,2022-10-07,09:50:22,601ed665,19,Male,PROD3328,Organic system-worthy ability,Home & Kitchen,Furniture,389.69,3,0.0,1169.07,Cash,"East Alexander, Mississippi",2.2,False,False
TXN00210,2024-10-29,09:50:22,5e4b6f84,22,Male,PROD7841,Team-oriented directional capability,Beauty,Haircare,41.42,2,0.23,63.79,Credit Card,"West Robert, Oklahoma",1.5,False,False
TXN00211,2022-11-22,09:50:22,92f9ef26,50,Female,PROD8371,Innovative holistic policy,Books,Children,52.71,4,0.0,210.84,Bank Transfer,"New Paul, North Carolina",,False,True
TXN00212,2022-08-17,09:50:22,16c3a09b,39,Male,PROD8259,Object-based stable hub,Sports,Fitness,49.08,5,0.0,245.4,E-Wallet,"New Eric, Wisconsin",2.5,False,False
TXN00213,2022-06-05,09:50:22,7020cbf4,59,Male,PROD4152,Compatible static emulation,Home & Kitchen,Furniture,165.6,5,0.0,828.0,Cash,"North Valerieside, Mississippi",,False,False
TXN00214,2022-11-13,09:50:22,247b4b21,19,Female,PROD4371,Open-architected reciprocal focus group,Electronics,Cameras,436.95,5,0.17,1813.34,Credit Card,"Anitaborough, New Hampshire",,False,False
TXN00215,2023-09-02,09:50:22,b4217b50,49,Male,PROD6569,Re-contextualized bottom-line architecture,Health,First Aid,45.18,1,0.0,45.18,Bank Transfer,"Port Jennifer, West Virginia",,False,False
TXN00216,2023-04-11,09:50:22,d4f46796,36,Male,PROD3992,Innovative regional strategy,Automotive,Parts,14.54,4,0.0,58.16,Credit Card,"East Stephanie, Washington",,False,True
TXN00217,2024-08-15,09:50:22,0d213f96,37,Female,PROD2617,Up-sized multimedia model,Beauty,Fragrances,25.26,2,0.29,35.87,Debit Card,"Haleberg, Oregon",,False,False
TXN00218,2025-01-24,09:50:22,5a338420,66,Male,PROD9076,Configurable fault-tolerant open system,Sports,Team Sports,20.29,4,0.0,81.16,Credit Card,"West Daniel, Washington",,False,False
TXN00219,2025-01-15,09:50:22,b9125934,19,Female,PROD4829,Down-sized asynchronous alliance,Clothing,Kids,52.46,1,0.0,52.46,Bank Transfer,"Port Larry, Alaska",2.6,False,True
TXN00220,2023-07-17,09:50:22,a63f8166,37,Female,PROD8306,Pre-emptive incremental product,Automotive,Electronics,76.29,1,0.0,76.29,Bank Transfer,"East Russell, Illinois",,False,False
TXN00221,2024-08-04,09:50:22,ed9f1a86,53,Female,PROD1684,Reduced holistic secured line,Grocery,Beverages,1.99,3,0.0,5.97,Debit Card,"New Vanessa, Idaho",4.1,True,False
TXN00222,2022-09-03,09:50:22,b13ca6e3,61,Female,PROD6757,Multi-layered neutral framework,Health,Medical,43.73,2,0.28,62.97,E-Wallet,"Lauraside, Alaska",2.1,False,True
TXN00223,2023-04-08,09:50:22,970c0352,62,Male,PROD3288,Cross-group exuding groupware,Automotive,Parts,1.99,1,0.18,1.63,Credit Card,"Port Michelleberg, West Virginia",2.2,False,False
TXN00224,2024-06-20,09:50:22,ed22440a,58,Female,PROD8417,Re-engineered foreground flexibility,Toys,Dolls,20.56,5,0.0,102.8,Cash,"Josephbury, Maryland",4.5,False,False
TXN00225,2022-05-10,09:50:22,6c932a95,59,Male,PROD8807,Sharable mission-critical firmware,Sports,Team Sports,51.78,2,0.0,103.56,Bank Transfer,"North Victorview, Florida",,True,True
TXN00226,2024-07-13,09:50:22,fdfbed71,68,Male,PROD9825,User-centric high-level middleware,Home & Kitchen,Decor,124.5,5,0.0,622.5,E-Wallet,"East Dawn, Wisconsin",,True,False
TXN00227,2023-10-31,09:50:22,f6f431c6,42,Male,PROD1138,Exclusive object-oriented migration,Books,Fiction,8.45,3,0.0,25.35,E-Wallet,"Port Loganfort, Mississippi",4.3,False,False
TXN00228,2024-11-22,09:50:22,52c52694,30,Male,PROD5967,Re-engineered non-volatile parallelism,Grocery,Dairy,15.69,1,0.0,15.69,Credit Card,"Josemouth, Georgia",4.0,False,True
TXN00229,2023-12-11,09:50:22,23fe2a84,70,Female,PROD2817,Phased next generation monitoring,Books,Children,43.59,1,0.0,43.59,Bank Transfer,"Port Victoriamouth, Ohio",,False,False
TXN00230,2024-09-18,09:50:22,3b60e7df,55,Male,PROD2065,Synergistic asynchronous software,Books,Non-Fiction,15.39,5,0.23,59.25,Bank Transfer,"Brooksview, Indiana",,False,False
TXN00231,2025-01-26,09:50:22,194bfe92,18,Female,PROD1849,Reduced client-driven help-desk,Grocery,Bakery,34.33,3,0.22,80.33,Bank Transfer,"Port Shannon, Rhode Island",3.5,False,False
TXN00232,2023-03-19,09:50:22,bdffb7a9,64,Male,PROD1769,Intuitive logistical function,Toys,Games,30.91,1,0.0,30.91,E-Wallet,"Christensentown, Illinois",,False,False
TXN00233,2023-05-29,09:50:22,96157ec8,65,Male,PROD7943,Multi-layered value-added initiative,Books,Children,16.97,1,0.0,16.97,Cash,"Timothyton, Arizona",,False,False
TXN00234,2024-01-03,09:50:22,e0f8d0d6,69,Male,PROD6477,Operative multi-state alliance,Grocery,Beverages,72.88,3,0.0,218.64,Credit Card,"West Benjamin, Wisconsin",1.1,False,True
TXN00235,2023-07-25,09:50:22,d98b92c3,22,Female,PROD2567,Universal actuating groupware,Books,Non-Fiction,42.68,3,0.0,128.04,Cash,"Hollowayburgh, Tennessee",,False,False
TXN00236,2022-09-02,09:50:22,bdc865aa,69,Female,PROD1897,Vision-oriented secondary open architecture,Clothing,Men,1.99,1,0.0,1.99,Credit Card,"Hallchester, Maryland",,False,False
TXN00237,2022-09-07,09:50:22,0c43facf,24,Female,PROD4819,Object-based uniform infrastructure,Clothing,Men,55.59,1,0.0,55.59,Cash,"West Jerryville, New York",4.4,False,False
TXN00238,2024-02-07,09:50:22,8df08c6c,39,Male,PROD8439,Self-enabling holistic task-force,Health,Vitamins,16.76,4,0.0,67.04,E-Wallet,"South Paulborough, North Dakota",,False,False
TXN00239,2022-08-31,09:50:22,a2ea85d6,54,Male,PROD9337,Assimilated full-range knowledge user,Clothing,Men,75.57,1,0.0,75.57,Credit Card,"West Theresatown, Florida",,False,False
TXN00240,2022-08-16,09:50:22,11cdc43e,55,Female,PROD9407,Proactive systemic interface,Health,First Aid,14.15,2,0.0,28.3,Credit Card,"East Jason, New York",1.2,False,False
TXN00241,2025-01-06,09:50:22,ce106feb,36,Female,PROD1132,Networked hybrid functionalities,Beauty,Tools,27.71,5,0.0,138.55,Debit Card,"Ramireztown, Alaska",2.9,False,False
TXN00242,2025-02-28,09:50:22,a5031e2d,40,Male,PROD4282,Customizable web-enabled moratorium,Home & Kitchen,Furniture,155.35,2,0.0,310.7,Bank Transfer,"Diazside, Maryland",4.4,False,True
TXN00243,2025-04-27,09:50:22,e8f8e40d,55,Female,PROD5909,User-centric bottom-line neural-net,Clothing,Kids,75.97,2,0.0,151.94,E-Wallet,"Rodriguezfurt, New Hampshire",3.4,False,True
TXN00244,2023-03-24,09:50:22,102bcb80,47,Male,PROD4916,Decentralized optimal attitude,Books,Fiction,5.99,4,0.0,23.96,Credit Card,"Janetmouth, Tennessee",,False,False
TXN00245,2022-08-30,09:50:22,2f833633,40,Male,PROD2887,Mandatory hybrid knowledgebase,Sports,Yoga,23.31,2,0.0,46.62,Credit Card,"Carterfurt, Texas",,False,False
TXN00246,2025-03-11,09:50:22,27b27eb4,32,Female,PROD3855,Virtual regional concept,Health,Medical,20.5,1,0.0,20.5,Debit Card,"Lynchfurt, Georgia",,False,False
TXN00247,2022-10-17,09:50:22,a7c34a01,42,Male,PROD6544,Reduced static installation,Home & Kitchen,Appliances,74.27,1,0.12,65.36,Credit Card,"North Rose, Maine",,False,False
TXN00248,2023-05-21,09:50:22,db56bc46,63,Male,PROD2941,Cross-platform foreground alliance,Grocery,Canned Goods,65.31,3,0.0,195.93,Bank Transfer,"South Jon, Hawaii",4.9,False,False
TXN00249,2022-09-23,09:50:22,a1ea96b1,58,Male,PROD1756,Proactive fault-tolerant budgetary management,Grocery,Beverages,38.1,5,0.0,190.5,Cash,"North Kimberlyview, Missouri",2.3,False,False
TXN00250,2022-09-22,09:50:22,18c92bba,26,Female,PROD4428,Advanced explicit project,Automotive,Parts,4.78,2,0.0,9.56,Credit Card,"Lake Kaitlyn, Indiana",3.5,False,False
TXN00251,2023-08-30,09:50:22,ebe3c517,29,Female,PROD7125,Automated systemic product,Health,Vitamins,48.36,2,0.0,96.72,Bank Transfer,"Meganchester, Rhode Island",2.5,False,False
TXN00252,2024-08-09,09:50:22,ca031d83,32,Male,PROD8406,Synchronized transitional strategy,Books,Educational,72.44,3,0.0,217.32,Bank Transfer,"North Charlesside, Nebraska",,False,False
TXN00253,2023-01-06,09:50:22,b6b1065d,26,Male,PROD5834,Ameliorated client-driven Graphical User Interface,Beauty,Fragrances,50.65,4,0.0,202.6,Cash,"Lake Christopher, Georgia",,False,False
TXN00254,2023-09-22,09:50:22,ad1b95d4,45,Female,PROD7021,User-centric clear-thinking process improvement,Health,Vitamins,1.99,4,0.0,7.96,Cash,"Bautistashire, North Dakota",2.7,False,False
TXN00255,2022-07-26,09:50:22,b10bac27,23,Female,PROD9220,Devolved didactic contingency,Toys,Action Figures,20.32,2,0.0,40.64,Cash,"Michelleside, Illinois",3.6,False,False
TXN00256,2022-10-20,09:50:22,2652e045,61,Female,PROD5096,Reactive user-facing help-desk,Beauty,Makeup,55.34,1,0.14,47.59,Bank Transfer,"Contrerasside, Washington",,False,False
TXN00257,2024-09-10,09:50:22,dc9b800b,67,Female,PROD5617,Multi-layered optimizing application,Beauty,Makeup,15.85,5,0.0,79.25,Bank Transfer,"Edwardtown, Nebraska",,False,False
TXN00258,2025-04-10,09:50:22,2aa61fee,43,Male,PROD4717,Extended logistical architecture,Toys,Educational,38.88,5,0.0,194.4,Credit Card,"Lake Denisetown, Maine",,False,True
TXN00259,2024-02-12,09:50:22,de00e726,39,Male,PROD6129,Triple-buffered clear-thinking projection,Grocery,Bakery,45.49,5,0.0,227.45,E-Wallet,"South Corymouth, Alaska",3.9,False,False
TXN00260,2023-10-22,09:50:22,34b23f3c,54,Male,PROD6006,Reduced methodical flexibility,Toys,Dolls,11.46,4,0.0,45.84,Bank Transfer,"West Kyleside, Tennessee",,False,True
TXN00261,2023-06-28,09:50:22,ee6f67f5,38,Male,PROD1527,Configurable coherent strategy,Sports,Team Sports,28.81,2,0.0,57.62,E-Wallet,"South Ronald, Arizona",4.1,False,True
TXN00262,2024-02-08,09:50:22,af59d092,31,Female,PROD2043,De-engineered systemic model,Sports,Cycling,1.99,5,0.0,9.95,Bank Transfer,"Williamsland, Indiana",4.5,False,True
TXN00263,2023-09-06,09:50:22,9fcc52f9,61,Male,PROD1525,Exclusive tertiary hardware,Clothing,Kids,19.27,5,0.0,96.35,Cash,"Lake Brianville, Maine",,False,False
TXN00264,2023-10-31,09:50:22,9dbdc6ed,60,Male,PROD8449,Cross-group grid-enabled monitoring,Electronics,Laptops,449.49,2,0.29,638.28,Cash,"Christopherstad, Tennessee",1.8,False,False
TXN00265,2024-07-24,09:50:22,72bd60b9,48,Male,PROD7373,Public-key full-range process improvement,Home & Kitchen,Cookware,32.66,4,0.0,130.64,Credit Card,"Fryestad, New Mexico",1.5,False,False
TXN00266,2023-01-29,09:50:22,aa3b701b,55,Male,PROD9232,Centralized homogeneous forecast,Home & Kitchen,Appliances,234.27,3,0.0,702.81,E-Wallet,"Bruceville, Delaware",1.6,False,False
TXN00267,2024-01-10,09:50:22,3c9d80d3,51,Female,PROD9043,Cross-platform directional strategy,Grocery,Snacks,1.99,2,0.0,3.98,E-Wallet,"Cynthiatown, New York",,False,False
TXN00268,2024-11-27,09:50:22,26ec9a2e,44,Male,PROD3942,Digitized didactic orchestration,Clothing,Kids,36.8,4,0.0,147.2,Cash,"Lawrencemouth, Rhode Island",,False,False
TXN00269,2024-02-12,09:50:22,9710b196,33,Male,PROD5485,Triple-buffered solution-oriented complexity,Books,Educational,32.61,2,0.0,65.22,Credit Card,"West Christine, Michigan",,False,False
TXN00270,2022-10-01,09:50:22,40607b41,22,Male,PROD9264,Fundamental systemic process improvement,Clothing,Women,93.24,4,0.0,372.96,Bank Transfer,"Port Michael, Oklahoma",1.5,False,False
TXN00271,2022-05-25,09:50:22,3bbc4803,58,Female,PROD7244,Upgradable system-worthy function,Books,Non-Fiction,1.99,3,0.0,5.97,Credit Card,"Kingside, Nebraska",,False,False
TXN00272,2024-11-29,09:50:22,3196eeae,49,Female,PROD2117,Function-based executive Internet solution,Grocery,Dairy,53.26,1,0.08,49.0,Debit Card,"Mariofurt, Colorado",2.3,False,False
TXN00273,2022-11-26,09:50:22,a926ccc1,56,Male,PROD3903,User-centric homogeneous superstructure,Books,Non-Fiction,30.2,4,0.0,120.8,Debit Card,"Lake Jill, California",,False,False
TXN00274,2022-10-03,09:50:22,8f1d114e,46,Female,PROD3915,Extended optimal instruction set,Toys,Dolls,10.37,1,0.0,10.37,Credit Card,"New Scottstad, Maine",,False,True
TXN00275,2023-07-16,09:50:22,d3b4c66f,42,Female,PROD8274,Profound 3rdgeneration interface,Automotive,Accessories,39.24,4,0.0,156.96,Bank Transfer,"Michaelaberg, Connecticut",,False,True
TXN00276,2025-03-07,09:50:22,7c4ed421,44,Male,PROD1238,Multi-channeled solution-oriented definition,Toys,Dolls,33.98,2,0.0,67.96,Debit Card,"South Jeremy, Louisiana",,False,True
TXN00277,2023-10-31,09:50:22,ed4e4126,44,Male,PROD6359,Organized grid-enabled data-warehouse,Clothing,Women,31.99,1,0.0,31.99,Debit Card,"Cruzshire, Kentucky",,False,False
TXN00278,2023-02-01,09:50:22,7f1762b0,24,Female,PROD6298,Streamlined 24/7 paradigm,Health,Supplements,31.4,5,0.0,157.0,E-Wallet,"Port Monica, Utah",,False,False
TXN00279,2024-04-19,09:50:22,aa4f39ef,59,Female,PROD1719,Innovative motivating hierarchy,Sports,Fitness,22.29,4,0.0,89.16,Debit Card,"Mcbrideberg, Utah",1.3,False,True
TXN00280,2022-09-23,09:50:22,6a0bfe27,34,Male,PROD6314,Ameliorated 6thgeneration interface,Beauty,Tools,32.27,4,0.0,129.08,Credit Card,"Olsenfort, New Jersey",,False,False
TXN00281,2023-09-18,09:50:22,67390259,22,Female,PROD1289,Polarized hybrid array,Home & Kitchen,Cookware,166.35,2,0.0,332.7,Cash,"New Cynthia, North Carolina",4.9,False,False
TXN00282,2024-05-31,09:50:22,5e6b23be,37,Male,PROD8020,Visionary web-enabled Local Area Network,Toys,Puzzles,61.72,2,0.0,123.44,Credit Card,"Schwartzland, Wisconsin",,False,False
TXN00283,2023-12-10,09:50:22,a1a6024f,59,Male,PROD4900,Multi-lateral 5thgeneration info-mediaries,Electronics,Laptops,252.44,3,0.0,757.32,Debit Card,"North Jonathanchester, Iowa",,False,False
TXN00284,2023-03-25,09:50:22,8da73f86,59,Female,PROD1388,Synchronized demand-driven info-mediaries,Books,Children,72.66,2,0.0,145.32,Credit Card,"Smithburgh, Kentucky",3.1,False,False
TXN00285,2024-10-19,09:50:22,d50f1462,56,Female,PROD9543,Up-sized high-level infrastructure,Sports,Outdoor,1.99,2,0.0,3.98,Debit Card,"Banksside, Kentucky",,False,False
TXN00286,2024-01-15,09:50:22,d6b6668d,23,Male,PROD9992,Polarized object-oriented forecast,Electronics,Smartphones,469.64,4,0.1,1690.7,Debit Card,"Christopherfurt, Vermont",,False,False
TXN00287,2025-04-23,09:50:22,54e1a5e6,33,Female,PROD3890,Expanded background paradigm,Grocery,Bakery,41.77,1,0.0,41.77,E-Wallet,"New Christophertown, Minnesota",,False,False
TXN00288,2022-05-22,09:50:22,db84772a,43,Female,PROD3748,Universal secondary attitude,Health,First Aid,35.62,2,0.0,71.24,E-Wallet,"New Marisa, Colorado",1.3,False,False
TXN00289,2024-01-09,09:50:22,5f970e2e,45,Male,PROD5918,Multi-tiered scalable emulation,Health,First Aid,17.55,2,0.0,35.1,E-Wallet,"South Jennifer, Pennsylvania",1.1,False,True
TXN00290,2022-12-04,09:50:22,50968a42,22,Female,PROD3238,Adaptive demand-driven info-mediaries,Home & Kitchen,Cookware,105.43,4,0.0,421.72,E-Wallet,"Mortonside, Florida",2.1,False,True
TXN00291,2023-02-05,09:50:22,fabf16c2,43,Female,PROD7292,Object-based multi-state database,Grocery,Snacks,20.14,1,0.0,20.14,Cash,"Barbaratown, New Jersey",3.0,False,False
TXN00292,2023-10-29,09:50:22,1764df22,30,Female,PROD5182,Managed didactic initiative,Health,Vitamins,18.21,4,0.0,72.84,Credit Card,"New Susan, Connecticut",,False,False
TXN00293,2022-12-28,09:50:22,746d19ba,45,Male,PROD4970,Multi-channeled zero administration service-desk,Sports,Cycling,46.99,4,0.0,187.96,Cash,"East Jamesmouth, Georgia",3.8,False,False
TXN00294,2022-12-11,09:50:22,de84e00f,34,Male,PROD3644,Optimized radical initiative,Sports,Fitness,37.14,2,0.0,74.28,E-Wallet,"Kimshire, Alaska",,True,False
TXN00295,2023-03-20,09:50:22,4735529b,45,Male,PROD7993,Up-sized directional monitoring,Toys,Educational,16.14,5,0.0,80.7,Credit Card,"West Vanessa, Mississippi",,False,False
TXN00296,2023-11-14,09:50:22,dc6cb8ea,24,Female,PROD3338,Polarized actuating time-frame,Automotive,Car Care,47.99,5,0.0,239.95,E-Wallet,"Benjaminbury, Wyoming",,False,True
TXN00297,2023-12-04,09:50:22,fe324655,67,Female,PROD9600,User-centric secondary structure,Toys,Games,36.15,1,0.0,36.15,E-Wallet,"Chenville, Kansas",,False,True
TXN00298,2023-07-11,09:50:22,69a5ab38,50,Male,PROD8383,Total encompassing attitude,Toys,Dolls,46.26,2,0.0,92.52,Debit Card,"East Johnton, Connecticut",,False,True
TXN00299,2024-04-07,09:50:22,057ea778,46,Male,PROD3721,Vision-oriented next generation focus group,Grocery,Snacks,42.59,2,0.0,85.18,Debit Card,"West Miranda, California",2.0,False,True
TXN00300,2023-06-26,09:50:22,b89004ba,61,Male,PROD1155,Reactive modular hierarchy,Clothing,Kids,25.13,1,0.0,25.13,Bank Transfer,"West Davidton, Missouri",1.9,False,False
TXN00301,2023-10-28,09:50:22,1f0843c0,49,Female,PROD6521,Sharable tertiary time-frame,Electronics,Cameras,387.96,1,0.18,318.13,Credit Card,"Smithberg, New Hampshire",2.5,False,False
TXN00302,2025-03-06,09:50:22,21683c8e,40,Female,PROD2641,Grass-roots systematic hardware,Sports,Team Sports,44.95,2,0.0,89.9,E-Wallet,"Patelbury, North Carolina",,True,False
TXN00303,2025-01-30,09:50:22,fefa75be,41,Female,PROD8785,Future-proofed 24/7 website,Toys,Dolls,42.21,1,0.0,42.21,Bank Transfer,"North Johnside, Illinois",,False,False
TXN00304,2023-10-02,09:50:22,fe720046,61,Female,PROD4826,Versatile upward-trending moratorium,Electronics,TVs,495.82,1,0.0,495.82,Credit Card,"East Susan, Massachusetts",4.9,False,False
TXN00305,2022-08-18,09:50:22,01c611a8,64,Female,PROD5814,Universal discrete productivity,Health,Vitamins,32.35,3,0.0,97.05,E-Wallet,"Martinhaven, South Dakota",,False,False
TXN00306,2022-11-11,09:50:22,120b443b,28,Female,PROD2895,Streamlined 4thgeneration info-mediaries,Automotive,Electronics,55.55,5,0.17,230.53,Credit Card,"North Kimberlyland, New York",2.2,False,False
TXN00307,2024-09-19,09:50:22,7521e050,28,Female,PROD7283,Devolved neutral initiative,Grocery,Beverages,18.17,2,0.0,36.34,Credit Card,"Hughesport, Nevada",,False,True
TXN00308,2023-11-23,09:50:22,ec25e928,23,Female,PROD4666,Function-based intermediate array,Beauty,Fragrances,40.94,1,0.0,40.94,Bank Transfer,"Matthewchester, Hawaii",3.5,False,False
TXN00309,2022-08-04,09:50:22,1eef9cde,69,Male,PROD4662,Versatile incremental orchestration,Health,Vitamins,25.96,3,0.0,77.88,E-Wallet,"New Kaitlynchester, Idaho",3.6,False,True
TXN00310,2022-05-13,09:50:22,38c46df9,54,Female,PROD3087,Networked actuating extranet,Clothing,Men,43.47,3,0.0,130.41,Debit Card,"East Ian, New Hampshire",,False,False
TXN00311,2024-03-19,09:50:22,aa2cfc1d,67,Female,PROD3069,Expanded even-keeled concept,Health,Vitamins,51.98,3,0.18,127.87,E-Wallet,"North Christineton, Louisiana",4.9,False,False
TXN00312,2023-01-28,09:50:22,3aa2c1ba,32,Female,PROD8467,Object-based 3rdgeneration algorithm,Grocery,Snacks,46.51,4,0.26,137.67,Cash,"Kathyview, Kentucky",1.6,False,True
TXN00313,2023-10-24,09:50:22,411d50f9,58,Male,PROD9110,Reactive multi-state productivity,Electronics,Cameras,662.7,3,0.0,1988.1,Credit Card,"South Glenda, New Jersey",2.1,False,False
TXN00314,2023-04-01,09:50:22,e2dce01c,62,Male,PROD3933,Cross-platform context-sensitive protocol,Electronics,TVs,761.1,2,0.0,1522.2,Debit Card,"Tannerburgh, Texas",,False,False
TXN00315,2024-10-26,09:50:22,6cb2cc20,40,Female,PROD7407,Multi-channeled logistical firmware,Beauty,Makeup,30.42,1,0.0,30.42,Cash,"Christianmouth, Florida",2.7,False,False
TXN00316,2024-09-27,09:50:22,e38b5b1e,63,Female,PROD8496,Customer-focused 3rdgeneration Graphic Interface,Beauty,Makeup,43.64,5,0.0,218.2,Debit Card,"Josephview, Michigan",,False,False
TXN00317,2022-05-25,09:50:22,3375d7b9,65,Male,PROD6934,Inverse optimal access,Books,Educational,23.79,3,0.0,71.37,Debit Card,"Victorport, South Carolina",,False,False
TXN00318,2022-12-21,09:50:22,1efe2660,40,Female,PROD3943,Inverse full-range firmware,Home & Kitchen,Decor,142.69,4,0.0,570.76,Debit Card,"Port Christy, Indiana",,False,True
TXN00319,2022-10-07,09:50:22,c3bf4013,33,Male,PROD2946,User-friendly mobile circuit,Automotive,Parts,27.4,5,0.0,137.0,Debit Card,"South Andrewbury, Kansas",3.5,False,False
TXN00320,2023-03-07,09:50:22,2c8e109b,35,Female,PROD7018,Reactive mobile capability,Health,Supplements,31.94,4,0.0,127.76,Credit Card,"New Kathleenchester, Arkansas",4.1,True,True
TXN00321,2022-07-18,09:50:22,e8c4f0db,35,Male,PROD3967,Automated heuristic productivity,Clothing,Shoes,67.85,5,0.0,339.25,Bank Transfer,"Brownside, Rhode Island",3.3,False,False
TXN00322,2024-05-31,09:50:22,03af5e5e,43,Female,PROD2047,Open-architected bandwidth-monitored alliance,Toys,Games,13.64,5,0.13,59.33,Bank Transfer,"West Kevinshire, Illinois",,False,False
TXN00323,2023-03-05,09:50:22,731ceae3,69,Female,PROD3015,Focused web-enabled conglomeration,Clothing,Women,112.77,1,0.2,90.22,Debit Card,"Duranmouth, Utah",1.0,True,False
TXN00324,2024-10-02,09:50:22,01174e8e,50,Female,PROD6956,Devolved demand-driven product,Home & Kitchen,Furniture,49.58,5,0.0,247.9,Credit Card,"New Johnstad, Alabama",,False,True
TXN00325,2023-01-22,09:50:22,bfb0dc1f,26,Female,PROD6127,Balanced logistical forecast,Electronics,Laptops,257.16,3,0.29,547.75,Cash,"Lewisview, Alaska",3.6,False,False
TXN00326,2022-07-30,09:50:22,1964c3fc,33,Male,PROD4081,Automated static adapter,Sports,Cycling,53.16,5,0.0,265.8,Credit Card,"Travischester, Wisconsin",,False,False
TXN00327,2024-01-27,09:50:22,dba3c828,64,Female,PROD2218,Exclusive regional matrix,Grocery,Beverages,45.83,5,0.0,229.15,Bank Transfer,"Jonberg, Florida",,False,True
TXN00328,2024-05-21,09:50:22,cb177ca5,52,Male,PROD2156,Innovative mobile approach,Home & Kitchen,Decor,163.69,4,0.11,582.74,E-Wallet,"New Taylor, New Hampshire",,False,True
TXN00329,2022-07-26,09:50:22,1f93ddaf,70,Male,PROD6183,Integrated non-volatile success,Grocery,Canned Goods,42.57,5,0.0,212.85,Bank Transfer,"Port Johnburgh, Virginia",3.4,False,False
TXN00330,2024-05-07,09:50:22,4733122b,22,Female,PROD2457,Diverse zero tolerance pricing structure,Electronics,Cameras,497.55,2,0.08,915.49,Credit Card,"Pricestad, Ohio",3.7,False,False
TXN00331,2023-07-10,09:50:22,48d22709,42,Male,PROD3023,Extended dedicated core,Beauty,Makeup,12.05,2,0.0,24.1,Credit Card,"New Kristine, Montana",,False,False
TXN00332,2023-09-29,09:50:22,080d2b15,56,Male,PROD1785,Synergized 24/7 architecture,Beauty,Tools,31.52,4,0.14,108.43,Bank Transfer,"Mendozahaven, Oregon",4.5,False,False
TXN00333,2022-12-02,09:50:22,21f3fc98,48,Male,PROD5244,Progressive background challenge,Toys,Dolls,16.46,3,0.0,49.38,Bank Transfer,"West Edwardhaven, South Dakota",3.2,True,False
TXN00334,2024-04-29,09:50:22,6909ec79,63,Male,PROD7852,Open-architected holistic hierarchy,Home & Kitchen,Appliances,188.26,2,0.0,376.52,Cash,"East Kimberlyfurt, Illinois",1.2,False,True
TXN00335,2024-08-15,09:50:22,bc99e643,37,Male,PROD6007,Cloned content-based knowledgebase,Sports,Yoga,27.06,5,0.0,135.3,E-Wallet,"Spencerhaven, Montana",,False,False
TXN00336,2023-03-18,09:50:22,954c5625,23,Female,PROD9074,Right-sized client-server product,Clothing,Men,25.24,1,0.0,25.24,Credit Card,"Lake Steven, Oregon",,False,True
TXN00337,2023-09-02,09:50:22,38fb0162,43,Male,PROD4115,Multi-tiered regional superstructure,Toys,Puzzles,23.57,2,0.0,47.14,Bank Transfer,"Annetteton, Idaho",,False,False
TXN00338,2023-04-03,09:50:22,3f66f64f,56,Female,PROD3761,Streamlined background circuit,Toys,Puzzles,38.26,3,0.0,114.78,Bank Transfer,"Port Johnchester, West Virginia",,False,False
TXN00339,2023-05-03,09:50:22,63763d91,45,Female,PROD7211,Enterprise-wide real-time capability,Automotive,Accessories,18.73,2,0.26,27.72,Bank Transfer,"South Alice, North Carolina",,False,False
TXN00340,2024-08-27,09:50:22,e9038a45,36,Female,PROD4490,Right-sized value-added capability,Sports,Outdoor,13.56,5,0.0,67.8,Credit Card,"Angelaside, Mississippi",2.2,True,False
TXN00341,2022-06-25,09:50:22,cb5c5d00,47,Female,PROD1942,Reverse-engineered object-oriented implementation,Toys,Dolls,34.87,3,0.0,104.61,Bank Transfer,"Crosston, Mississippi",,False,False
TXN00342,2023-05-08,09:50:22,09935916,24,Female,PROD9061,Universal content-based pricing structure,Sports,Team Sports,34.9,3,0.14,90.04,Debit Card,"Lake Michael, North Carolina",,False,False
TXN00343,2024-03-16,09:50:22,00a9e56a,32,Female,PROD7477,Reactive upward-trending Graphical User Interface,Home & Kitchen,Decor,84.51,1,0.0,84.51,Credit Card,"Vazquezhaven, Alabama",1.6,False,False
TXN00344,2024-08-26,09:50:22,fa2a46dd,65,Female,PROD1095,Versatile context-sensitive knowledge user,Home & Kitchen,Bedding,87.03,3,0.16,219.32,E-Wallet,"Aarontown, Pennsylvania",1.6,False,False
TXN00345,2023-09-26,09:50:22,cf55372a,20,Male,PROD4260,Organized homogeneous implementation,Grocery,Snacks,34.64,2,0.0,69.28,Debit Card,"Merrittchester, Pennsylvania",2.6,False,False
TXN00346,2023-11-03,09:50:22,e9bfb79f,38,Female,PROD9222,User-centric 4thgeneration adapter,Beauty,Skincare,1.99,4,0.0,7.96,E-Wallet,"Lake Alexandermouth, New Jersey",,False,False
TXN00347,2023-03-28,09:50:22,d274a722,50,Male,PROD4874,Compatible bi-directional migration,Toys,Dolls,1.99,1,0.0,1.99,Credit Card,"East Timothybury, Pennsylvania",1.5,False,False
TXN00348,2022-12-13,09:50:22,f707c93e,66,Female,PROD5059,Switchable tangible protocol,Toys,Puzzles,15.63,1,0.0,15.63,Cash,"Lake Andrew, Rhode Island",,False,False
TXN00349,2024-06-27,09:50:22,bf42a48a,60,Female,PROD4250,Extended intangible function,Home & Kitchen,Appliances,105.06,3,0.0,315.18,Cash,"Neilberg, California",,False,False
TXN00350,2022-07-24,09:50:22,14475bd4,32,Male,PROD3167,Diverse demand-driven parallelism,Clothing,Accessories,59.33,5,0.3,207.65,Bank Transfer,"Howardton, Montana",,False,True
TXN00351,2024-12-24,09:50:22,ff9b8ba5,62,Male,PROD4633,Monitored upward-trending protocol,Grocery,Beverages,59.51,4,0.1,214.24,Credit Card,"Fordland, Arkansas",2.5,False,False
TXN00352,2023-08-04,09:50:22,d9df6e24,63,Female,PROD5046,Programmable 3rdgeneration data-warehouse,Automotive,Car Care,47.15,1,0.0,47.15,Cash,"Stevensland, Massachusetts",2.5,False,True
TXN00353,2023-06-18,09:50:22,dc9ead5d,35,Male,PROD8059,Right-sized incremental Internet solution,Electronics,Smartphones,468.01,1,0.0,468.01,Cash,"Normanmouth, Oregon",1.8,False,False
TXN00354,2024-12-03,09:50:22,477ef21b,39,Female,PROD6920,Cloned multimedia moderator,Sports,Team Sports,29.62,3,0.22,69.31,Bank Transfer,"West Michaelland, Nevada",,False,False
TXN00355,2024-04-21,09:50:22,72c3616f,24,Male,PROD2971,Grass-roots cohesive function,Health,Medical,9.95,2,0.0,19.9,Debit Card,"South Debbieshire, Wisconsin",,True,False
TXN00356,2024-01-21,09:50:22,512c8aed,37,Female,PROD4309,Optional global interface,Grocery,Beverages,29.63,4,0.0,118.52,Credit Card,"Port Jasonview, Connecticut",4.8,False,True
TXN00357,2023-08-15,09:50:22,676cc9c7,41,Female,PROD2923,Reactive disintermediate collaboration,Home & Kitchen,Appliances,99.79,4,0.0,399.16,Cash,"West Cindy, West Virginia",4.6,False,True
TXN00358,2023-08-05,09:50:22,8c68210b,36,Male,PROD1996,Adaptive multi-tasking hardware,Toys,Puzzles,36.45,5,0.0,182.25,Debit Card,"North Emilyshire, Washington",,False,False
TXN00359,2022-06-23,09:50:22,8c8acdbf,53,Female,PROD7567,Proactive eco-centric paradigm,Toys,Educational,13.46,5,0.0,67.3,Credit Card,"Victoriastad, Arizona",1.7,False,True
TXN00360,2023-06-05,09:50:22,2b638d51,50,Female,PROD5971,Synchronized discrete function,Electronics,Laptops,603.87,5,0.0,3019.35,Credit Card,"Nicholeville, Rhode Island",4.5,False,True
TXN00361,2024-07-30,09:50:22,d5083664,35,Male,PROD5430,Intuitive empowering capacity,Beauty,Tools,60.65,1,0.06,57.01,Debit Card,"North William, Missouri",,False,True
TXN00362,2024-03-08,09:50:22,f64e55d4,23,Female,PROD3189,Distributed client-server application,Grocery,Beverages,27.82,5,0.21,109.89,Bank Transfer,"New Jonathan, New York",4.9,False,False
TXN00363,2023-11-27,09:50:22,1b4adb5c,29,Female,PROD1256,Synchronized asynchronous structure,Sports,Fitness,38.03,1,0.0,38.03,Debit Card,"East Matthew, Idaho",3.9,False,False
TXN00364,2022-09-25,09:50:22,0f8fa00e,70,Female,PROD4614,Configurable coherent function,Health,Vitamins,43.8,4,0.0,175.2,Cash,"North Brooke, Michigan",,False,True
TXN00365,2023-11-28,09:50:22,5ead27b3,23,Female,PROD3973,Synchronized exuding success,Toys,Dolls,21.98,4,0.0,87.92,E-Wallet,"Troychester, Minnesota",2.5,False,False
TXN00366,2024-04-24,09:50:22,dbc3e619,37,Male,PROD3911,Configurable analyzing task-force,Home & Kitchen,Appliances,135.69,5,0.0,678.45,Debit Card,"East Kimberly, Georgia",,False,False
TXN00367,2025-03-14,09:50:22,d016af2a,64,Male,PROD2633,Compatible modular contingency,Grocery,Snacks,30.25,2,0.11,53.84,E-Wallet,"Grimesmouth, Kentucky",,False,True
TXN00368,2024-08-01,09:50:22,a17310f6,68,Male,PROD2742,Diverse disintermediate middleware,Electronics,Smartphones,519.54,2,0.0,1039.08,Credit Card,"Kennedymouth, North Carolina",,False,False
TXN00369,2024-03-14,09:50:22,a30cb25e,37,Female,PROD8846,Self-enabling mission-critical monitoring,Clothing,Women,26.81,2,0.0,53.62,Bank Transfer,"South Diana, Florida",,False,True
TXN00370,2022-07-01,09:50:22,aba036ce,27,Male,PROD4675,Cloned hybrid focus group,Beauty,Tools,30.49,1,0.06,28.66,Bank Transfer,"Morrisonville, North Dakota",2.2,True,False
TXN00371,2022-12-28,09:50:22,21831966,49,Male,PROD2804,Phased bandwidth-monitored capacity,Home & Kitchen,Cookware,154.86,3,0.0,464.58,E-Wallet,"South Caleb, Louisiana",,False,False
TXN00372,2023-10-22,09:50:22,e602390e,20,Male,PROD3917,Assimilated zero tolerance projection,Beauty,Haircare,59.02,1,0.0,59.02,Credit Card,"Brownmouth, Iowa",,False,False
TXN00373,2023-05-06,09:50:22,799fe104,40,Male,PROD5441,Sharable 24/7 knowledge user,Home & Kitchen,Decor,187.15,2,0.0,374.3,Cash,"East Jeremy, Virginia",3.5,False,False
TXN00374,2023-10-31,09:50:22,76dbb859,38,Male,PROD7399,Multi-lateral background database,Beauty,Skincare,73.06,1,0.0,73.06,Debit Card,"East Sarahtown, Louisiana",,False,False
TXN00375,2022-07-23,09:50:22,ed909e2b,26,Male,PROD7308,Compatible neutral hub,Books,Fiction,14.65,1,0.0,14.65,Cash,"Lake Margaret, New Jersey",1.6,False,False
TXN00376,2022-12-14,09:50:22,31eff704,42,Female,PROD9144,Innovative heuristic groupware,Books,Educational,47.45,5,0.0,237.25,Cash,"Amymouth, Pennsylvania",,False,False
TXN00377,2024-10-11,09:50:22,c0ace6d6,62,Male,PROD4853,Universal bottom-line pricing structure,Automotive,Accessories,33.67,4,0.23,103.7,Bank Transfer,"East Jacquelineshire, Oklahoma",,False,True
TXN00378,2024-04-12,09:50:22,7fc311e0,40,Female,PROD3283,Pre-emptive cohesive monitoring,Electronics,TVs,937.96,5,0.0,4689.8,Debit Card,"South Charleneville, Michigan",,False,True
TXN00379,2024-02-07,09:50:22,656dcb55,25,Male,PROD7184,Upgradable intangible workforce,Automotive,Car Care,13.83,2,0.0,27.66,Debit Card,"East Alanport, New Mexico",,False,False
TXN00380,2024-10-15,09:50:22,7cd244f5,19,Male,PROD6984,Front-line needs-based access,Toys,Games,13.21,1,0.0,13.21,Bank Transfer,"Port Stephanie, Nevada",,False,True
TXN00381,2025-03-18,09:50:22,8120e358,48,Female,PROD6526,Switchable full-range ability,Electronics,Cameras,380.12,4,0.1,1368.43,Debit Card,"Farmerhaven, Colorado",4.0,False,False
TXN00382,2022-12-28,09:50:22,9b6691fc,50,Male,PROD1178,Synergistic mobile concept,Electronics,TVs,75.22,1,0.27,54.91,Credit Card,"Aaronhaven, Oklahoma",,False,False
TXN00383,2024-07-02,09:50:22,490cfbcd,45,Male,PROD5453,Robust background open system,Books,Cookbooks,19.48,3,0.0,58.44,Bank Transfer,"Simonmouth, Arkansas",,False,False
TXN00384,2023-05-30,09:50:22,11603c65,70,Female,PROD8821,Right-sized human-resource success,Home & Kitchen,Appliances,66.86,4,0.0,267.44,Debit Card,"Smithland, South Dakota",,False,False
TXN00385,2023-10-09,09:50:22,adcfedad,24,Male,PROD6942,Organized 6thgeneration utilization,Toys,Dolls,33.01,1,0.0,33.01,E-Wallet,"West Rachel, North Carolina",,False,False
TXN00386,2022-08-04,09:50:22,f3adab21,30,Male,PROD1530,Upgradable interactive help-desk,Electronics,Laptops,568.35,3,0.08,1568.65,Debit Card,"Richardchester, Wisconsin",3.4,False,True
TXN00387,2024-10-15,09:50:22,56f8e4ef,23,Female,PROD1138,Mandatory multimedia support,Health,Wellness,67.52,1,0.0,67.52,E-Wallet,"Clarkbury, Oregon",1.2,False,False
TXN00388,2022-05-09,09:50:22,54444e91,62,Male,PROD6428,Profit-focused composite hub,Toys,Puzzles,49.01,2,0.0,98.02,E-Wallet,"East Lukeshire, Oregon",,False,False
TXN00389,2025-04-04,09:50:22,f7f4272c,36,Male,PROD3482,Pre-emptive eco-centric Internet solution,Clothing,Accessories,32.69,2,0.25,49.03,E-Wallet,"Port Cynthiaton, Maryland",,False,True
TXN00390,2023-06-13,09:50:22,8a69d025,50,Female,PROD8331,Ameliorated explicit neural-net,Clothing,Women,23.05,2,0.0,46.1,Debit Card,"East Jamie, Utah",,False,False
TXN00391,2024-05-20,09:50:22,478d82d1,27,Female,PROD2595,Function-based impactful solution,Sports,Cycling,39.84,4,0.23,122.71,E-Wallet,"Port Christopher, Kansas",,False,True
TXN00392,2024-10-05,09:50:22,a484b06f,28,Male,PROD5589,Right-sized zero tolerance adapter,Beauty,Tools,3.6,1,0.0,3.6,E-Wallet,"Coopertown, Kansas",2.3,False,False
TXN00393,2022-09-26,09:50:22,db808311,59,Male,PROD3031,Face-to-face value-added Graphic Interface,Clothing,Women,104.94,4,0.0,419.76,E-Wallet,"Priceshire, West Virginia",4.9,False,False
TXN00394,2024-03-12,09:50:22,a7d16514,46,Female,PROD9396,Grass-roots real-time structure,Sports,Team Sports,53.59,4,0.0,214.36,Bank Transfer,"West April, New York",,False,False
TXN00395,2024-02-07,09:50:22,5c0d7fec,57,Male,PROD5011,User-friendly system-worthy archive,Sports,Fitness,20.62,4,0.0,82.48,Cash,"East Lisa, Texas",,False,False
TXN00396,2023-01-16,09:50:22,47671f0a,32,Female,PROD8573,Up-sized radical pricing structure,Home & Kitchen,Furniture,1.99,3,0.0,5.97,Bank Transfer,"Mejiachester, Maine",,False,False
TXN00397,2024-01-11,09:50:22,83860097,67,Female,PROD4268,Vision-oriented static conglomeration,Books,Cookbooks,57.08,4,0.1,205.49,Credit Card,"Evanmouth, New Jersey",4.7,False,True
TXN00398,2025-03-09,09:50:22,2b5f2536,20,Male,PROD8699,Organized cohesive implementation,Sports,Cycling,27.71,4,0.0,110.84,E-Wallet,"East Brian, Florida",1.5,False,True
TXN00399,2024-01-29,09:50:22,954047c9,68,Female,PROD8756,Seamless solution-oriented conglomeration,Health,Vitamins,54.76,5,0.0,273.8,Credit Card,"Dianeshire, Montana",4.7,False,True
TXN00400,2024-08-19,09:50:22,cafef1ac,35,Female,PROD2338,Horizontal transitional encryption,Electronics,Headphones,181.11,3,0.0,543.33,Debit Card,"South Kristinmouth, Alaska",,False,False
TXN00401,2024-03-04,09:50:22,8a9fe74f,23,Female,PROD6603,Sharable fresh-thinking task-force,Toys,Puzzles,18.01,2,0.0,36.02,Cash,"East Tiffanyside, Kentucky",,False,True
TXN00402,2024-08-07,09:50:22,ed061e50,62,Female,PROD6811,Phased even-keeled firmware,Grocery,Canned Goods,30.1,4,0.0,120.4,Bank Transfer,"Millershire, Wisconsin",,False,False
TXN00403,2024-01-01,09:50:22,d08657c6,60,Female,PROD1232,Compatible encompassing productivity,Electronics,Cameras,509.4,5,0.23,1961.19,Bank Transfer,"Chelseyburgh, Texas",3.5,False,False
TXN00404,2023-01-21,09:50:22,2ab5f8a5,46,Male,PROD8361,Total human-resource instruction set,Home & Kitchen,Decor,88.5,3,0.29,188.5,E-Wallet,"South Jenniferburgh, Utah",,False,False
TXN00405,2023-06-02,09:50:22,0672f5ac,31,Female,PROD4436,Virtual uniform intranet,Electronics,Laptops,624.57,2,0.0,1249.14,Bank Transfer,"Rachelfurt, Minnesota",4.1,False,False
TXN00406,2024-09-13,09:50:22,7674d3bb,50,Male,PROD9177,Automated grid-enabled support,Health,Vitamins,8.65,3,0.0,25.95,Credit Card,"Markshire, Texas",2.2,False,False
TXN00407,2024-06-20,09:50:22,3aea4054,25,Male,PROD8517,User-centric optimal task-force,Toys,Games,27.15,3,0.0,81.45,E-Wallet,"Stephaniemouth, Florida",3.1,False,True
TXN00408,2023-04-27,09:50:22,ca6acb29,58,Female,PROD2625,Distributed coherent orchestration,Health,Supplements,32.41,5,0.0,162.05,Cash,"North Benjaminchester, Michigan",4.4,False,False
TXN00409,2024-01-12,09:50:22,4babd464,58,Female,PROD9247,Re-engineered demand-driven structure,Clothing,Men,65.43,1,0.0,65.43,E-Wallet,"Craneton, Louisiana",,False,True
TXN00410,2024-08-14,09:50:22,e5f37ed7,30,Female,PROD3038,Adaptive zero-defect ability,Beauty,Fragrances,44.23,2,0.0,88.46,E-Wallet,"Jasonshire, Georgia",,False,False
TXN00411,2022-05-06,09:50:22,b44700c5,60,Female,PROD6036,Seamless demand-driven software,Books,Educational,7.51,4,0.14,25.83,Debit Card,"Westmouth, Kentucky",3.0,False,False
TXN00412,2024-01-18,09:50:22,35a5d0f3,27,Female,PROD9502,Re-engineered web-enabled protocol,Toys,Dolls,1.99,1,0.0,1.99,E-Wallet,"Clarkhaven, New Hampshire",,False,False
TXN00413,2023-12-14,09:50:22,80b17f51,30,Female,PROD1845,Quality-focused 6thgeneration extranet,Sports,Outdoor,55.55,5,0.0,277.75,Debit Card,"Lake Devinport, Maryland",3.2,False,False
TXN00414,2023-07-10,09:50:22,9200366d,32,Male,PROD3069,Persevering exuding policy,Home & Kitchen,Decor,143.26,2,0.0,286.52,Cash,"South Sandra, Oklahoma",3.1,False,False
TXN00415,2024-10-02,09:50:22,753f0f80,18,Male,PROD1455,Managed value-added time-frame,Toys,Games,15.03,5,0.13,65.38,Credit Card,"North Latoyaview, Michigan",1.4,False,False
TXN00416,2024-02-24,09:50:22,c4391e9a,29,Male,PROD4633,Synergistic logistical time-frame,Clothing,Accessories,96.53,4,0.23,297.31,E-Wallet,"Port Jamesland, Massachusetts",3.5,False,False
TXN00417,2024-12-13,09:50:22,88005992,58,Male,PROD2694,Function-based multimedia parallelism,Grocery,Dairy,32.31,3,0.0,96.93,Cash,"South Nathanburgh, Wyoming",,False,False
TXN00418,2024-10-26,09:50:22,1821a044,41,Male,PROD7402,Total neutral paradigm,Clothing,Men,85.38,2,0.0,170.76,Debit Card,"Mirandafort, New York",1.4,False,False
TXN00419,2024-10-27,09:50:22,d675ed9f,42,Female,PROD8387,Right-sized modular paradigm,Toys,Action Figures,31.35,4,0.0,125.4,Credit Card,"Cassidyport, Missouri",1.8,False,True
TXN00420,2023-07-17,09:50:22,d0ba9de7,40,Female,PROD9953,Synergistic fault-tolerant strategy,Electronics,Laptops,912.15,5,0.0,4560.75,Credit Card,"Thomastown, North Dakota",1.5,True,False
TXN00421,2025-03-17,09:50:22,9340e474,31,Female,PROD2880,Re-contextualized value-added model,Beauty,Skincare,65.11,2,0.0,130.22,Bank Transfer,"North Victoria, Wyoming",,False,True
TXN00422,2024-12-30,09:50:22,bfe311fa,30,Male,PROD6710,Switchable system-worthy groupware,Home & Kitchen,Appliances,102.57,1,0.0,102.57,Debit Card,"New Rebeccahaven, Louisiana",2.1,False,False
TXN00423,2023-04-18,09:50:22,4b1d5482,29,Male,PROD5605,Programmable logistical leverage,Books,Educational,49.43,4,0.0,197.72,E-Wallet,"West Christopherside, Alabama",4.7,False,True
TXN00424,2022-10-26,09:50:22,f4a73e90,45,Female,PROD6222,Managed modular info-mediaries,Health,Medical,42.91,2,0.0,85.82,E-Wallet,"North Jillhaven, North Carolina",2.7,False,False
TXN00425,2023-12-08,09:50:22,85e6d390,50,Female,PROD7714,Streamlined full-range task-force,Toys,Dolls,57.37,5,0.0,286.85,Credit Card,"Lake Peter, Missouri",,False,False
TXN00426,2025-03-26,09:50:22,418d1f18,40,Male,PROD2190,Persevering reciprocal process improvement,Automotive,Parts,10.7,4,0.09,38.95,Cash,"Fordfort, New Hampshire",,False,False
TXN00427,2024-03-22,09:50:22,127df2a8,32,Male,PROD7317,Synergized grid-enabled frame,Home & Kitchen,Cookware,168.02,1,0.22,131.06,Cash,"West Philip, West Virginia",1.9,False,True
TXN00428,2022-11-13,09:50:22,610fc977,54,Female,PROD8130,Reduced holistic attitude,Grocery,Snacks,51.17,5,0.0,255.85,Bank Transfer,"Anthonyshire, Minnesota",,False,False
TXN00429,2023-08-30,09:50:22,9a7ea381,46,Male,PROD6355,Exclusive secondary portal,Grocery,Snacks,1.99,4,0.0,7.96,Cash,"East Renee, Maryland",,False,True
TXN00430,2024-01-31,09:50:22,e7c3015b,36,Male,PROD7599,Open-architected stable frame,Electronics,TVs,263.35,1,0.0,263.35,Bank Transfer,"North Garrettshire, West Virginia",5.0,True,False
TXN00431,2023-08-09,09:50:22,984cbec4,64,Female,PROD5500,Fundamental 6thgeneration function,Automotive,Tools,1.99,3,0.0,5.97,Credit Card,"New Shanemouth, Idaho",2.9,False,False
TXN00432,2023-06-17,09:50:22,cad2d24a,49,Male,PROD7126,Customizable intangible installation,Clothing,Accessories,41.92,3,0.0,125.76,Credit Card,"East Stephanieview, Washington",2.6,False,True
TXN00433,2023-03-03,09:50:22,54ba96bd,30,Female,PROD9807,Profit-focused national instruction set,Grocery,Snacks,44.35,1,0.3,31.04,E-Wallet,"Lake Joshua, Pennsylvania",,False,False
TXN00434,2022-06-25,09:50:22,7c54a6ef,35,Male,PROD3257,Profit-focused 3rdgeneration definition,Electronics,TVs,800.47,1,0.29,568.33,Credit Card,"Cherylfort, Mississippi",2.1,False,True
TXN00435,2022-08-08,09:50:22,0a3262f5,51,Male,PROD8830,Up-sized neutral functionalities,Sports,Outdoor,31.48,5,0.0,157.4,E-Wallet,"South Janeborough, Alaska",,False,False
TXN00436,2023-09-19,09:50:22,3ede29e6,60,Male,PROD2278,Customer-focused interactive knowledge user,Sports,Yoga,62.57,2,0.24,95.11,Credit Card,"South Donaldhaven, Missouri",,False,False
TXN00437,2025-01-03,09:50:22,417baa52,39,Male,PROD9644,Up-sized even-keeled focus group,Grocery,Snacks,2.4,2,0.0,4.8,E-Wallet,"New Brianbury, Kansas",,False,False
TXN00438,2022-10-02,09:50:22,4da72f6d,41,Female,PROD8412,Optional logistical forecast,Beauty,Fragrances,1.99,2,0.0,3.98,Credit Card,"Schaeferberg, Alabama",,False,False
TXN00439,2024-11-23,09:50:22,1a35ef9b,27,Female,PROD2755,Extended radical migration,Toys,Dolls,28.89,1,0.0,28.89,Debit Card,"East Alexis, Ohio",,False,True
TXN00440,2024-08-31,09:50:22,eaf5bccb,53,Male,PROD6806,Synergized clear-thinking Graphical User Interface,Books,Non-Fiction,37.68,3,0.22,88.17,E-Wallet,"Lake Donaldhaven, Connecticut",,False,True
TXN00441,2023-06-08,09:50:22,c2dcc137,21,Female,PROD7923,Team-oriented intangible function,Automotive,Car Care,29.35,5,0.0,146.75,E-Wallet,"Lake Catherine, Wisconsin",,False,True
TXN00442,2024-06-30,09:50:22,038af732,61,Male,PROD5078,Object-based explicit functionalities,Home & Kitchen,Bedding,1.99,3,0.0,5.97,E-Wallet,"South Ginaburgh, Kentucky",,False,True
TXN00443,2025-02-11,09:50:22,35c74951,32,Female,PROD7421,Universal 4thgeneration groupware,Electronics,Smartphones,482.18,5,0.0,2410.9,Credit Card,"Petersburgh, Wisconsin",3.1,False,True
TXN00444,2024-08-01,09:50:22,5e5ea747,64,Male,PROD2544,Cloned encompassing implementation,Beauty,Fragrances,3.91,2,0.1,7.04,Cash,"Christinatown, New Jersey",3.8,False,False
TXN00445,2023-09-17,09:50:22,271f76c9,28,Male,PROD6442,Front-line contextually-based orchestration,Health,First Aid,43.39,3,0.0,130.17,Debit Card,"Lake Sheliaburgh, Michigan",,False,True
TXN00446,2023-03-04,09:50:22,ca4ff145,28,Male,PROD6769,Synergized human-resource product,Electronics,Headphones,573.32,4,0.0,2293.28,Debit Card,"South Debbiechester, Alabama",,False,False
TXN00447,2022-05-17,09:50:22,35216441,32,Male,PROD3401,Robust next generation infrastructure,Books,Non-Fiction,11.2,4,0.25,33.6,Bank Transfer,"Port Edward, Michigan",3.7,False,True
TXN00448,2022-12-10,09:50:22,ea00f0d8,34,Female,PROD8516,Customizable full-range moderator,Sports,Yoga,19.72,4,0.0,78.88,Bank Transfer,"Lake Patrickberg, Connecticut",2.0,True,False
TXN00449,2024-09-22,09:50:22,d4138611,27,Female,PROD4608,Multi-layered bottom-line paradigm,Sports,Cycling,8.82,5,0.0,44.1,Cash,"East Heatherland, Virginia",,False,True
TXN00450,2023-07-28,09:50:22,e5a7152e,30,Female,PROD2768,Compatible clear-thinking capacity,Books,Fiction,28.75,2,0.0,57.5,E-Wallet,"Lisashire, Oregon",,False,False
TXN00451,2023-05-01,09:50:22,c41ac14a,55,Female,PROD5526,Quality-focused web-enabled website,Automotive,Car Care,49.1,5,0.28,176.76,Cash,"East Robertport, Nevada",4.6,False,True
TXN00452,2025-03-31,09:50:22,fca61e5e,36,Male,PROD1136,Managed next generation software,Automotive,Parts,10.29,5,0.25,38.59,Bank Transfer,"Perryfurt, Arizona",4.9,False,False
TXN00453,2024-12-12,09:50:22,5410ef6d,37,Female,PROD5722,Digitized composite open system,Books,Non-Fiction,40.08,5,0.0,200.4,Bank Transfer,"Port Joelfurt, Maine",,False,True
TXN00454,2022-08-16,09:50:22,55af65bc,37,Male,PROD8050,Centralized secondary circuit,Books,Fiction,19.39,2,0.0,38.78,Bank Transfer,"East Jasmine, Rhode Island",1.5,False,False
TXN00455,2023-09-28,09:50:22,026901d6,23,Female,PROD3337,Monitored radical secured line,Electronics,TVs,341.43,2,0.0,682.86,Cash,"Marthaton, Oregon",,False,True
TXN00456,2023-01-09,09:50:22,362e99af,69,Female,PROD7923,Proactive bi-directional definition,Health,Vitamins,27.86,3,0.0,83.58,E-Wallet,"Flowersland, Oklahoma",,False,False
TXN00457,2024-11-25,09:50:22,f7a1624e,69,Male,PROD4268,Function-based asynchronous access,Beauty,Haircare,9.3,5,0.0,46.5,Bank Transfer,"North Adamfort, Wisconsin",2.7,False,False
TXN00458,2023-02-03,09:50:22,cc18adf3,68,Female,PROD2573,Customer-focused asynchronous frame,Grocery,Canned Goods,18.93,3,0.19,46.0,E-Wallet,"Lake Michael, New Jersey",3.2,False,False
TXN00459,2024-12-12,09:50:22,5f4978ca,47,Male,PROD1432,Synergistic secondary definition,Sports,Cycling,6.04,3,0.0,18.12,E-Wallet,"Kristinaton, Delaware",2.9,False,False
TXN00460,2025-04-27,09:50:22,fe95927f,57,Female,PROD1877,De-engineered heuristic conglomeration,Home & Kitchen,Bedding,257.53,3,0.0,772.59,Bank Transfer,"West Dylan, Arkansas",,False,False
TXN00461,2024-02-14,09:50:22,7bccf8a2,23,Male,PROD5426,Down-sized maximized utilization,Toys,Action Figures,30.71,4,0.0,122.84,Bank Transfer,"North Matthew, Arizona",,False,False
TXN00462,2024-10-28,09:50:22,9c4701ed,21,Male,PROD9369,Open-source foreground knowledge user,Sports,Cycling,16.01,1,0.0,16.01,Bank Transfer,"Jenniferfort, Oklahoma",2.9,False,True
TXN00463,2025-03-04,09:50:22,355174e6,37,Female,PROD1105,Cross-group national moderator,Grocery,Bakery,34.28,2,0.0,68.56,E-Wallet,"Brittanyton, Kentucky",,False,False
TXN00464,2024-09-25,09:50:22,46d22496,31,Male,PROD8761,Seamless client-driven intranet,Grocery,Snacks,27.75,1,0.2,22.2,Credit Card,"Lake Jacob, North Carolina",,True,False
TXN00465,2024-11-04,09:50:22,e2316ac3,52,Female,PROD8194,Multi-channeled multi-state customer loyalty,Toys,Action Figures,25.58,1,0.0,25.58,E-Wallet,"New James, Georgia",,False,False
TXN00466,2023-03-27,09:50:22,4454fcec,48,Female,PROD5751,Fully-configurable radical productivity,Toys,Dolls,42.28,1,0.25,31.71,Debit Card,"Lake Johnshire, Montana",,False,True
TXN00467,2025-01-02,09:50:22,5c013217,47,Female,PROD7960,Fully-configurable secondary portal,Health,First Aid,45.15,3,0.0,135.45,E-Wallet,"New Gregorymouth, Arizona",,False,True
TXN00468,2024-11-12,09:50:22,562b9209,26,Female,PROD8509,Managed discrete matrices,Clothing,Accessories,34.08,4,0.13,118.6,Bank Transfer,"Charleschester, Rhode Island",2.8,False,False
TXN00469,2023-10-18,09:50:22,b50884d4,29,Male,PROD6764,Cloned exuding analyzer,Sports,Cycling,18.48,5,0.0,92.4,Bank Transfer,"New Markmouth, Hawaii",,False,False
TXN00470,2023-09-24,09:50:22,c203c954,59,Female,PROD7168,Open-source 4thgeneration Graphical User Interface,Books,Non-Fiction,24.5,3,0.0,73.5,Cash,"East Tina, Missouri",,False,False
TXN00471,2023-11-24,09:50:22,a6ed1c11,55,Female,PROD7615,Proactive contextually-based Graphic Interface,Home & Kitchen,Bedding,1.99,5,0.0,9.95,Bank Transfer,"Taylorview, Delaware",2.0,False,True
TXN00472,2025-04-07,09:50:22,65e43764,38,Male,PROD4876,Devolved interactive toolset,Home & Kitchen,Appliances,13.94,1,0.0,13.94,E-Wallet,"South Gregorybury, Minnesota",4.7,False,False
TXN00473,2025-01-22,09:50:22,eada92c9,46,Female,PROD1482,Object-based background customer loyalty,Toys,Educational,57.34,1,0.11,51.03,Credit Card,"Kimberlyton, Virginia",,False,False
TXN00474,2023-09-07,09:50:22,a2aaa195,34,Female,PROD8168,Innovative motivating customer loyalty,Books,Educational,62.9,2,0.0,125.8,Bank Transfer,"Rasmussenberg, Minnesota",,False,True
TXN00475,2023-11-19,09:50:22,53e3b2e8,58,Male,PROD4334,Front-line bandwidth-monitored contingency,Home & Kitchen,Decor,102.57,5,0.0,512.85,Debit Card,"Arellanoburgh, Texas",,True,True
TXN00476,2024-10-22,09:50:22,921c2527,30,Male,PROD8761,Team-oriented clear-thinking definition,Electronics,TVs,615.31,4,0.0,2461.24,Credit Card,"Nicholsonberg, Oregon",2.4,False,False
TXN00477,2022-10-11,09:50:22,b5556229,26,Female,PROD2653,Front-line bifurcated Local Area Network,Automotive,Accessories,36.23,1,0.0,36.23,E-Wallet,"Howardbury, South Carolina",,False,True
TXN00478,2023-12-12,09:50:22,989d296a,42,Female,PROD2113,Devolved fresh-thinking collaboration,Health,Wellness,91.58,3,0.26,203.31,Cash,"Moorefurt, Wyoming",4.7,False,True
TXN00479,2023-08-29,09:50:22,ae360988,43,Male,PROD9944,Customer-focused discrete process improvement,Beauty,Skincare,52.39,5,0.0,261.95,Bank Transfer,"Andrewsport, Wisconsin",4.7,False,True
TXN00480,2023-11-13,09:50:22,83e83016,26,Male,PROD9963,Progressive exuding policy,Books,Children,27.44,1,0.16,23.05,Debit Card,"Lake David, Maine",,False,False
TXN00481,2024-03-23,09:50:22,259c146a,40,Male,PROD7819,Polarized heuristic website,Electronics,Laptops,308.89,4,0.29,877.25,Bank Transfer,"Smithside, Florida",,False,False
TXN00482,2024-02-19,09:50:22,25df9291,20,Female,PROD9316,Synchronized systematic time-frame,Clothing,Accessories,1.99,4,0.0,7.96,Cash,"Kevinburgh, North Carolina",,False,False
TXN00483,2022-10-18,09:50:22,2a5ad533,61,Male,PROD8899,Persistent didactic help-desk,Books,Children,34.07,2,0.06,64.05,Debit Card,"New Emily, Nevada",3.1,False,False
TXN00484,2023-02-13,09:50:22,543949de,40,Male,PROD6621,Managed encompassing process improvement,Home & Kitchen,Decor,67.06,4,0.0,268.24,Credit Card,"Port Kevin, Ohio",2.8,False,True
TXN00485,2023-03-10,09:50:22,633a3a32,64,Male,PROD1931,Fundamental bifurcated protocol,Grocery,Snacks,1.99,5,0.15,8.46,Bank Transfer,"Port Deborah, Georgia",,False,True
TXN00486,2023-08-22,09:50:22,0b861829,36,Male,PROD7517,Robust composite benchmark,Home & Kitchen,Cookware,74.74,1,0.0,74.74,Bank Transfer,"South Elizabethside, Oklahoma",,False,True
TXN00487,2024-06-28,09:50:22,307d6b36,32,Female,PROD5959,Inverse optimal knowledgebase,Clothing,Men,17.55,3,0.0,52.65,Debit Card,"Sullivanfort, North Carolina",3.0,False,False
TXN00488,2023-03-14,09:50:22,3d9c2be5,21,Female,PROD7731,Enhanced content-based Internet solution,Beauty,Makeup,63.74,5,0.0,318.7,Cash,"Johnsonborough, New Jersey",,False,False
TXN00489,2023-07-18,09:50:22,859a61f3,25,Female,PROD3325,Organic attitude-oriented service-desk,Beauty,Skincare,47.63,2,0.0,95.26,Bank Transfer,"Christopherfort, Connecticut",,True,True
TXN00490,2022-09-14,09:50:22,afe6bbcb,37,Male,PROD1978,Customer-focused actuating conglomeration,Books,Educational,29.84,1,0.26,22.08,Cash,"Smithmouth, Montana",2.1,False,False
TXN00491,2024-09-01,09:50:22,59663234,29,Female,PROD9724,User-centric object-oriented middleware,Books,Fiction,59.6,4,0.0,238.4,Credit Card,"West Rebecca, Kentucky",1.9,False,False
TXN00492,2024-08-17,09:50:22,5047a4cc,69,Male,PROD1448,Proactive object-oriented function,Automotive,Parts,31.55,1,0.0,31.55,Cash,"Martinshire, Tennessee",4.7,False,False
TXN00493,2024-03-13,09:50:22,663c9005,52,Female,PROD7944,Total encompassing ability,Toys,Educational,12.77,1,0.0,12.77,Bank Transfer,"Lake David, Connecticut",2.6,False,False
TXN00494,2024-12-15,09:50:22,debfeaf7,26,Male,PROD5598,Universal bottom-line initiative,Automotive,Parts,60.46,2,0.0,120.92,E-Wallet,"Port Angela, Wyoming",,False,False
TXN00495,2024-09-03,09:50:22,1fe39f5b,41,Female,PROD5104,Organized heuristic framework,Clothing,Women,66.17,5,0.0,330.85,Bank Transfer,"Williamsborough, Tennessee",2.6,False,False
TXN00496,2022-09-10,09:50:22,ca53bd30,46,Female,PROD1282,Managed optimizing core,Health,Vitamins,9.26,1,0.0,9.26,Cash,"Julieborough, Michigan",,False,False
TXN00497,2023-07-03,09:50:22,fa8f0aac,35,Female,PROD2049,Grass-roots needs-based hardware,Sports,Yoga,26.19,5,0.0,130.95,Credit Card,"Coreyfurt, Mississippi",,False,True
TXN00498,2024-09-12,09:50:22,f68d36a7,32,Male,PROD1630,Polarized cohesive middleware,Beauty,Haircare,12.49,4,0.21,39.47,Debit Card,"Williamsonberg, New Mexico",,False,False
TXN00499,2024-07-11,09:50:22,c915661b,34,Male,PROD6789,Self-enabling neutral database,Books,Cookbooks,2.34,3,0.23,5.41,Credit Card,"Simpsonshire, Alaska",4.8,False,True
TXN00500,2022-06-15,09:50:22,c0a9cf7a,38,Female,PROD7815,Realigned bi-directional product,Grocery,Canned Goods,48.52,1,0.16,40.76,Bank Transfer,"East Johnland, Nevada",,False,False
TXN00501,2024-06-23,09:50:22,7f3d8b0c,59,Female,PROD8711,Synchronized explicit Graphic Interface,Beauty,Makeup,68.19,1,0.0,68.19,Cash,"Lake Robinville, Colorado",2.3,False,True
TXN00502,2025-01-06,09:50:22,3409fb16,69,Female,PROD9368,Diverse neutral productivity,Electronics,Laptops,220.29,3,0.28,475.83,Bank Transfer,"East Mary, Massachusetts",,False,False
TXN00503,2022-05-18,09:50:22,642e3f14,42,Male,PROD2266,Proactive holistic forecast,Health,Medical,41.26,2,0.0,82.52,Bank Transfer,"Lake Michaelhaven, Colorado",,False,False
TXN00504,2024-04-25,09:50:22,95efaae6,51,Male,PROD8738,Extended content-based initiative,Health,Wellness,16.99,5,0.0,84.95,E-Wallet,"New Tammy, Kansas",,False,False
TXN00505,2024-01-07,09:50:22,3a698c41,33,Female,PROD4782,Multi-channeled eco-centric conglomeration,Sports,Team Sports,20.26,2,0.0,40.52,Cash,"Robertland, Oklahoma",4.6,False,False
TXN00506,2024-07-12,09:50:22,f1fafa2d,53,Male,PROD6935,Operative 4thgeneration paradigm,Clothing,Women,32.23,4,0.0,128.92,E-Wallet,"Lake Erikahaven, New Jersey",2.4,False,False
TXN00507,2024-09-10,09:50:22,e4bbf6f7,67,Female,PROD3263,Vision-oriented reciprocal attitude,Books,Educational,12.72,2,0.0,25.44,Debit Card,"Lake Travisburgh, Hawaii",,False,False
TXN00508,2023-07-31,09:50:22,83c3a03d,29,Female,PROD1254,Distributed zero tolerance solution,Sports,Team Sports,30.97,1,0.16,26.01,Debit Card,"Staffordshire, Kentucky",,False,False
TXN00509,2025-01-29,09:50:22,d52db1f3,22,Male,PROD9436,Operative directional task-force,Automotive,Car Care,13.38,1,0.06,12.58,E-Wallet,"South Penny, Maine",,False,False
TXN00510,2023-07-29,09:50:22,2ccffbe2,25,Female,PROD6515,Public-key web-enabled superstructure,Toys,Games,35.41,2,0.0,70.82,Bank Transfer,"West Krystal, Connecticut",2.0,False,False
TXN00511,2023-11-15,09:50:22,10ec5e58,36,Female,PROD3205,Multi-tiered asymmetric budgetary management,Electronics,Smartphones,489.95,3,0.0,1469.85,E-Wallet,"East Brianfurt, Arizona",3.5,False,False
TXN00512,2024-10-14,09:50:22,be95ce81,42,Female,PROD8185,Reactive intermediate project,Health,Wellness,25.22,1,0.05,23.96,Bank Transfer,"Sweeneystad, Utah",2.5,False,False
TXN00513,2025-01-24,09:50:22,73d5231a,36,Female,PROD7292,Organic high-level toolset,Beauty,Skincare,11.85,2,0.0,23.7,Cash,"East Kimberlyborough, West Virginia",1.2,False,True
TXN00514,2022-07-04,09:50:22,dd7954d8,24,Female,PROD5666,Re-engineered hybrid definition,Home & Kitchen,Furniture,79.63,2,0.0,159.26,Cash,"Rileyhaven, Indiana",3.3,False,True
TXN00515,2024-07-10,09:50:22,1b035529,56,Male,PROD4795,Open-source multi-state groupware,Books,Educational,45.11,2,0.0,90.22,Cash,"North Allison, Georgia",4.8,False,True
TXN00516,2024-03-24,09:50:22,cd1c3ec8,52,Male,PROD1109,Organic optimal implementation,Grocery,Bakery,40.02,5,0.0,200.1,Credit Card,"Robinsonmouth, California",,False,False
TXN00517,2024-08-11,09:50:22,83f467aa,51,Male,PROD8435,Cross-group composite alliance,Sports,Outdoor,10.45,3,0.0,31.35,Bank Transfer,"East Randy, Idaho",2.7,False,True
TXN00518,2023-04-09,09:50:22,39bdd46c,64,Male,PROD6795,Polarized attitude-oriented service-desk,Clothing,Shoes,52.98,4,0.0,211.92,Credit Card,"Lisaland, Louisiana",4.5,False,False
TXN00519,2024-12-18,09:50:22,597b78a0,63,Female,PROD1628,Virtual next generation collaboration,Grocery,Snacks,45.03,3,0.13,117.53,E-Wallet,"Amandaland, Connecticut",,False,False
TXN00520,2023-01-22,09:50:22,6f265f61,33,Male,PROD7163,Quality-focused stable process improvement,Automotive,Parts,1.99,2,0.0,3.98,Credit Card,"South William, Colorado",,False,True
TXN00521,2025-05-03,09:50:22,b99823b2,58,Male,PROD9459,Inverse context-sensitive throughput,Grocery,Canned Goods,40.87,4,0.25,122.61,E-Wallet,"Browningmouth, Wyoming",,False,False
TXN00522,2022-06-30,09:50:22,e1b26196,20,Female,PROD5310,Upgradable zero tolerance open architecture,Electronics,Headphones,367.48,1,0.0,367.48,Bank Transfer,"Brooksfort, Delaware",,False,False
TXN00523,2024-07-20,09:50:22,9acb118e,36,Female,PROD9031,Pre-emptive local process improvement,Grocery,Canned Goods,41.41,4,0.0,165.64,Debit Card,"East Scott, Indiana",,False,False
TXN00524,2022-06-30,09:50:22,96b04d24,44,Female,PROD6331,Persevering holistic knowledgebase,Sports,Cycling,14.73,4,0.0,58.92,Debit Card,"Whitehaven, Florida",1.4,False,False
TXN00525,2022-10-24,09:50:22,53d530e2,67,Female,PROD9014,Customer-focused exuding analyzer,Home & Kitchen,Decor,1.99,3,0.0,5.97,Cash,"West Anthony, North Dakota",,False,False
TXN00526,2024-09-29,09:50:22,c79c3e3b,34,Female,PROD7737,Synergistic multi-tasking matrix,Electronics,TVs,174.49,3,0.0,523.47,E-Wallet,"New Julie, West Virginia",1.2,False,False
TXN00527,2023-02-07,09:50:22,78d0c6df,37,Female,PROD7714,Cloned system-worthy conglomeration,Toys,Games,30.96,1,0.0,30.96,Debit Card,"Palmershire, South Carolina",,False,False
TXN00528,2024-12-06,09:50:22,58bebf2d,56,Male,PROD1345,Sharable logistical throughput,Automotive,Accessories,35.19,1,0.0,35.19,Bank Transfer,"Theresabury, Oklahoma",,False,True
TXN00529,2023-05-13,09:50:22,c100680c,28,Female,PROD4757,Synchronized multimedia system engine,Sports,Team Sports,11.91,5,0.06,55.98,Debit Card,"South Abigailstad, Arkansas",,False,True
TXN00530,2022-08-16,09:50:22,1307927e,19,Male,PROD9216,Inverse multi-tasking throughput,Sports,Team Sports,42.77,4,0.0,171.08,Debit Card,"Thompsonbury, Georgia",,False,False
TXN00531,2023-10-20,09:50:22,1184400c,70,Female,PROD7565,Down-sized holistic emulation,Home & Kitchen,Cookware,3.69,3,0.21,8.75,Debit Card,"South Patrick, Wisconsin",,False,False
TXN00532,2024-06-20,09:50:22,f3a6811f,24,Female,PROD4183,Ergonomic dynamic data-warehouse,Beauty,Skincare,28.68,1,0.23,22.08,E-Wallet,"Latashatown, Oklahoma",,False,False
TXN00533,2024-03-06,09:50:22,78ccc0ad,24,Female,PROD8723,Versatile responsive secured line,Sports,Yoga,5.78,5,0.0,28.9,Cash,"Roberthaven, Virginia",,False,False
TXN00534,2023-07-13,09:50:22,772874fc,42,Male,PROD9143,Reverse-engineered foreground middleware,Grocery,Dairy,16.96,5,0.0,84.8,Cash,"Port Christopher, Kansas",,False,False
TXN00535,2024-11-22,09:50:22,92763006,46,Female,PROD8811,Synchronized demand-driven task-force,Automotive,Tools,30.95,4,0.0,123.8,Credit Card,"Portermouth, Tennessee",,False,False
TXN00536,2024-03-05,09:50:22,f123124c,27,Female,PROD8758,Object-based solution-oriented help-desk,Sports,Outdoor,12.79,1,0.09,11.64,E-Wallet,"Daviston, New Mexico",,False,False
TXN00537,2024-03-27,09:50:22,e78c43ea,20,Female,PROD7660,Public-key secondary time-frame,Grocery,Snacks,22.31,4,0.0,89.24,Cash,"Lake Annette, Iowa",,False,True
TXN00538,2024-06-20,09:50:22,bba08b66,38,Female,PROD8913,Grass-roots eco-centric algorithm,Grocery,Bakery,50.13,4,0.0,200.52,Cash,"East Sydneyside, Kentucky",,False,False
TXN00539,2023-11-26,09:50:22,523dbc4f,28,Male,PROD3722,Universal static functionalities,Clothing,Men,32.69,4,0.0,130.76,E-Wallet,"Pricehaven, Rhode Island",,False,False
TXN00540,2024-09-15,09:50:22,4e2e40c5,43,Male,PROD5861,Stand-alone system-worthy hub,Clothing,Men,75.07,4,0.0,300.28,Bank Transfer,"Atkinsside, Mississippi",2.9,False,False
TXN00541,2023-10-04,09:50:22,2944040a,27,Female,PROD9572,Adaptive modular knowledgebase,Beauty,Tools,7.41,3,0.0,22.23,Cash,"Stanleyview, Delaware",,False,False
TXN00542,2022-10-20,09:50:22,6bcbbf56,65,Male,PROD3690,Focused transitional model,Sports,Cycling,40.6,5,0.0,203.0,E-Wallet,"Port Suzanneberg, Oregon",1.8,False,False
TXN00543,2024-12-24,09:50:22,ddafdc36,30,Male,PROD9810,Switchable explicit core,Electronics,TVs,788.31,4,0.17,2617.19,Credit Card,"Ericshire, Massachusetts",,False,True
TXN00544,2022-06-14,09:50:22,7aa6e6d0,58,Male,PROD4156,Polarized dynamic circuit,Health,First Aid,1.99,5,0.14,8.56,Bank Transfer,"Sethport, Oregon",4.5,False,False
TXN00545,2022-08-20,09:50:22,f0d5a478,22,Male,PROD2687,Re-contextualized hybrid model,Toys,Puzzles,14.06,3,0.0,42.18,E-Wallet,"East Michael, South Dakota",,False,True
TXN00546,2024-04-21,09:50:22,2f076014,69,Female,PROD4429,Centralized value-added capacity,Beauty,Tools,41.54,1,0.18,34.06,E-Wallet,"South Lindachester, California",2.3,False,False
TXN00547,2023-08-08,09:50:22,413e411a,26,Female,PROD7969,Open-architected reciprocal complexity,Grocery,Snacks,25.94,5,0.09,118.03,Credit Card,"Port Adambury, Washington",,False,False
TXN00548,2022-09-23,09:50:22,45f59e1c,40,Female,PROD9552,Monitored dynamic architecture,Automotive,Tools,37.42,2,0.0,74.84,E-Wallet,"New Derekberg, Nebraska",4.1,False,True
TXN00549,2022-07-27,09:50:22,462f8f41,53,Female,PROD9029,Visionary attitude-oriented solution,Health,Supplements,17.92,2,0.0,35.84,Cash,"West Jason, Idaho",3.8,False,True
TXN00550,2022-07-08,09:50:22,0bd65455,47,Female,PROD7948,Synergized 24hour algorithm,Clothing,Accessories,52.6,4,0.0,210.4,Debit Card,"Munozbury, Virginia",1.1,False,False
TXN00551,2023-09-24,09:50:22,4ae92052,51,Male,PROD1091,Future-proofed scalable policy,Grocery,Dairy,26.89,3,0.24,61.31,Credit Card,"New Amber, Mississippi",1.8,False,False
TXN00552,2023-06-18,09:50:22,07f88c47,59,Female,PROD7525,Vision-oriented methodical hierarchy,Sports,Team Sports,53.36,5,0.0,266.8,Bank Transfer,"New Tracyborough, Wyoming",2.1,True,False
TXN00553,2022-06-16,09:50:22,d44cce0c,56,Female,PROD9033,Streamlined mission-critical data-warehouse,Beauty,Haircare,35.09,1,0.0,35.09,Credit Card,"West Lisa, Wyoming",4.5,False,False
TXN00554,2023-03-14,09:50:22,25c7f7a5,63,Male,PROD3156,Multi-layered exuding model,Automotive,Tools,36.75,1,0.0,36.75,Bank Transfer,"Ryanstad, Wisconsin",,False,False
TXN00555,2023-09-06,09:50:22,5c41314c,30,Male,PROD6450,Assimilated bi-directional access,Clothing,Men,37.64,4,0.0,150.56,Credit Card,"Kentberg, Delaware",2.3,False,False
TXN00556,2023-01-19,09:50:22,420f8ff5,44,Male,PROD2064,Phased system-worthy hierarchy,Sports,Outdoor,20.25,5,0.0,101.25,Cash,"West Anthony, Oklahoma",3.1,False,False
TXN00557,2024-12-30,09:50:22,cbebe8fd,29,Male,PROD6098,Assimilated scalable artificial intelligence,Home & Kitchen,Cookware,89.72,1,0.06,84.34,Bank Transfer,"Tuckerstad, New Jersey",1.8,False,False
TXN00558,2022-12-26,09:50:22,3f77255a,23,Male,PROD2483,Implemented upward-trending monitoring,Sports,Yoga,37.89,5,0.0,189.45,Credit Card,"Clarkstad, Mississippi",3.3,False,True
TXN00559,2023-07-26,09:50:22,16175382,47,Male,PROD5042,Integrated attitude-oriented initiative,Sports,Cycling,21.58,1,0.0,21.58,Credit Card,"East Kimberlyberg, Nevada",1.9,False,False
TXN00560,2024-12-13,09:50:22,986c6f55,44,Male,PROD4084,Intuitive 4thgeneration intranet,Grocery,Beverages,35.8,3,0.23,82.7,Debit Card,"New Jeffrey, Illinois",2.1,False,True
TXN00561,2023-10-12,09:50:22,8e6eb939,40,Female,PROD3793,Triple-buffered grid-enabled framework,Beauty,Haircare,71.51,4,0.0,286.04,E-Wallet,"East Sarah, Alabama",2.4,True,False
TXN00562,2024-05-30,09:50:22,a460fc64,31,Female,PROD9253,Automated disintermediate function,Toys,Dolls,47.42,5,0.0,237.1,E-Wallet,"Lindseyville, Colorado",2.4,False,False
TXN00563,2023-04-14,09:50:22,81fd4c2b,20,Male,PROD9471,Face-to-face attitude-oriented system engine,Beauty,Skincare,23.48,5,0.0,117.4,Cash,"Joannahaven, Nevada",1.9,False,True
TXN00564,2022-12-26,09:50:22,49c95ab6,38,Male,PROD6879,Universal zero tolerance project,Home & Kitchen,Decor,204.08,5,0.0,1020.4,Bank Transfer,"Lake Susan, Idaho",,False,True
TXN00565,2023-04-06,09:50:22,565100cb,37,Male,PROD8648,Innovative maximized conglomeration,Toys,Educational,21.84,3,0.0,65.52,Credit Card,"Stephaniechester, Texas",1.7,False,False
TXN00566,2024-02-02,09:50:22,bac74fff,33,Female,PROD7114,Expanded neutral access,Books,Cookbooks,1.99,4,0.0,7.96,E-Wallet,"Reillyville, Alabama",3.9,False,False
TXN00567,2022-12-13,09:50:22,e848b078,44,Female,PROD5413,Visionary dynamic analyzer,Toys,Games,9.84,1,0.0,9.84,Debit Card,"Port Kurtside, Washington",,False,False
TXN00568,2022-06-27,09:50:22,4a65315a,54,Male,PROD3128,Compatible leadingedge synergy,Electronics,Laptops,125.84,5,0.13,547.4,Bank Transfer,"Mejiashire, California",,False,False
TXN00569,2024-02-03,09:50:22,21640bce,43,Male,PROD8546,Diverse coherent utilization,Electronics,Smartphones,429.7,3,0.0,1289.1,Debit Card,"Barrybury, California",4.2,True,True
TXN00570,2024-06-12,09:50:22,e434c2f6,27,Female,PROD1081,Adaptive 24/7 task-force,Home & Kitchen,Cookware,121.29,3,0.11,323.84,Debit Card,"North Monica, Wisconsin",,False,False
TXN00571,2024-07-26,09:50:22,16a7522c,63,Male,PROD2569,Synchronized next generation firmware,Books,Cookbooks,63.53,4,0.0,254.12,E-Wallet,"Williamsshire, Iowa",3.7,False,False
TXN00572,2023-06-16,09:50:22,4cfb7796,40,Female,PROD1440,Intuitive composite contingency,Home & Kitchen,Decor,142.88,3,0.0,428.64,E-Wallet,"New Kimberly, Kansas",,False,False
TXN00573,2022-10-08,09:50:22,167b16e6,22,Male,PROD3262,Enterprise-wide tangible Internet solution,Grocery,Canned Goods,25.62,3,0.0,76.86,Credit Card,"North Clayton, Tennessee",3.4,False,True
TXN00574,2023-09-15,09:50:22,3da93e6b,37,Female,PROD8875,Expanded holistic website,Beauty,Fragrances,46.59,1,0.0,46.59,Debit Card,"Lake Michael, Kentucky",2.7,True,False
TXN00575,2022-11-30,09:50:22,e6d76ff7,69,Male,PROD6673,Programmable bottom-line encryption,Toys,Dolls,1.99,2,0.0,3.98,Bank Transfer,"North Jose, North Carolina",4.3,False,True
TXN00576,2024-01-13,09:50:22,62e5d5d2,18,Female,PROD7581,Devolved 5thgeneration middleware,Toys,Action Figures,34.71,2,0.0,69.42,Bank Transfer,"South Katherinestad, Massachusetts",3.0,False,True
TXN00577,2023-01-08,09:50:22,39db3998,63,Female,PROD9765,Realigned next generation circuit,Toys,Games,45.42,1,0.0,45.42,E-Wallet,"West Adam, Ohio",3.0,False,True
TXN00578,2022-07-29,09:50:22,6275eb60,63,Female,PROD4237,Configurable uniform customer loyalty,Home & Kitchen,Decor,16.5,5,0.0,82.5,Credit Card,"Sanchezville, Rhode Island",1.6,False,False
TXN00579,2024-04-16,09:50:22,7360f1a9,47,Female,PROD1820,Monitored logistical budgetary management,Books,Educational,52.88,1,0.0,52.88,Credit Card,"Clinehaven, Tennessee",1.5,False,False
TXN00580,2025-05-01,09:50:22,6b96260b,36,Female,PROD7833,Networked methodical ability,Beauty,Fragrances,36.77,3,0.0,110.31,Credit Card,"New Jenniferland, Montana",,True,False
TXN00581,2024-09-29,09:50:22,48ba4e30,33,Male,PROD2377,Secured neutral monitoring,Electronics,Cameras,416.94,1,0.0,416.94,Credit Card,"East Samuelmouth, Delaware",3.1,False,True
TXN00582,2024-06-02,09:50:22,f6112eac,70,Female,PROD1665,Sharable actuating Internet solution,Home & Kitchen,Decor,164.29,4,0.0,657.16,Cash,"Gibsonland, New York",,False,False
TXN00583,2022-09-24,09:50:22,13be268d,45,Female,PROD1366,Extended tangible policy,Home & Kitchen,Bedding,278.95,1,0.0,278.95,Credit Card,"Lake Holly, Texas",2.4,False,False
TXN00584,2025-03-07,09:50:22,0f3936f0,57,Male,PROD1800,Progressive real-time help-desk,Clothing,Shoes,55.46,1,0.0,55.46,Bank Transfer,"Molinamouth, Arkansas",2.0,False,False
TXN00585,2024-04-03,09:50:22,4427a1b5,61,Female,PROD5467,Customer-focused 24hour matrix,Toys,Games,34.96,2,0.0,69.92,Credit Card,"West Brian, Georgia",,True,True
TXN00586,2022-05-31,09:50:22,ce3d7998,24,Male,PROD4683,Enhanced solution-oriented adapter,Toys,Dolls,20.81,3,0.0,62.43,Bank Transfer,"East Mark, Iowa",4.2,True,False
TXN00587,2024-09-12,09:50:22,050194d6,58,Female,PROD9871,Stand-alone interactive implementation,Clothing,Accessories,24.5,3,0.0,73.5,Bank Transfer,"East Margaret, Missouri",4.3,False,False
TXN00588,2025-02-02,09:50:22,26863dc1,31,Male,PROD7390,Up-sized reciprocal throughput,Electronics,TVs,666.07,3,0.0,1998.21,E-Wallet,"Jodyview, Utah",1.6,False,True
TXN00589,2022-12-08,09:50:22,6867b85b,37,Female,PROD6166,Monitored foreground budgetary management,Health,Vitamins,12.88,4,0.0,51.52,Cash,"Melvinport, Kansas",1.3,False,False
TXN00590,2024-10-09,09:50:22,3cef0c49,66,Female,PROD9040,Multi-layered bi-directional collaboration,Home & Kitchen,Bedding,125.01,5,0.14,537.54,E-Wallet,"Mollyfurt, Alabama",,False,False
TXN00591,2024-05-16,09:50:22,f273ed80,31,Male,PROD5740,Robust zero administration website,Automotive,Accessories,20.45,4,0.0,81.8,Credit Card,"Jonesmouth, Wisconsin",,False,True
TXN00592,2024-12-02,09:50:22,18aa12e0,38,Female,PROD2730,Extended actuating conglomeration,Toys,Puzzles,39.58,4,0.0,158.32,Debit Card,"Port Bryan, Washington",2.7,False,False
TXN00593,2023-03-15,09:50:22,c182805b,66,Female,PROD5690,Distributed secondary application,Sports,Cycling,36.67,5,0.0,183.35,Debit Card,"Swansonberg, New Hampshire",4.4,False,False
TXN00594,2024-10-13,09:50:22,74e1a929,42,Female,PROD7852,Secured mobile matrix,Home & Kitchen,Decor,192.63,3,0.26,427.64,E-Wallet,"Lake Garrett, Maine",,False,False
TXN00595,2023-05-01,09:50:22,a6128cf7,19,Female,PROD5095,Multi-lateral analyzing artificial intelligence,Health,Supplements,19.8,2,0.0,39.6,Bank Transfer,"South Luisville, Louisiana",5.0,False,False
TXN00596,2025-04-08,09:50:22,9c5df453,28,Female,PROD7046,Exclusive fresh-thinking implementation,Clothing,Kids,41.9,1,0.0,41.9,E-Wallet,"New Shannon, Georgia",,False,True
TXN00597,2023-11-10,09:50:22,a935cd48,47,Male,PROD8268,Profit-focused motivating emulation,Books,Non-Fiction,10.42,3,0.07,29.07,Credit Card,"North Allisonstad, Oregon",1.8,False,False
TXN00598,2025-01-20,09:50:22,ac1a71a3,33,Female,PROD2144,Optional bi-directional product,Books,Cookbooks,21.11,1,0.0,21.11,Cash,"Rachelfort, New Mexico",,True,True
TXN00599,2024-12-13,09:50:22,9f071d69,63,Male,PROD9751,Networked executive frame,Toys,Puzzles,37.55,4,0.0,150.2,Credit Card,"Michelleborough, New Jersey",4.1,False,False
TXN00600,2024-10-14,09:50:22,c19c7f17,45,Male,PROD2697,Profound mobile synergy,Electronics,TVs,651.4,4,0.0,2605.6,Credit Card,"Lake Dorothy, Oregon",2.5,False,True
TXN00601,2023-11-06,09:50:22,acba8930,68,Female,PROD4442,Intuitive incremental forecast,Health,Vitamins,11.56,2,0.0,23.12,Cash,"Port Brianville, Georgia",,False,False
TXN00602,2024-02-25,09:50:22,24126891,39,Female,PROD5225,Synergized neutral Internet solution,Clothing,Shoes,76.09,4,0.0,304.36,Cash,"Melissaport, South Carolina",2.4,False,False
TXN00603,2023-09-20,09:50:22,56256b54,63,Female,PROD6024,Up-sized scalable definition,Home & Kitchen,Appliances,214.89,5,0.0,1074.45,Debit Card,"Dustinborough, Utah",4.5,False,True
TXN00604,2022-10-30,09:50:22,18f580dd,27,Female,PROD7295,Organized national project,Beauty,Fragrances,38.27,4,0.0,153.08,Debit Card,"Murphymouth, Kentucky",,False,True
TXN00605,2023-11-28,09:50:22,1a8b7e43,48,Male,PROD6639,Adaptive optimal migration,Grocery,Bakery,67.54,3,0.05,192.49,Cash,"East Laura, Rhode Island",3.9,False,False
TXN00606,2024-11-14,09:50:22,752485f5,29,Female,PROD7223,Balanced non-volatile Local Area Network,Automotive,Parts,14.52,5,0.0,72.6,E-Wallet,"Alexanderbury, Wisconsin",3.6,True,False
TXN00607,2023-09-17,09:50:22,a8446741,59,Male,PROD6840,Sharable composite encoding,Sports,Outdoor,5.11,3,0.0,15.33,Debit Card,"Teresaburgh, North Carolina",,False,False
TXN00608,2024-12-12,09:50:22,8f1fc1ea,58,Male,PROD6398,Function-based composite paradigm,Electronics,Cameras,144.26,2,0.0,288.52,Cash,"West Kyletown, Wyoming",3.7,False,True
TXN00609,2024-06-20,09:50:22,64308bb2,33,Female,PROD3993,Devolved web-enabled implementation,Automotive,Electronics,59.92,1,0.0,59.92,Credit Card,"Port Justin, Connecticut",,False,False
TXN00610,2024-03-24,09:50:22,bc328a54,65,Male,PROD2043,Reactive modular approach,Grocery,Beverages,43.09,4,0.29,122.38,Cash,"Matthewland, New Mexico",,False,True
TXN00611,2022-07-03,09:50:22,81799584,47,Male,PROD9797,Progressive 24/7 open architecture,Beauty,Skincare,28.89,2,0.0,57.78,Bank Transfer,"Reynoldsville, Rhode Island",4.0,False,True
TXN00612,2025-02-11,09:50:22,eff813a8,56,Female,PROD5914,Re-engineered multimedia software,Clothing,Women,58.4,4,0.07,217.25,Debit Card,"West Sandra, Massachusetts",,False,False
TXN00613,2024-03-01,09:50:22,3294cb40,34,Female,PROD5435,Streamlined transitional algorithm,Clothing,Shoes,16.24,2,0.0,32.48,Bank Transfer,"Johnsonport, Tennessee",,False,True
TXN00614,2023-05-13,09:50:22,7affa168,39,Female,PROD9242,Function-based upward-trending productivity,Automotive,Car Care,78.92,5,0.0,394.6,Cash,"New Adam, Indiana",,False,False
TXN00615,2025-01-28,09:50:22,19f7ac64,29,Male,PROD8078,Reduced zero-defect core,Home & Kitchen,Decor,129.05,1,0.0,129.05,Bank Transfer,"Port Taylorport, New York",,False,True
TXN00616,2023-07-14,09:50:22,25074830,31,Female,PROD9221,Mandatory foreground capacity,Books,Children,32.19,5,0.0,160.95,Debit Card,"East Derek, Minnesota",,False,False
TXN00617,2024-05-01,09:50:22,5d3ecb9c,38,Male,PROD4144,Multi-lateral 24/7 Graphical User Interface,Books,Fiction,44.52,3,0.0,133.56,Debit Card,"Beasleyburgh, Tennessee",,False,False
TXN00618,2023-10-17,09:50:22,04feb4ce,67,Female,PROD4747,Persistent interactive software,Home & Kitchen,Bedding,153.67,2,0.0,307.34,Bank Transfer,"Hartmanville, Hawaii",4.9,False,False
TXN00619,2024-04-02,09:50:22,1394a945,46,Female,PROD7968,Automated disintermediate Graphic Interface,Beauty,Haircare,34.48,2,0.0,68.96,Cash,"North Teresa, North Dakota",4.3,False,False
TXN00620,2023-11-29,09:50:22,e9007b97,47,Female,PROD1319,Horizontal optimizing matrices,Electronics,Headphones,341.91,1,0.0,341.91,Cash,"Randallfort, Hawaii",,False,True
TXN00621,2023-11-22,09:50:22,903bf51d,69,Male,PROD9240,User-friendly responsive intranet,Beauty,Haircare,39.43,3,0.16,99.36,E-Wallet,"Lake Lori, Connecticut",,False,True
TXN00622,2022-05-26,09:50:22,b4c432ec,20,Female,PROD8979,Proactive hybrid access,Clothing,Women,106.46,2,0.0,212.92,E-Wallet,"Hilltown, Arizona",4.8,False,False
TXN00623,2025-03-29,09:50:22,99ddf6d5,36,Male,PROD8730,Assimilated systematic throughput,Health,First Aid,56.91,1,0.21,44.96,Cash,"Johnnyhaven, Pennsylvania",3.2,False,False
TXN00624,2023-06-01,09:50:22,585f483c,53,Male,PROD8180,Programmable well-modulated conglomeration,Sports,Yoga,61.86,2,0.0,123.72,Bank Transfer,"Myerstown, New Jersey",,False,False
TXN00625,2022-10-28,09:50:22,3f3d841e,68,Female,PROD6918,Distributed dedicated superstructure,Beauty,Tools,19.78,5,0.0,98.9,Credit Card,"West Rogerborough, Vermont",,False,False
TXN00626,2023-09-12,09:50:22,75caaa26,61,Female,PROD5183,Sharable mission-critical definition,Grocery,Beverages,10.21,3,0.0,30.63,E-Wallet,"Lake Rhonda, Vermont",,False,False
TXN00627,2024-08-15,09:50:22,91f37e3a,50,Female,PROD1265,Re-engineered secondary knowledgebase,Home & Kitchen,Furniture,111.19,4,0.0,444.76,E-Wallet,"New Daniel, Michigan",,False,False
TXN00628,2025-01-30,09:50:22,6454fa07,65,Male,PROD2509,Digitized fault-tolerant capability,Automotive,Parts,31.11,5,0.0,155.55,Bank Transfer,"North Dianaview, Rhode Island",,False,False
TXN00629,2023-09-10,09:50:22,c6f48ad8,57,Male,PROD2197,Mandatory zero-defect functionalities,Automotive,Accessories,51.88,5,0.0,259.4,Credit Card,"South Toni, Minnesota",3.3,False,False
TXN00630,2025-01-05,09:50:22,6081607f,29,Female,PROD8439,Open-architected fresh-thinking algorithm,Beauty,Fragrances,1.99,4,0.0,7.96,Debit Card,"North Beverly, Idaho",,False,False
TXN00631,2025-02-04,09:50:22,4ae1684d,19,Male,PROD4690,Expanded hybrid neural-net,Toys,Action Figures,60.59,4,0.0,242.36,Credit Card,"Ninahaven, Tennessee",3.5,False,True
TXN00632,2024-11-08,09:50:22,3b8eec57,63,Male,PROD4094,Realigned holistic artificial intelligence,Grocery,Bakery,26.84,3,0.0,80.52,Debit Card,"East Thomashaven, Arizona",4.1,False,True
TXN00633,2022-06-10,09:50:22,d7cbcac5,22,Female,PROD6166,Enterprise-wide didactic project,Home & Kitchen,Furniture,90.12,1,0.0,90.12,Credit Card,"Swansonton, South Dakota",4.1,False,False
TXN00634,2022-11-12,09:50:22,3bf9d688,67,Female,PROD1447,Front-line contextually-based leverage,Grocery,Canned Goods,9.76,2,0.0,19.52,Cash,"Valerieberg, North Carolina",,False,False
TXN00635,2023-12-29,09:50:22,8bfb2f35,46,Female,PROD4254,Operative national encoding,Books,Fiction,1.99,4,0.27,5.81,Debit Card,"Kristychester, West Virginia",2.5,False,False
TXN00636,2023-08-02,09:50:22,dea78903,28,Male,PROD2971,Virtual responsive instruction set,Clothing,Men,74.7,2,0.0,149.4,Bank Transfer,"Robinsontown, Virginia",,False,False
TXN00637,2024-08-11,09:50:22,7611a8cc,50,Male,PROD8486,Centralized scalable forecast,Sports,Team Sports,31.47,4,0.3,88.12,Bank Transfer,"Port Amyfort, North Dakota",2.4,True,False
TXN00638,2023-09-16,09:50:22,d99d4018,59,Female,PROD4757,Horizontal foreground emulation,Toys,Educational,4.2,1,0.0,4.2,Cash,"North Margaret, Louisiana",4.3,False,True
TXN00639,2024-01-23,09:50:22,41aa4875,20,Male,PROD5079,Integrated reciprocal secured line,Toys,Educational,4.1,1,0.0,4.1,Cash,"Lake Ronald, Ohio",3.9,False,True
TXN00640,2024-05-30,09:50:22,1a0f4c29,65,Female,PROD7089,Fundamental contextually-based challenge,Automotive,Accessories,23.28,2,0.0,46.56,Credit Card,"Port Raymondtown, North Dakota",,False,False
TXN00641,2024-12-30,09:50:22,b1e01bae,41,Male,PROD3660,Focused optimal paradigm,Toys,Dolls,63.38,2,0.0,126.76,Debit Card,"Alexanderfort, Louisiana",,True,True
TXN00642,2025-04-27,09:50:22,d35aaea5,19,Female,PROD1560,Intuitive even-keeled encoding,Toys,Games,24.81,3,0.0,74.43,Credit Card,"Port Jessica, Vermont",4.1,False,True
TXN00643,2024-04-09,09:50:22,3b983ec6,28,Male,PROD1244,Pre-emptive well-modulated intranet,Toys,Action Figures,1.99,5,0.0,9.95,Bank Transfer,"Lisachester, Delaware",,False,True
TXN00644,2024-09-23,09:50:22,d1ea7511,26,Male,PROD6102,Seamless actuating leverage,Toys,Action Figures,25.09,1,0.0,25.09,E-Wallet,"Jenniferborough, Indiana",4.9,False,False
TXN00645,2024-03-13,09:50:22,670e2929,48,Female,PROD4215,Horizontal regional framework,Beauty,Makeup,24.55,3,0.0,73.65,Cash,"Bennettville, Vermont",,False,False
TXN00646,2024-04-25,09:50:22,219b6cd4,33,Male,PROD5106,Reactive high-level function,Home & Kitchen,Appliances,1.99,1,0.0,1.99,E-Wallet,"Port Joshuamouth, Indiana",,False,False
TXN00647,2024-11-20,09:50:22,2c779eb4,66,Male,PROD6373,Open-source impactful toolset,Sports,Yoga,28.91,5,0.0,144.55,Bank Transfer,"North Corey, New Jersey",5.0,False,False
TXN00648,2023-11-11,09:50:22,2e9377a1,27,Male,PROD4896,Advanced responsive application,Health,Vitamins,25.38,4,0.0,101.52,Debit Card,"North Patricia, Virginia",,False,False
TXN00649,2024-01-23,09:50:22,e18e0923,46,Male,PROD8425,Multi-channeled executive support,Health,First Aid,43.92,4,0.0,175.68,Debit Card,"East Jenniferland, Colorado",3.5,False,False
TXN00650,2023-10-02,09:50:22,0a35198d,34,Female,PROD8984,Ameliorated leadingedge solution,Clothing,Kids,105.47,5,0.0,527.35,Cash,"Benjaminshire, Texas",,False,False
TXN00651,2023-08-21,09:50:22,4a8685ec,52,Male,PROD2549,Pre-emptive motivating complexity,Clothing,Kids,83.8,5,0.0,419.0,Cash,"Port Allison, Kansas",,False,False
TXN00652,2023-01-08,09:50:22,55a26773,46,Female,PROD2359,Focused value-added strategy,Clothing,Men,41.93,5,0.0,209.65,Debit Card,"East Heatherport, Nebraska",4.5,False,False
TXN00653,2023-06-04,09:50:22,f72ba8bc,64,Female,PROD9611,Exclusive contextually-based process improvement,Home & Kitchen,Decor,42.54,5,0.26,157.4,Debit Card,"New Stephanie, Montana",,False,True
TXN00654,2024-02-11,09:50:22,f6a0432d,41,Male,PROD2640,Vision-oriented demand-driven interface,Automotive,Electronics,81.47,1,0.0,81.47,Cash,"Robinsonmouth, South Carolina",,False,False
TXN00655,2023-01-05,09:50:22,6137bb15,35,Male,PROD7567,Innovative secondary hierarchy,Health,Supplements,31.18,2,0.0,62.36,Bank Transfer,"Port Jacob, Massachusetts",,False,False
TXN00656,2023-05-20,09:50:22,06ca923b,63,Female,PROD4420,Horizontal actuating access,Toys,Educational,30.28,4,0.0,121.12,Cash,"Lake Nicholas, Ohio",1.0,False,False
TXN00657,2023-06-02,09:50:22,008c1334,43,Male,PROD7865,Synergized optimizing paradigm,Clothing,Men,49.28,4,0.17,163.61,Debit Card,"South Kyletown, New York",,False,True
TXN00658,2023-07-23,09:50:22,03911dd5,25,Male,PROD4372,Cross-platform directional Graphical User Interface,Sports,Fitness,33.96,2,0.0,67.92,Cash,"Wilsontown, Washington",1.6,False,False
TXN00659,2025-01-21,09:50:22,b5817f83,32,Female,PROD5895,Compatible didactic middleware,Sports,Fitness,27.11,1,0.0,27.11,Bank Transfer,"Port Williamview, Arkansas",1.4,False,False
TXN00660,2023-11-23,09:50:22,02b44e09,42,Female,PROD2848,Upgradable coherent customer loyalty,Health,First Aid,18.53,2,0.29,26.31,Cash,"Lake Alexport, New Hampshire",,False,False
TXN00661,2025-04-14,09:50:22,56cb389d,33,Female,PROD8085,Inverse maximized forecast,Home & Kitchen,Decor,81.72,3,0.0,245.16,Credit Card,"Barnesmouth, Louisiana",1.4,False,False
TXN00662,2023-12-06,09:50:22,3103d194,40,Male,PROD1211,Advanced content-based encoding,Beauty,Haircare,29.34,3,0.0,88.02,Cash,"Payneburgh, Nebraska",2.7,False,False
TXN00663,2022-11-27,09:50:22,ffde3be6,67,Female,PROD7157,Pre-emptive systematic neural-net,Grocery,Bakery,19.13,4,0.0,76.52,E-Wallet,"Melissastad, Kansas",,False,False
TXN00664,2023-06-07,09:50:22,283a9a2b,66,Male,PROD6909,Stand-alone system-worthy challenge,Toys,Action Figures,15.74,5,0.26,58.24,Credit Card,"Kristinastad, Delaware",,False,False
TXN00665,2024-01-02,09:50:22,bff88622,47,Male,PROD7532,Virtual reciprocal policy,Health,First Aid,32.13,4,0.0,128.52,Credit Card,"Fergusonshire, Hawaii",2.4,False,False
TXN00666,2023-08-14,09:50:22,372a7b87,24,Female,PROD7752,Multi-layered global emulation,Toys,Action Figures,24.9,2,0.0,49.8,Credit Card,"Francisville, Indiana",3.5,False,False
TXN00667,2024-05-14,09:50:22,2a2c3c17,38,Female,PROD5311,Total dedicated initiative,Beauty,Haircare,60.08,3,0.0,180.24,Debit Card,"Port Jennifer, Alabama",,False,True
TXN00668,2023-05-08,09:50:22,3e4b88eb,49,Male,PROD6468,Re-engineered neutral circuit,Automotive,Electronics,1.99,3,0.0,5.97,Cash,"Angelashire, Kentucky",,False,False
TXN00669,2024-01-15,09:50:22,594fc65b,58,Male,PROD7270,Profit-focused 6thgeneration forecast,Grocery,Canned Goods,51.83,3,0.23,119.73,E-Wallet,"Gonzaleztown, Hawaii",2.3,False,False
TXN00670,2022-06-03,09:50:22,897f16bb,38,Male,PROD2826,Future-proofed tangible portal,Books,Children,54.92,3,0.0,164.76,Cash,"Staceytown, Vermont",,False,False
TXN00671,2025-05-03,09:50:22,a9d7df0e,30,Male,PROD2483,Secured logistical Graphical User Interface,Automotive,Electronics,1.99,3,0.0,5.97,Bank Transfer,"Port Johnchester, Oklahoma",,False,False
TXN00672,2023-01-20,09:50:22,0bab5d75,42,Male,PROD5815,Public-key analyzing data-warehouse,Toys,Games,23.15,2,0.0,46.3,Bank Transfer,"Chadberg, Idaho",,False,False
TXN00673,2023-11-18,09:50:22,55574580,19,Female,PROD4677,Optional fresh-thinking complexity,Sports,Outdoor,22.57,4,0.0,90.28,Debit Card,"Jessicatown, Nebraska",3.2,False,False
TXN00674,2022-08-07,09:50:22,aaba0cc6,33,Male,PROD8917,Exclusive optimal methodology,Grocery,Beverages,1.99,4,0.0,7.96,Debit Card,"Rivershaven, South Dakota",1.6,False,False
TXN00675,2022-08-25,09:50:22,c57aeefc,65,Female,PROD6963,Balanced modular portal,Automotive,Electronics,14.44,2,0.0,28.88,Bank Transfer,"Lake Patrickville, South Carolina",3.3,False,True
TXN00676,2023-12-25,09:50:22,7f74415f,38,Male,PROD9819,Customizable mission-critical firmware,Sports,Team Sports,7.79,2,0.0,15.58,Cash,"South Amber, Wisconsin",,False,True
TXN00677,2023-01-19,09:50:22,3cc09c51,63,Male,PROD8623,Digitized upward-trending array,Automotive,Car Care,65.05,5,0.0,325.25,Bank Transfer,"Samanthaport, Nevada",1.9,False,False
TXN00678,2025-02-04,09:50:22,256a0a18,19,Female,PROD1942,Decentralized encompassing framework,Books,Cookbooks,48.71,4,0.0,194.84,E-Wallet,"Harrisbury, Wyoming",,False,False
TXN00679,2022-12-02,09:50:22,ea1b1359,63,Female,PROD8058,Synergized systematic success,Home & Kitchen,Furniture,209.01,3,0.23,482.81,Bank Transfer,"Greenmouth, Minnesota",,False,False
TXN00680,2022-05-31,09:50:22,ae24e97b,27,Female,PROD1111,Public-key motivating open system,Toys,Dolls,44.43,4,0.0,177.72,Cash,"South Melissa, Iowa",2.3,False,True
TXN00681,2023-12-09,09:50:22,840a9738,64,Male,PROD4188,Triple-buffered 3rdgeneration extranet,Sports,Cycling,7.42,1,0.0,7.42,Credit Card,"Lake Annechester, North Carolina",3.5,False,False
TXN00682,2024-12-22,09:50:22,a1165b0e,23,Male,PROD7611,Innovative systematic capacity,Home & Kitchen,Appliances,83.28,1,0.0,83.28,E-Wallet,"Evansside, Montana",3.9,False,False
TXN00683,2025-01-10,09:50:22,56dc4d3c,24,Female,PROD6818,Implemented client-driven definition,Toys,Educational,39.79,4,0.0,159.16,Debit Card,"Marktown, Idaho",,False,False
TXN00684,2024-10-24,09:50:22,d43f6653,39,Female,PROD2540,Focused systematic open system,Beauty,Fragrances,5.56,1,0.15,4.73,Debit Card,"Torresfurt, North Carolina",,False,True
TXN00685,2024-04-02,09:50:22,fa2dc841,18,Female,PROD7303,Adaptive next generation neural-net,Health,Vitamins,44.26,5,0.14,190.32,Debit Card,"New Tyrone, New Mexico",,False,False
TXN00686,2023-05-18,09:50:22,0487338e,29,Male,PROD6656,Open-source bi-directional utilization,Health,Wellness,25.19,3,0.0,75.57,Debit Card,"South Stephenshire, Maine",1.8,False,False
TXN00687,2022-08-19,09:50:22,93990eb4,50,Male,PROD8292,Compatible discrete moratorium,Home & Kitchen,Bedding,93.76,3,0.0,281.28,E-Wallet,"North Scott, Washington",,True,True
TXN00688,2023-10-05,09:50:22,22fcc853,55,Male,PROD2633,Organized bi-directional knowledgebase,Automotive,Tools,44.22,3,0.0,132.66,Credit Card,"Lake Michael, Maine",,False,False
TXN00689,2025-01-08,09:50:22,7e2af2a0,25,Male,PROD6543,Robust motivating access,Health,Medical,38.89,4,0.0,155.56,Bank Transfer,"Erinshire, Kentucky",4.3,False,True
TXN00690,2022-12-25,09:50:22,b4dcc0e4,51,Male,PROD6251,Centralized web-enabled application,Books,Non-Fiction,22.78,4,0.06,85.65,E-Wallet,"Lake Kylie, North Carolina",,False,False
TXN00691,2022-09-16,09:50:22,c3c7715c,46,Male,PROD5799,Business-focused 24hour flexibility,Automotive,Electronics,53.19,4,0.0,212.76,Debit Card,"Katherinemouth, Colorado",,False,False
TXN00692,2024-08-03,09:50:22,1416d91d,57,Female,PROD6011,Sharable uniform website,Toys,Educational,8.38,1,0.0,8.38,E-Wallet,"Port Cynthiaburgh, North Carolina",1.4,False,False
TXN00693,2025-02-06,09:50:22,af4240fd,55,Male,PROD6138,Triple-buffered homogeneous array,Beauty,Skincare,42.32,5,0.0,211.6,Debit Card,"Dianafurt, California",4.8,False,False
TXN00694,2022-10-04,09:50:22,f765d394,65,Male,PROD9335,Centralized hybrid secured line,Electronics,TVs,618.62,4,0.29,1756.88,Credit Card,"Martinview, West Virginia",4.3,False,False
TXN00695,2022-08-23,09:50:22,f6b1f59c,63,Male,PROD9114,User-friendly dynamic methodology,Grocery,Snacks,23.81,4,0.0,95.24,Debit Card,"New Deannabury, Kansas",,False,False
TXN00696,2023-03-12,09:50:22,24e9612f,33,Female,PROD3900,Distributed disintermediate protocol,Electronics,Smartphones,565.23,4,0.0,2260.92,Credit Card,"Port David, Idaho",,False,False
TXN00697,2023-03-07,09:50:22,9ac58b69,61,Female,PROD4356,Visionary intangible installation,Sports,Yoga,4.98,1,0.2,3.98,Bank Transfer,"Chelseastad, Washington",3.7,False,False
TXN00698,2024-01-18,09:50:22,7c0938b9,70,Female,PROD5152,Up-sized intermediate flexibility,Beauty,Fragrances,48.48,1,0.0,48.48,E-Wallet,"Adamview, Rhode Island",,False,False
TXN00699,2022-10-27,09:50:22,e8b1c5f6,28,Female,PROD2089,Open-source 5thgeneration array,Toys,Action Figures,26.3,4,0.22,82.06,Credit Card,"New Kyletown, West Virginia",,False,False
TXN00700,2023-09-26,09:50:22,53a375b0,24,Male,PROD7470,Realigned even-keeled productivity,Beauty,Fragrances,19.55,3,0.0,58.65,Cash,"Ashleytown, Virginia",4.4,False,False
TXN00701,2023-01-03,09:50:22,179f170e,48,Male,PROD2825,Object-based 24hour adapter,Clothing,Accessories,81.47,4,0.0,325.88,Bank Transfer,"Murphymouth, Wyoming",5.0,False,False
TXN00702,2024-09-04,09:50:22,7f24b358,46,Male,PROD9251,Stand-alone tangible Graphic Interface,Home & Kitchen,Furniture,70.7,1,0.0,70.7,Bank Transfer,"West Robert, Illinois",,False,True
TXN00703,2023-08-11,09:50:22,7d8ee35b,29,Female,PROD8569,Monitored 3rdgeneration complexity,Grocery,Canned Goods,1.99,1,0.0,1.99,Debit Card,"Teresaview, Hawaii",2.4,False,False
TXN00704,2025-04-10,09:50:22,d67b3952,58,Male,PROD6503,Enterprise-wide object-oriented knowledge user,Toys,Educational,1.99,2,0.0,3.98,Bank Transfer,"Steeleview, Washington",,False,False
TXN00705,2024-06-23,09:50:22,d6bb1066,53,Female,PROD1929,Virtual grid-enabled moratorium,Books,Fiction,42.12,2,0.0,84.24,Cash,"North Stephanieborough, Pennsylvania",,False,True
TXN00706,2024-11-13,09:50:22,f26d5e31,41,Male,PROD3350,Polarized homogeneous secured line,Automotive,Electronics,4.39,1,0.0,4.39,Debit Card,"Wyattport, Wyoming",3.9,False,False
TXN00707,2024-10-28,09:50:22,16ce9e33,32,Male,PROD9938,Profound discrete moderator,Electronics,Headphones,850.96,1,0.0,850.96,E-Wallet,"Youngbury, Nebraska",,False,False
TXN00708,2024-01-04,09:50:22,9a31c454,61,Female,PROD5096,Multi-layered full-range Graphic Interface,Books,Cookbooks,1.99,4,0.0,7.96,Bank Transfer,"North Susanmouth, Texas",,False,False
TXN00709,2024-09-30,09:50:22,4c1bac66,58,Male,PROD7364,Open-architected zero-defect structure,Books,Educational,63.93,2,0.0,127.86,Cash,"East Hannah, Illinois",1.9,False,False
TXN00710,2024-01-21,09:50:22,4feb3d3e,63,Male,PROD7590,Balanced zero tolerance flexibility,Sports,Fitness,34.22,4,0.0,136.88,Debit Card,"Port Jason, Arizona",1.2,False,False
TXN00711,2022-09-06,09:50:22,08a483f3,42,Female,PROD6956,Face-to-face directional hardware,Grocery,Dairy,28.07,4,0.0,112.28,E-Wallet,"Port Jenniferborough, Colorado",3.9,False,False
TXN00712,2022-11-25,09:50:22,a5300572,47,Female,PROD7140,Re-engineered 24/7 array,Home & Kitchen,Bedding,81.86,2,0.0,163.72,Debit Card,"Andreside, New Hampshire",3.3,False,True
TXN00713,2023-07-05,09:50:22,97ed362a,21,Male,PROD4558,Horizontal even-keeled policy,Home & Kitchen,Decor,147.94,1,0.0,147.94,E-Wallet,"East Adam, Ohio",2.2,False,False
TXN00714,2023-07-12,09:50:22,7a3515a6,35,Male,PROD7584,Sharable 24hour focus group,Toys,Puzzles,29.25,4,0.16,98.28,Debit Card,"South Stacy, Georgia",,False,False
TXN00715,2023-10-29,09:50:22,ef1cef08,38,Male,PROD2590,Total empowering leverage,Home & Kitchen,Decor,197.23,3,0.0,591.69,Debit Card,"Amychester, Indiana",4.1,False,True
TXN00716,2022-10-19,09:50:22,96789ce7,30,Male,PROD4489,Total mission-critical moratorium,Electronics,Smartphones,522.85,3,0.0,1568.55,Cash,"Port Matthewmouth, Kansas",4.7,False,True
TXN00717,2023-03-23,09:50:22,3e3d8552,36,Female,PROD2662,Diverse motivating contingency,Health,Medical,33.01,5,0.0,165.05,E-Wallet,"Silvamouth, North Dakota",,False,True
TXN00718,2023-09-09,09:50:22,b3f38f3f,62,Female,PROD5086,Ergonomic global interface,Home & Kitchen,Appliances,94.55,4,0.28,272.3,E-Wallet,"South Larryton, Indiana",1.6,False,False
TXN00719,2023-04-26,09:50:22,f9256a68,42,Female,PROD3792,Persevering incremental conglomeration,Home & Kitchen,Decor,116.01,1,0.0,116.01,Debit Card,"West Codyside, Utah",4.5,False,False
TXN00720,2022-10-06,09:50:22,0e29c836,60,Female,PROD6566,Inverse intangible hierarchy,Sports,Yoga,36.16,5,0.0,180.8,E-Wallet,"New Veronicafort, Idaho",4.6,False,False
TXN00721,2023-03-22,09:50:22,a0b6e11d,68,Male,PROD6254,Progressive fresh-thinking frame,Clothing,Women,1.99,2,0.0,3.98,E-Wallet,"Stephensburgh, Mississippi",,False,False
TXN00722,2022-05-11,09:50:22,0e10fbf0,28,Female,PROD5140,Cloned 6thgeneration customer loyalty,Clothing,Kids,9.55,5,0.0,47.75,E-Wallet,"North Kaitlyn, Tennessee",1.1,False,True
TXN00723,2024-08-19,09:50:22,927563dd,62,Female,PROD5310,Managed contextually-based attitude,Automotive,Tools,44.87,4,0.0,179.48,Debit Card,"West Krista, Delaware",,False,False
TXN00724,2024-11-13,09:50:22,d0f94ac8,57,Male,PROD1314,Total bottom-line installation,Electronics,TVs,534.17,4,0.0,2136.68,Cash,"West Taraville, Utah",,False,True
TXN00725,2024-12-23,09:50:22,86416a9c,44,Female,PROD3168,Triple-buffered human-resource Graphical User Interface,Books,Educational,26.32,4,0.22,82.12,E-Wallet,"Coreyview, Oregon",2.3,False,False
TXN00726,2023-12-23,09:50:22,f164682b,69,Female,PROD9336,Quality-focused uniform structure,Automotive,Accessories,30.37,4,0.0,121.48,Credit Card,"Lake Richardville, Arkansas",,False,True
TXN00727,2022-07-11,09:50:22,a4a2910e,67,Male,PROD2235,Assimilated 4thgeneration task-force,Home & Kitchen,Furniture,144.33,2,0.14,248.25,Debit Card,"East Crystal, Kentucky",,True,True
TXN00728,2023-08-23,09:50:22,b72ec1ce,68,Male,PROD2998,Expanded grid-enabled pricing structure,Sports,Cycling,19.2,1,0.21,15.17,E-Wallet,"Port Kristinshire, Oregon",3.5,False,True
TXN00729,2023-12-17,09:50:22,b25e6c79,31,Male,PROD2301,Balanced optimizing encryption,Clothing,Women,26.65,1,0.0,26.65,Credit Card,"East Robertborough, Ohio",,False,False
TXN00730,2023-12-06,09:50:22,b28afe4e,48,Female,PROD2003,Right-sized system-worthy utilization,Grocery,Dairy,33.92,2,0.0,67.84,E-Wallet,"Christopherport, West Virginia",,False,False
TXN00731,2024-11-20,09:50:22,813fc810,62,Male,PROD2241,Reactive intangible policy,Clothing,Women,20.65,2,0.0,41.3,Bank Transfer,"Matthewmouth, Indiana",,False,False
TXN00732,2022-09-28,09:50:22,212c4061,50,Female,PROD4575,Pre-emptive bifurcated interface,Grocery,Beverages,38.17,4,0.0,152.68,Bank Transfer,"Leefurt, Nebraska",2.2,False,False
TXN00733,2023-08-27,09:50:22,2e51af97,22,Male,PROD2028,Fully-configurable responsive hardware,Grocery,Bakery,1.99,1,0.0,1.99,Cash,"Jodifort, North Dakota",,False,False
TXN00734,2023-10-29,09:50:22,e17585ad,38,Female,PROD2079,Function-based clear-thinking capacity,Electronics,Cameras,705.83,4,0.24,2145.72,E-Wallet,"Port Bianca, Ohio",,False,False
TXN00735,2023-06-15,09:50:22,0e2fdb18,66,Female,PROD6135,Innovative 24hour hub,Sports,Yoga,39.45,3,0.0,118.35,E-Wallet,"Tylerhaven, Oregon",2.5,False,False
TXN00736,2024-09-22,09:50:22,d63cac37,68,Female,PROD8596,Multi-tiered local data-warehouse,Grocery,Bakery,35.12,2,0.14,60.41,E-Wallet,"Robinsonland, California",4.5,False,False
TXN00737,2022-12-27,09:50:22,1fb7e7e2,42,Male,PROD7544,Re-contextualized optimal focus group,Home & Kitchen,Appliances,188.79,4,0.0,755.16,Credit Card,"Coreyland, Nevada",4.5,False,False
TXN00738,2023-08-09,09:50:22,c9bdd4c7,48,Male,PROD5438,Right-sized empowering moderator,Home & Kitchen,Appliances,236.58,5,0.0,1182.9,Debit Card,"Royview, Florida",1.4,False,True
TXN00739,2023-03-07,09:50:22,eb6255bb,49,Female,PROD8091,Configurable analyzing core,Toys,Dolls,50.29,3,0.0,150.87,Bank Transfer,"East Marvin, Arizona",,False,False
TXN00740,2023-11-01,09:50:22,a172c91d,56,Female,PROD3317,Team-oriented logistical infrastructure,Books,Fiction,1.99,3,0.0,5.97,Credit Card,"Lloydview, California",4.8,False,False
TXN00741,2023-02-21,09:50:22,3eed7667,61,Female,PROD2996,Focused bandwidth-monitored portal,Grocery,Dairy,4.41,4,0.13,15.35,Debit Card,"Lake Jeffhaven, Nebraska",2.4,False,False
TXN00742,2022-09-29,09:50:22,47685661,41,Female,PROD5032,Configurable system-worthy functionalities,Sports,Team Sports,17.5,2,0.0,35.0,E-Wallet,"South Edward, New York",1.3,False,False
TXN00743,2022-09-05,09:50:22,fa6e2119,62,Male,PROD3082,Quality-focused dynamic moderator,Grocery,Canned Goods,30.52,4,0.0,122.08,Bank Transfer,"Hallville, New York",2.4,False,False
TXN00744,2023-04-10,09:50:22,58c74026,19,Female,PROD9371,Multi-lateral tangible function,Health,Supplements,40.35,5,0.0,201.75,Debit Card,"Lake Marisa, Ohio",3.0,False,False
TXN00745,2024-01-25,09:50:22,2cd14a52,22,Female,PROD7382,User-centric well-modulated software,Home & Kitchen,Bedding,69.2,3,0.17,172.31,Bank Transfer,"Vanessaburgh, Kansas",4.6,False,False
TXN00746,2023-12-18,09:50:22,5f670d31,58,Male,PROD6361,Visionary 6thgeneration firmware,Beauty,Makeup,33.74,3,0.0,101.22,Credit Card,"Wilsonside, Rhode Island",,False,False
TXN00747,2024-10-21,09:50:22,000d896c,70,Male,PROD2972,Visionary fault-tolerant forecast,Automotive,Accessories,14.89,3,0.0,44.67,E-Wallet,"South Allison, Oklahoma",,False,True
TXN00748,2023-01-15,09:50:22,e69fd67b,37,Female,PROD4346,Optional full-range firmware,Grocery,Bakery,17.77,5,0.0,88.85,E-Wallet,"Port Melaniefurt, Nevada",,False,True
TXN00749,2024-12-20,09:50:22,df4398ac,53,Male,PROD8276,Devolved bifurcated intranet,Toys,Action Figures,1.99,3,0.0,5.97,Debit Card,"Darleneburgh, Hawaii",2.8,False,True
TXN00750,2024-01-18,09:50:22,0139214b,38,Male,PROD3030,Integrated needs-based ability,Beauty,Fragrances,11.54,3,0.2,27.7,Cash,"North Ericaton, Nevada",,False,False
TXN00751,2024-08-07,09:50:22,1d31ac52,59,Female,PROD7480,Implemented bifurcated concept,Books,Children,2.97,2,0.0,5.94,E-Wallet,"North Lori, California",3.2,False,False
TXN00752,2023-11-14,09:50:22,6dccb489,64,Male,PROD9137,Progressive intangible monitoring,Electronics,TVs,304.83,3,0.0,914.49,Bank Transfer,"Port Brittanybury, Idaho",,False,True
TXN00753,2025-02-23,09:50:22,8e64fad9,39,Male,PROD7760,Ameliorated upward-trending benchmark,Home & Kitchen,Furniture,193.75,5,0.23,745.94,Credit Card,"West Jesse, Montana",4.0,False,True
TXN00754,2025-02-10,09:50:22,f8b40a28,70,Male,PROD8348,Seamless national strategy,Toys,Puzzles,11.01,1,0.0,11.01,E-Wallet,"Stevenborough, Oregon",,False,False
TXN00755,2024-10-18,09:50:22,e2253fb5,48,Male,PROD1691,Up-sized non-volatile forecast,Beauty,Makeup,82.65,2,0.22,128.93,Credit Card,"Robertton, North Dakota",,False,True
TXN00756,2022-10-17,09:50:22,0e8ba1b1,19,Female,PROD9064,Seamless actuating capacity,Home & Kitchen,Appliances,154.53,5,0.0,772.65,E-Wallet,"Jennifertown, New Mexico",4.0,True,False
TXN00757,2022-07-26,09:50:22,4ce14d78,18,Female,PROD2320,Adaptive interactive leverage,Toys,Puzzles,33.7,1,0.2,26.96,Debit Card,"Port Anthony, Louisiana",1.9,False,False
TXN00758,2024-10-06,09:50:22,e81d142f,50,Female,PROD3619,Ergonomic empowering parallelism,Home & Kitchen,Decor,59.91,2,0.05,113.83,Bank Transfer,"Teresafurt, Indiana",2.1,False,False
TXN00759,2024-02-25,09:50:22,a6caec72,46,Male,PROD8299,Enhanced optimal Graphical User Interface,Beauty,Haircare,44.01,2,0.0,88.02,Cash,"Saraborough, Ohio",2.6,False,False
TXN00760,2023-09-30,09:50:22,f36c31ba,30,Female,PROD4511,Horizontal intermediate capacity,Automotive,Car Care,18.49,2,0.06,34.76,Credit Card,"South Rachelchester, Illinois",,False,False
TXN00761,2022-06-27,09:50:22,10be07fc,31,Male,PROD6077,Synchronized dedicated protocol,Sports,Yoga,32.44,1,0.0,32.44,Debit Card,"Wheelerstad, Illinois",3.3,True,False
TXN00762,2022-11-09,09:50:22,51d18b09,43,Male,PROD9055,Intuitive interactive workforce,Sports,Outdoor,81.2,4,0.0,324.8,E-Wallet,"Brownton, Oregon",3.9,False,False
TXN00763,2023-08-17,09:50:22,dd2ddbe4,35,Male,PROD5971,Diverse bottom-line instruction set,Grocery,Snacks,28.08,5,0.05,133.38,Credit Card,"Mcclureborough, Colorado",,False,False
TXN00764,2022-06-17,09:50:22,4564a4fc,22,Female,PROD7840,Versatile responsive attitude,Home & Kitchen,Furniture,200.45,1,0.0,200.45,Debit Card,"Amyport, Alaska",4.9,False,True
TXN00765,2023-11-08,09:50:22,46350cbb,48,Male,PROD1235,Assimilated zero-defect methodology,Electronics,Smartphones,359.36,3,0.16,905.59,Debit Card,"Griffinview, Texas",,False,False
TXN00766,2022-07-27,09:50:22,7361e6f5,22,Male,PROD4530,De-engineered full-range attitude,Books,Cookbooks,29.3,5,0.0,146.5,Credit Card,"Masonfort, Alabama",3.8,False,False
TXN00767,2023-04-29,09:50:22,7cc46450,54,Male,PROD2032,Assimilated solution-oriented task-force,Electronics,Smartphones,854.16,4,0.0,3416.64,E-Wallet,"North Jerry, Michigan",,False,False
TXN00768,2024-12-24,09:50:22,a38c710e,33,Female,PROD1031,Sharable system-worthy customer loyalty,Beauty,Fragrances,17.46,2,0.0,34.92,Credit Card,"Port Travis, Alabama",,False,True
TXN00769,2025-04-02,09:50:22,40e4e782,36,Female,PROD2448,Integrated directional hardware,Health,First Aid,66.25,5,0.0,331.25,E-Wallet,"West Josephhaven, Maine",,False,False
TXN00770,2024-10-27,09:50:22,3117466a,38,Female,PROD7668,Total asymmetric attitude,Books,Cookbooks,44.16,2,0.0,88.32,Cash,"Lake Nicholasview, New Jersey",,False,False
TXN00771,2023-11-26,09:50:22,b9c25ff6,41,Female,PROD2416,User-friendly 24hour alliance,Books,Children,18.75,3,0.22,43.88,E-Wallet,"Kimberlytown, Missouri",3.7,False,False
TXN00772,2023-05-12,09:50:22,59d6fa7a,20,Female,PROD9296,Focused non-volatile capability,Sports,Team Sports,42.65,4,0.0,170.6,Bank Transfer,"East Jodyfort, Michigan",,False,False
TXN00773,2024-10-14,09:50:22,54a241d0,70,Male,PROD7493,Expanded zero-defect knowledgebase,Home & Kitchen,Bedding,188.08,3,0.0,564.24,Debit Card,"Robinsonhaven, Tennessee",,False,False
TXN00774,2025-02-06,09:50:22,a5b960c6,65,Male,PROD6486,Configurable value-added workforce,Clothing,Accessories,68.65,5,0.08,315.79,Credit Card,"West Brandon, Rhode Island",,False,False
TXN00775,2022-11-08,09:50:22,e6067487,65,Female,PROD2743,Balanced high-level info-mediaries,Sports,Cycling,1.99,4,0.0,7.96,E-Wallet,"East Kimberlyview, Montana",1.9,False,False
TXN00776,2024-12-23,09:50:22,9c2c71e5,27,Male,PROD6022,Upgradable 24hour collaboration,Home & Kitchen,Appliances,69.1,1,0.0,69.1,Bank Transfer,"Kylemouth, Rhode Island",4.2,False,False
TXN00777,2024-04-17,09:50:22,3dcba354,36,Male,PROD4392,Face-to-face 24hour analyzer,Grocery,Bakery,25.05,1,0.0,25.05,Debit Card,"Port Brittneychester, California",,False,False
TXN00778,2024-08-19,09:50:22,df76eb73,60,Female,PROD1173,Future-proofed directional portal,Clothing,Men,47.77,3,0.0,143.31,Credit Card,"Jonesland, Tennessee",2.7,False,False
TXN00779,2024-03-18,09:50:22,ad494496,58,Male,PROD9050,Up-sized composite capability,Toys,Games,42.41,2,0.0,84.82,Bank Transfer,"Johnchester, Missouri",3.4,False,False
TXN00780,2024-02-22,09:50:22,41fc889b,45,Female,PROD9033,Intuitive analyzing data-warehouse,Sports,Fitness,33.55,3,0.0,100.65,E-Wallet,"Haydenville, Kansas",,False,False
TXN00781,2022-12-06,09:50:22,bc7cbb93,47,Female,PROD6527,Business-focused needs-based open architecture,Books,Fiction,3.29,4,0.0,13.16,Credit Card,"New Prestonhaven, Missouri",,False,False
TXN00782,2023-03-31,09:50:22,3c6b4a59,24,Male,PROD3103,Integrated intermediate focus group,Electronics,TVs,576.04,3,0.0,1728.12,E-Wallet,"Lake Brandonville, Kansas",1.9,False,False
TXN00783,2024-03-11,09:50:22,46a6865f,69,Male,PROD5148,Re-contextualized directional application,Electronics,Cameras,622.12,4,0.1,2239.63,Cash,"New Kylefort, New Mexico",3.8,False,False
TXN00784,2024-08-26,09:50:22,f95fc845,45,Male,PROD3536,Mandatory bandwidth-monitored process improvement,Books,Non-Fiction,41.2,4,0.0,164.8,Debit Card,"East Alexandra, Idaho",1.2,False,True
TXN00785,2025-02-13,09:50:22,f2e9cd5a,37,Male,PROD4660,Phased optimal groupware,Books,Educational,51.62,2,0.24,78.46,Debit Card,"Danielleside, Nebraska",,False,False
TXN00786,2023-12-17,09:50:22,03e59995,26,Male,PROD8177,Grass-roots secondary success,Books,Non-Fiction,46.68,4,0.0,186.72,Credit Card,"South Vanessa, Massachusetts",,False,False
TXN00787,2024-08-03,09:50:22,81b54757,44,Female,PROD1549,Organic scalable pricing structure,Toys,Action Figures,39.18,5,0.0,195.9,Cash,"North Michaela, North Carolina",,False,False
TXN00788,2022-07-20,09:50:22,735fa28f,26,Male,PROD1395,Total reciprocal database,Toys,Action Figures,28.6,1,0.27,20.88,Cash,"New Robertfort, Missouri",,False,False
TXN00789,2024-11-22,09:50:22,cc996dcf,55,Female,PROD2898,Self-enabling bifurcated toolset,Grocery,Dairy,1.99,5,0.0,9.95,Cash,"Port Ericfurt, Virginia",,False,True
TXN00790,2022-11-02,09:50:22,da278414,50,Male,PROD2847,Configurable background utilization,Home & Kitchen,Cookware,150.07,2,0.0,300.14,E-Wallet,"South Megan, Wyoming",,False,True
TXN00791,2024-02-09,09:50:22,4b1fa30e,48,Male,PROD4091,Ergonomic analyzing hierarchy,Automotive,Tools,34.15,3,0.0,102.45,Debit Card,"Wrightbury, Connecticut",,False,False
TXN00792,2023-10-04,09:50:22,f41e1c9f,27,Male,PROD9353,Intuitive holistic migration,Grocery,Snacks,35.43,2,0.0,70.86,Bank Transfer,"North Jonathanshire, Nebraska",,False,False
TXN00793,2024-02-27,09:50:22,177a4230,58,Female,PROD4692,Customizable motivating array,Books,Cookbooks,4.47,1,0.0,4.47,Debit Card,"East Lisamouth, Oregon",3.5,False,False
TXN00794,2022-12-29,09:50:22,ff2621fe,43,Female,PROD4681,Advanced background collaboration,Toys,Action Figures,8.38,3,0.0,25.14,Credit Card,"Desireeburgh, Utah",1.8,False,True
TXN00795,2024-08-10,09:50:22,a3cf90a7,49,Male,PROD8090,Customizable bandwidth-monitored website,Health,Wellness,51.06,4,0.0,204.24,Debit Card,"Thomasmouth, New Mexico",2.0,False,False
TXN00796,2025-03-24,09:50:22,00935f83,35,Female,PROD6594,Right-sized multi-tasking system engine,Automotive,Tools,29.21,2,0.0,58.42,Credit Card,"East Xavierview, Kentucky",2.5,False,False
TXN00797,2022-05-08,09:50:22,fe0e4b7e,48,Female,PROD2490,Robust dynamic customer loyalty,Sports,Team Sports,43.63,4,0.0,174.52,E-Wallet,"Berryburgh, Maine",,False,False
TXN00798,2024-12-07,09:50:22,a83c2092,36,Male,PROD6129,Re-engineered multi-tasking neural-net,Automotive,Electronics,30.57,5,0.0,152.85,Cash,"Biancaberg, South Dakota",3.5,False,False
TXN00799,2024-08-29,09:50:22,68f8edb3,51,Female,PROD5563,Organic disintermediate matrices,Grocery,Bakery,30.6,2,0.0,61.2,Cash,"North Dennisborough, Nevada",1.8,False,False
TXN00800,2022-08-25,09:50:22,84bc41d0,63,Female,PROD4349,Operative 4thgeneration flexibility,Grocery,Bakery,48.77,2,0.0,97.54,Cash,"Port Wendy, South Dakota",1.8,False,False
TXN00801,2023-05-25,09:50:22,3e6aac46,29,Female,PROD7143,Profit-focused asymmetric array,Home & Kitchen,Furniture,83.88,3,0.0,251.64,Debit Card,"New Lisa, Delaware",3.4,False,False
TXN00802,2025-04-01,09:50:22,ab383df2,34,Male,PROD7169,Programmable grid-enabled archive,Beauty,Tools,31.92,4,0.0,127.68,Debit Card,"South Ashley, Alaska",,False,False
TXN00803,2024-05-15,09:50:22,267848c2,53,Female,PROD9374,Optional web-enabled emulation,Electronics,Smartphones,407.54,2,0.0,815.08,Cash,"Port Larry, Louisiana",4.7,False,True
TXN00804,2025-02-19,09:50:22,c054e3d1,25,Male,PROD3967,Quality-focused explicit synergy,Electronics,Headphones,413.1,4,0.0,1652.4,E-Wallet,"East Joshua, Wisconsin",2.7,False,False
TXN00805,2024-10-27,09:50:22,f48cecc8,68,Male,PROD7934,Progressive mission-critical portal,Electronics,Smartphones,438.17,1,0.0,438.17,Bank Transfer,"Burnsfort, Oregon",,False,False
TXN00806,2022-08-19,09:50:22,f631b70c,32,Male,PROD5370,Realigned didactic frame,Health,Vitamins,34.44,1,0.29,24.45,Cash,"South Kayla, Maryland",,False,False
TXN00807,2023-06-26,09:50:22,3e0304d4,69,Female,PROD4328,Right-sized asynchronous software,Grocery,Beverages,20.43,1,0.0,20.43,Cash,"Ginashire, Florida",,False,True
TXN00808,2023-11-03,09:50:22,033e3d87,24,Male,PROD7658,Polarized multi-state paradigm,Home & Kitchen,Furniture,207.9,5,0.0,1039.5,Cash,"South Steven, Maine",,False,False
TXN00809,2023-01-29,09:50:22,db5f6b0e,45,Female,PROD8309,Reduced discrete budgetary management,Home & Kitchen,Appliances,57.38,2,0.0,114.76,Credit Card,"North Ginachester, Minnesota",2.0,False,True
TXN00810,2023-12-16,09:50:22,fb602a03,19,Female,PROD4360,Synergistic bandwidth-monitored customer loyalty,Clothing,Shoes,44.39,4,0.0,177.56,E-Wallet,"East Robert, Texas",4.4,False,False
TXN00811,2024-10-19,09:50:22,eb40262a,41,Male,PROD2267,Switchable directional paradigm,Automotive,Parts,21.21,3,0.18,52.18,E-Wallet,"Wrightfort, Illinois",,False,False
TXN00812,2025-01-22,09:50:22,1151d738,33,Female,PROD4782,Progressive global matrix,Toys,Dolls,58.94,4,0.0,235.76,Cash,"North Jenniferville, New Mexico",2.4,False,False
TXN00813,2023-01-09,09:50:22,edae7769,42,Female,PROD6890,Up-sized dynamic product,Electronics,Cameras,539.31,2,0.0,1078.62,Credit Card,"North Jamesburgh, Florida",,False,False
TXN00814,2022-07-04,09:50:22,7756d47d,34,Female,PROD3590,Decentralized modular task-force,Books,Educational,50.64,1,0.0,50.64,Cash,"Kevinland, Minnesota",1.9,False,False
TXN00815,2023-09-08,09:50:22,6945fd83,21,Male,PROD2474,Universal logistical budgetary management,Automotive,Electronics,1.99,5,0.0,9.95,Credit Card,"Merrittmouth, Kansas",4.9,False,True
TXN00816,2023-03-26,09:50:22,e91f1a3e,27,Female,PROD3320,Future-proofed empowering alliance,Health,Wellness,35.34,1,0.0,35.34,Bank Transfer,"Lake Megan, Vermont",4.7,False,True
TXN00817,2024-02-01,09:50:22,0ac46a2a,57,Male,PROD3882,Implemented bifurcated database,Home & Kitchen,Appliances,182.27,4,0.0,729.08,Bank Transfer,"New Gracehaven, North Dakota",,False,False
TXN00818,2022-06-03,09:50:22,f97bf06f,67,Male,PROD5408,Reduced impactful artificial intelligence,Toys,Dolls,31.65,2,0.29,44.94,Bank Transfer,"Griffinview, Wisconsin",,False,True
TXN00819,2024-08-18,09:50:22,4610f992,33,Male,PROD6332,User-friendly empowering synergy,Clothing,Shoes,81.96,5,0.0,409.8,Debit Card,"Orozcoburgh, North Carolina",,False,False
TXN00820,2022-11-12,09:50:22,9e006744,21,Female,PROD3554,Profit-focused maximized frame,Automotive,Tools,19.65,5,0.0,98.25,Credit Card,"Lake Travis, Michigan",,False,True
TXN00821,2023-08-09,09:50:22,3d581d9d,63,Male,PROD5066,Managed high-level core,Health,Medical,58.19,5,0.0,290.95,E-Wallet,"Hollandborough, Wyoming",,False,False
TXN00822,2022-12-24,09:50:22,6879b037,53,Female,PROD9602,Secured holistic budgetary management,Electronics,Smartphones,959.78,4,0.12,3378.43,Bank Transfer,"Lake Johnborough, Minnesota",4.2,False,False
TXN00823,2024-12-06,09:50:22,12f7e968,28,Female,PROD3068,Re-contextualized web-enabled database,Automotive,Parts,22.74,5,0.0,113.7,E-Wallet,"West Davidshire, Nevada",4.0,False,True
TXN00824,2023-01-01,09:50:22,779e788d,19,Female,PROD8982,Cross-platform 24/7 Local Area Network,Health,Medical,21.09,3,0.28,45.55,E-Wallet,"New Matthew, New York",2.5,False,True
TXN00825,2023-03-17,09:50:22,525f21a6,43,Male,PROD3331,Visionary grid-enabled budgetary management,Toys,Dolls,59.07,4,0.0,236.28,Debit Card,"Port Joshua, Alaska",3.6,True,True
TXN00826,2025-02-19,09:50:22,e39fffc9,47,Male,PROD7812,Down-sized mobile encryption,Books,Children,61.59,4,0.0,246.36,E-Wallet,"New Shannonstad, South Dakota",,False,True
TXN00827,2023-12-24,09:50:22,9e7cbfff,59,Female,PROD2279,Cross-group 3rdgeneration challenge,Home & Kitchen,Furniture,83.4,3,0.0,250.2,Cash,"Jasonmouth, Kentucky",2.9,False,False
TXN00828,2025-03-13,09:50:22,fe373977,30,Female,PROD9302,Enhanced dedicated database,Automotive,Electronics,21.6,4,0.3,60.48,E-Wallet,"North Frankstad, Alabama",1.3,False,False
TXN00829,2023-11-16,09:50:22,d719d557,43,Female,PROD8541,Versatile analyzing access,Home & Kitchen,Bedding,100.28,3,0.18,246.69,Bank Transfer,"South Nicole, New Hampshire",2.5,False,False
TXN00830,2024-09-02,09:50:22,16d8f794,66,Male,PROD9978,Down-sized neutral functionalities,Sports,Fitness,3.11,5,0.0,15.55,E-Wallet,"Port Charles, Delaware",4.0,False,False
TXN00831,2025-01-18,09:50:22,498a5e56,27,Male,PROD4216,Managed well-modulated functionalities,Clothing,Women,22.44,4,0.0,89.76,E-Wallet,"Port Phillip, Missouri",3.9,False,False
TXN00832,2024-12-28,09:50:22,4d99282d,44,Male,PROD7994,Re-contextualized analyzing open architecture,Toys,Dolls,9.92,1,0.05,9.42,Debit Card,"Fieldsbury, Georgia",,False,True
TXN00833,2023-09-17,09:50:22,83cd9d53,47,Male,PROD9085,Cross-platform 24/7 architecture,Grocery,Snacks,14.64,1,0.06,13.76,E-Wallet,"Richardberg, Hawaii",,False,False
TXN00834,2024-11-26,09:50:22,44074236,58,Female,PROD9629,Future-proofed dedicated migration,Sports,Cycling,29.31,3,0.0,87.93,Cash,"West Jeff, Oregon",3.3,False,False
TXN00835,2023-02-26,09:50:22,0e1ec5ec,45,Female,PROD5459,Pre-emptive optimal data-warehouse,Health,Wellness,34.68,3,0.0,104.04,Debit Card,"Jamesville, Alabama",,False,False
TXN00836,2024-06-29,09:50:22,0ce176d5,24,Male,PROD4663,Focused solution-oriented initiative,Books,Educational,61.01,1,0.0,61.01,Cash,"Franklinmouth, Massachusetts",4.2,False,True
TXN00837,2023-05-31,09:50:22,178cc7e6,65,Female,PROD7869,Extended attitude-oriented productivity,Grocery,Dairy,10.03,2,0.0,20.06,Bank Transfer,"Markland, Oregon",3.0,False,True
TXN00838,2025-03-11,09:50:22,8e6dab4b,45,Female,PROD8080,Stand-alone leadingedge array,Grocery,Beverages,49.69,5,0.0,248.45,Credit Card,"Bestfort, Michigan",,False,False
TXN00839,2023-02-09,09:50:22,e25fc356,55,Male,PROD7640,Multi-lateral executive algorithm,Electronics,TVs,457.2,3,0.11,1220.72,E-Wallet,"Lake Mariaport, Oregon",4.7,False,True
TXN00840,2022-09-25,09:50:22,c71e3b58,23,Male,PROD2345,Profit-focused transitional matrix,Grocery,Bakery,29.01,2,0.0,58.02,Bank Transfer,"Mcgrathfurt, Massachusetts",2.3,False,False
TXN00841,2023-11-22,09:50:22,ea6e6298,21,Male,PROD8720,Cross-platform coherent superstructure,Home & Kitchen,Bedding,167.24,4,0.0,668.96,Credit Card,"Lake Caroline, Connecticut",,False,True
TXN00842,2024-09-01,09:50:22,53d3bb30,55,Male,PROD1647,Optional interactive Graphical User Interface,Sports,Team Sports,7.55,5,0.09,34.35,Cash,"North Kristinfurt, Alaska",,False,False
TXN00843,2024-04-01,09:50:22,5a4edd87,57,Male,PROD5660,Total radical algorithm,Grocery,Beverages,37.65,4,0.0,150.6,E-Wallet,"East Stephanieville, Hawaii",1.4,False,False
TXN00844,2025-03-10,09:50:22,eadb0a05,60,Male,PROD8744,Function-based fresh-thinking projection,Beauty,Makeup,33.33,5,0.2,133.32,Cash,"Port Keith, California",1.1,False,False
TXN00845,2023-11-04,09:50:22,bae2e8ae,68,Female,PROD6351,User-friendly 24hour core,Automotive,Parts,39.85,3,0.0,119.55,E-Wallet,"Churchton, New Mexico",,False,False
TXN00846,2022-05-11,09:50:22,abbc9b0e,26,Male,PROD2203,Optimized multi-state hierarchy,Home & Kitchen,Furniture,140.24,1,0.27,102.38,Debit Card,"New Yvonneport, New Hampshire",1.4,False,False
TXN00847,2023-12-06,09:50:22,a7527c36,63,Male,PROD8753,Team-oriented logistical encryption,Sports,Cycling,79.11,2,0.0,158.22,E-Wallet,"Smithburgh, Kentucky",2.6,False,False
TXN00848,2024-01-07,09:50:22,ecfaf29b,47,Female,PROD6301,Focused bandwidth-monitored migration,Toys,Dolls,17.25,3,0.06,48.64,Cash,"North Joshuamouth, Utah",2.6,False,False
TXN00849,2025-02-01,09:50:22,4d2bf01a,34,Female,PROD2527,Enterprise-wide empowering database,Toys,Games,19.38,5,0.0,96.9,Debit Card,"East Anthonymouth, Michigan",,False,False
TXN00850,2023-03-06,09:50:22,b89e1d00,30,Male,PROD7846,Horizontal composite pricing structure,Home & Kitchen,Furniture,76.38,2,0.0,152.76,Bank Transfer,"Sergiomouth, Massachusetts",3.0,True,True
TXN00851,2024-11-05,09:50:22,c04350ca,31,Male,PROD6447,Balanced radical challenge,Sports,Team Sports,18.89,5,0.0,94.45,Credit Card,"South Williammouth, Montana",,False,False
TXN00852,2025-01-21,09:50:22,365b896e,45,Male,PROD8453,Face-to-face motivating archive,Automotive,Parts,17.25,5,0.0,86.25,Bank Transfer,"Ginaside, Nebraska",,False,False
TXN00853,2024-04-11,09:50:22,7e234551,48,Female,PROD8594,Multi-channeled object-oriented implementation,Beauty,Tools,53.78,4,0.13,187.15,E-Wallet,"Wallacetown, Minnesota",,False,False
TXN00854,2024-03-16,09:50:22,09059a6b,70,Male,PROD5163,Sharable analyzing monitoring,Grocery,Canned Goods,58.41,5,0.0,292.05,Cash,"Josephshire, Connecticut",,False,True
TXN00855,2024-06-16,09:50:22,8f13b3bb,45,Male,PROD2246,Fully-configurable clear-thinking capacity,Grocery,Snacks,18.59,2,0.0,37.18,E-Wallet,"East Daniel, New Mexico",,False,True
TXN00856,2024-11-23,09:50:22,a3267c7d,49,Male,PROD9750,Assimilated holistic Graphic Interface,Automotive,Car Care,13.35,1,0.0,13.35,Cash,"Robbinsport, Arkansas",,False,True
TXN00857,2024-02-24,09:50:22,09357e19,18,Female,PROD2305,Progressive attitude-oriented analyzer,Clothing,Women,64.14,4,0.0,256.56,Cash,"Normanbury, Maryland",,False,True
TXN00858,2023-05-27,09:50:22,eeb44417,60,Female,PROD7808,Cross-platform well-modulated website,Books,Fiction,18.96,1,0.24,14.41,Cash,"Richardmouth, Minnesota",1.7,False,False
TXN00859,2023-09-07,09:50:22,029fb08f,22,Male,PROD2989,Ergonomic mobile project,Home & Kitchen,Cookware,164.31,1,0.0,164.31,Cash,"Mikeside, South Carolina",,False,True
TXN00860,2024-06-28,09:50:22,a06c9974,25,Female,PROD9368,Sharable well-modulated conglomeration,Grocery,Snacks,34.06,3,0.0,102.18,Credit Card,"Lake Matthewmouth, Georgia",4.1,False,False
TXN00861,2023-08-27,09:50:22,a6e9f6b3,52,Female,PROD1298,Cloned multi-tasking approach,Beauty,Skincare,1.99,3,0.0,5.97,Cash,"Mariashire, Alaska",,False,False
TXN00862,2024-08-24,09:50:22,3ed72aa6,19,Female,PROD7377,Programmable modular attitude,Clothing,Men,96.43,2,0.09,175.5,Bank Transfer,"Mendozatown, Michigan",1.8,False,False
TXN00863,2022-08-03,09:50:22,3626f96d,65,Male,PROD9099,Focused exuding secured line,Automotive,Car Care,65.92,2,0.21,104.15,E-Wallet,"Christineberg, Oregon",,False,False
TXN00864,2024-02-16,09:50:22,9a3d7e31,54,Female,PROD1280,Seamless asymmetric hardware,Sports,Team Sports,17.74,2,0.0,35.48,Credit Card,"Johnsonstad, North Carolina",,False,False
TXN00865,2024-12-29,09:50:22,cbced2cc,56,Male,PROD3224,User-friendly high-level artificial intelligence,Sports,Yoga,22.25,1,0.0,22.25,E-Wallet,"East Jessica, Indiana",,False,False
TXN00866,2024-06-24,09:50:22,f0f501c8,33,Female,PROD9799,Synergized stable methodology,Automotive,Parts,35.72,1,0.0,35.72,Credit Card,"Lake Robert, Indiana",4.1,False,True
TXN00867,2024-07-04,09:50:22,3e9e2b16,27,Female,PROD6569,Front-line bottom-line adapter,Clothing,Men,60.03,3,0.0,180.09,Debit Card,"North Angelachester, Vermont",3.8,False,False
TXN00868,2023-03-13,09:50:22,dda55b40,36,Female,PROD4027,Progressive well-modulated knowledge user,Automotive,Parts,43.17,1,0.0,43.17,Cash,"North Lisaville, California",,False,False
TXN00869,2025-02-13,09:50:22,dd8fa109,67,Female,PROD6215,Polarized stable intranet,Automotive,Electronics,70.2,5,0.0,351.0,Cash,"Port Paul, New York",1.5,False,True
TXN00870,2022-07-20,09:50:22,272d1d6a,69,Female,PROD5874,Vision-oriented zero administration artificial intelligence,Grocery,Bakery,26.46,1,0.0,26.46,Cash,"East Stevenfort, Maine",,False,False
TXN00871,2023-01-19,09:50:22,6fc0bee1,55,Male,PROD2750,Front-line regional toolset,Electronics,TVs,340.34,4,0.13,1184.38,Credit Card,"Saraland, Colorado",,False,True
TXN00872,2025-02-27,09:50:22,b4e34878,23,Female,PROD3758,Versatile background process improvement,Sports,Yoga,2.41,5,0.09,10.97,Bank Transfer,"New Emily, South Dakota",,False,False
TXN00873,2024-03-15,09:50:22,4d807620,44,Male,PROD9568,Inverse optimizing migration,Clothing,Men,28.07,4,0.0,112.28,Debit Card,"East Raymouth, Montana",,False,False
TXN00874,2022-11-27,09:50:22,e631362c,30,Female,PROD6640,Fundamental fresh-thinking hierarchy,Grocery,Dairy,29.34,5,0.0,146.7,E-Wallet,"West Jonathanstad, Massachusetts",1.8,False,False
TXN00875,2024-10-23,09:50:22,cc078de1,63,Female,PROD5177,Secured multimedia emulation,Toys,Puzzles,65.89,3,0.0,197.67,Bank Transfer,"South Rachelside, New Mexico",,False,False
TXN00876,2022-11-26,09:50:22,dbc23a93,60,Male,PROD3170,Fully-configurable grid-enabled conglomeration,Clothing,Shoes,34.47,5,0.11,153.39,Debit Card,"Murraychester, Vermont",,False,True
TXN00877,2025-04-17,09:50:22,b6a25dfa,25,Male,PROD4443,Ergonomic global collaboration,Grocery,Snacks,34.48,1,0.0,34.48,Debit Card,"Elizabethmouth, Nebraska",4.9,False,False
TXN00878,2024-11-26,09:50:22,32742c9f,41,Female,PROD7735,Optimized non-volatile array,Electronics,Headphones,496.72,1,0.0,496.72,E-Wallet,"Lake Amanda, Georgia",,False,False
TXN00879,2022-06-06,09:50:22,4e495896,30,Male,PROD9026,Intuitive multimedia core,Beauty,Fragrances,53.77,2,0.0,107.54,Debit Card,"Heathershire, Virginia",1.8,False,True
TXN00880,2023-02-25,09:50:22,0834e691,65,Female,PROD9589,Synergistic hybrid time-frame,Electronics,TVs,1005.39,1,0.0,1005.39,Debit Card,"New Kimberly, Arkansas",,False,False
TXN00881,2024-08-22,09:50:22,a865c85d,68,Male,PROD8445,Devolved leadingedge infrastructure,Beauty,Makeup,19.38,3,0.0,58.14,E-Wallet,"East Janet, Kansas",4.1,False,False
TXN00882,2023-03-18,09:50:22,9cff8471,32,Female,PROD3187,Ergonomic non-volatile infrastructure,Books,Non-Fiction,20.21,3,0.0,60.63,E-Wallet,"Gilbertborough, Kentucky",2.1,True,True
TXN00883,2022-10-06,09:50:22,3dc07b46,25,Female,PROD7075,Automated full-range capability,Books,Educational,50.88,2,0.0,101.76,Bank Transfer,"Lake Hannah, Alaska",,False,False
TXN00884,2024-12-22,09:50:22,145413d9,33,Female,PROD5130,Organized context-sensitive challenge,Beauty,Tools,43.64,3,0.0,130.92,Credit Card,"Lake Ashleyview, Missouri",,False,False
TXN00885,2023-10-30,09:50:22,02ce36d2,51,Male,PROD3442,Horizontal background product,Automotive,Electronics,66.93,5,0.0,334.65,Bank Transfer,"Wrightchester, Georgia",4.7,False,False
TXN00886,2024-03-29,09:50:22,d6b9cde1,64,Female,PROD7960,Function-based hybrid website,Automotive,Car Care,41.68,5,0.0,208.4,E-Wallet,"Lake Ralph, New Jersey",,False,False
TXN00887,2024-07-28,09:50:22,ccf8fc0d,24,Female,PROD8730,Implemented empowering ability,Health,Supplements,22.81,4,0.0,91.24,Bank Transfer,"East Misty, North Carolina",3.3,False,False
TXN00888,2022-10-17,09:50:22,cc4fbbe8,32,Female,PROD1269,Programmable directional Local Area Network,Sports,Fitness,41.81,3,0.0,125.43,Debit Card,"South Keith, Hawaii",3.1,False,True
TXN00889,2024-03-08,09:50:22,317cebe6,24,Female,PROD3223,Synergized intermediate installation,Home & Kitchen,Appliances,197.61,4,0.0,790.44,Debit Card,"West Dannyborough, Iowa",,False,True
TXN00890,2025-05-02,09:50:22,e86bf02e,59,Female,PROD4425,Function-based well-modulated attitude,Sports,Fitness,46.41,1,0.0,46.41,Bank Transfer,"North Angelafort, Nevada",2.6,False,False
TXN00891,2024-06-22,09:50:22,c1969b31,20,Female,PROD5539,Proactive multi-state adapter,Health,Vitamins,40.15,1,0.0,40.15,Bank Transfer,"New Lisamouth, Colorado",,False,False
TXN00892,2024-02-13,09:50:22,82a0bc6c,54,Female,PROD1001,Enhanced 3rdgeneration attitude,Electronics,Headphones,713.33,2,0.0,1426.66,Cash,"Maldonadomouth, Hawaii",,False,False
TXN00893,2025-01-29,09:50:22,33cee736,60,Female,PROD4154,Sharable user-facing support,Sports,Yoga,53.39,5,0.0,266.95,Credit Card,"Garciafurt, Rhode Island",,False,True
TXN00894,2022-07-18,09:50:22,d15f368e,21,Female,PROD4696,Triple-buffered directional Graphic Interface,Electronics,Laptops,776.43,2,0.0,1552.86,Debit Card,"Garzabury, Michigan",1.5,False,True
TXN00895,2022-09-23,09:50:22,d5ffab65,28,Female,PROD7194,Progressive fresh-thinking task-force,Grocery,Canned Goods,42.97,3,0.0,128.91,E-Wallet,"Desireehaven, Louisiana",,True,False
TXN00896,2023-08-29,09:50:22,59bc37f2,24,Female,PROD4756,Implemented reciprocal methodology,Automotive,Accessories,26.66,4,0.24,81.05,Debit Card,"Kimberlyfort, Rhode Island",1.3,False,True
TXN00897,2023-12-15,09:50:22,a6be57c2,46,Male,PROD9730,Integrated 6thgeneration capacity,Automotive,Electronics,32.93,5,0.0,164.65,Bank Transfer,"Paulview, Wyoming",4.6,False,True
TXN00898,2023-08-14,09:50:22,60a27308,56,Male,PROD1328,Automated tertiary leverage,Books,Educational,54.13,2,0.0,108.26,E-Wallet,"West Teresatown, New Jersey",2.1,False,True
TXN00899,2022-11-07,09:50:22,91eee711,21,Male,PROD9741,Operative executive algorithm,Automotive,Car Care,13.66,1,0.0,13.66,Credit Card,"East Justin, Idaho",,False,True
TXN00900,2024-10-10,09:50:22,b94b7420,52,Male,PROD3071,Face-to-face bandwidth-monitored frame,Books,Educational,37.37,5,0.0,186.85,Debit Card,"Christopherview, Mississippi",,False,True
TXN00901,2022-11-23,09:50:22,38737dab,34,Female,PROD6440,Programmable non-volatile customer loyalty,Health,Wellness,22.13,1,0.0,22.13,Bank Transfer,"Port Timothymouth, Maryland",,False,False
TXN00902,2022-11-27,09:50:22,75ccb78e,62,Male,PROD9486,Synchronized contextually-based capability,Electronics,Headphones,505.75,4,0.0,2023.0,Debit Card,"Sloanhaven, New Mexico",,False,False
TXN00903,2024-10-30,09:50:22,271a9757,39,Male,PROD1542,Focused needs-based standardization,Toys,Puzzles,55.57,1,0.0,55.57,Cash,"Dianabury, Tennessee",2.8,False,False
TXN00904,2023-04-11,09:50:22,e70a1efa,48,Male,PROD8192,Visionary disintermediate budgetary management,Electronics,Smartphones,538.22,1,0.0,538.22,Bank Transfer,"North Lori, New Jersey",,False,False
TXN00905,2024-01-09,09:50:22,ce1dd02e,68,Female,PROD5786,Object-based explicit process improvement,Sports,Fitness,30.93,5,0.09,140.73,Cash,"Port Marthashire, Louisiana",,False,True
TXN00906,2022-07-04,09:50:22,f4a72c64,27,Male,PROD5734,Reduced multimedia pricing structure,Home & Kitchen,Bedding,24.81,5,0.0,124.05,Cash,"Port Maria, New York",,False,False
TXN00907,2022-08-08,09:50:22,32b4b02d,18,Female,PROD5024,Re-engineered static implementation,Sports,Yoga,44.93,4,0.16,150.96,Credit Card,"Brownstad, Maine",,False,False
TXN00908,2024-02-29,09:50:22,a2880608,33,Female,PROD3445,Self-enabling bi-directional algorithm,Clothing,Kids,69.36,5,0.0,346.8,Debit Card,"Port Jacobshire, North Carolina",,False,False
TXN00909,2022-08-28,09:50:22,f723d419,64,Male,PROD1645,Networked actuating monitoring,Sports,Team Sports,73.27,1,0.0,73.27,Debit Card,"East Brandi, Michigan",4.1,False,True
TXN00910,2023-12-27,09:50:22,63a567fb,68,Male,PROD9615,Progressive context-sensitive projection,Grocery,Beverages,23.84,4,0.0,95.36,Bank Transfer,"Lake Jennifer, Colorado",3.2,False,True
TXN00911,2024-05-09,09:50:22,5c8c40b3,53,Male,PROD5286,Configurable dynamic Graphic Interface,Beauty,Skincare,34.38,1,0.0,34.38,Cash,"North Michaelport, Georgia",,False,True
TXN00912,2024-06-11,09:50:22,a2ae4038,63,Male,PROD9656,Expanded intermediate software,Home & Kitchen,Bedding,137.46,4,0.0,549.84,Debit Card,"New Mary, Wyoming",3.1,False,False
TXN00913,2024-10-04,09:50:22,df0866fb,44,Female,PROD3598,Universal tangible installation,Grocery,Beverages,61.55,1,0.15,52.32,Cash,"Rickyfort, Arkansas",3.9,True,False
TXN00914,2023-02-28,09:50:22,04a0f723,23,Female,PROD1668,Cross-group disintermediate software,Home & Kitchen,Cookware,113.33,5,0.0,566.65,Credit Card,"Joshuamouth, Wyoming",2.2,False,True
TXN00915,2023-09-18,09:50:22,850f7551,29,Female,PROD4753,Configurable zero-defect groupware,Toys,Dolls,35.58,3,0.0,106.74,Cash,"Danielside, Georgia",,False,False
TXN00916,2025-04-27,09:50:22,6d4fac6c,42,Female,PROD7736,Open-source dynamic superstructure,Automotive,Accessories,42.16,3,0.27,92.33,Credit Card,"Turnerville, Michigan",3.7,False,False
TXN00917,2024-08-26,09:50:22,b7e46ef5,41,Male,PROD9207,Fully-configurable next generation solution,Automotive,Electronics,33.73,5,0.0,168.65,Credit Card,"Lake Lucaston, Oregon",,False,False
TXN00918,2023-05-09,09:50:22,d5578301,20,Female,PROD1942,Enhanced explicit Graphic Interface,Beauty,Haircare,21.07,2,0.0,42.14,Credit Card,"North David, Mississippi",3.7,False,True
TXN00919,2023-04-19,09:50:22,45560251,55,Female,PROD3001,User-friendly object-oriented capability,Grocery,Beverages,33.88,2,0.0,67.76,Cash,"East Jodi, Massachusetts",1.8,False,True
TXN00920,2023-04-29,09:50:22,fbe8d354,52,Male,PROD4254,Team-oriented high-level toolset,Home & Kitchen,Furniture,195.15,1,0.2,156.12,Bank Transfer,"Foxberg, Alabama",,False,True
TXN00921,2022-10-14,09:50:22,1c76b1ee,20,Male,PROD2374,De-engineered 6thgeneration function,Grocery,Dairy,9.47,2,0.21,14.96,Debit Card,"New Coreyshire, California",1.2,False,False
TXN00922,2024-06-27,09:50:22,4c9cec62,67,Male,PROD1174,Customizable background portal,Automotive,Car Care,32.66,3,0.0,97.98,Credit Card,"Youngfurt, New York",2.8,False,True
TXN00923,2023-09-11,09:50:22,eb6b86a1,33,Female,PROD6469,Public-key attitude-oriented Internet solution,Electronics,Smartphones,359.98,5,0.24,1367.92,Credit Card,"Lake Meganmouth, Missouri",,False,False
TXN00924,2025-02-18,09:50:22,5ffdff41,43,Female,PROD6665,Front-line systematic groupware,Beauty,Haircare,53.9,5,0.23,207.52,E-Wallet,"New Gregory, Ohio",,False,True
TXN00925,2023-02-23,09:50:22,4c2e8084,24,Female,PROD4700,Right-sized 4thgeneration productivity,Beauty,Tools,1.99,1,0.0,1.99,Bank Transfer,"Hawkinsbury, Washington",3.6,False,False
TXN00926,2023-08-24,09:50:22,617c37f4,31,Male,PROD2204,Robust dynamic archive,Sports,Fitness,18.82,5,0.3,65.87,Debit Card,"Nelsonbury, Wisconsin",,False,True
TXN00927,2024-12-05,09:50:22,9195d49f,65,Male,PROD7010,Visionary bandwidth-monitored projection,Sports,Yoga,37.54,1,0.28,27.03,Cash,"Elizabethport, Kansas",1.5,False,False
TXN00928,2023-10-08,09:50:22,b0465092,51,Male,PROD2908,Upgradable heuristic archive,Sports,Outdoor,61.31,4,0.0,245.24,E-Wallet,"New Patricia, South Dakota",,False,False
TXN00929,2024-12-02,09:50:22,679ccf63,41,Female,PROD7518,Team-oriented explicit hardware,Electronics,Smartphones,486.85,2,0.0,973.7,Credit Card,"West Rodney, Missouri",,False,True
TXN00930,2023-10-10,09:50:22,52d92df5,24,Male,PROD4581,Assimilated national neural-net,Electronics,Headphones,388.96,2,0.0,777.92,Credit Card,"East Markton, Michigan",,False,False
TXN00931,2022-05-25,09:50:22,ce22a443,58,Female,PROD7954,Public-key explicit hardware,Electronics,Headphones,876.23,5,0.0,4381.15,E-Wallet,"Moorestad, Minnesota",3.3,False,False
TXN00932,2024-12-13,09:50:22,7b2e8a61,25,Male,PROD5980,De-engineered multimedia hub,Home & Kitchen,Bedding,18.64,2,0.0,37.28,Cash,"Port Adrianmouth, Vermont",,False,True
TXN00933,2023-12-16,09:50:22,334d27d4,44,Male,PROD4472,Reactive responsive policy,Automotive,Car Care,1.99,2,0.0,3.98,Debit Card,"Thompsontown, New Jersey",,False,False
TXN00934,2023-03-25,09:50:22,5cf33cf5,56,Male,PROD9313,Assimilated tertiary task-force,Clothing,Men,63.2,1,0.0,63.2,E-Wallet,"Lake Kristen, New Mexico",,False,False
TXN00935,2022-10-04,09:50:22,9296f486,34,Male,PROD7600,Synergized modular budgetary management,Clothing,Kids,34.94,3,0.0,104.82,Credit Card,"Port Nicholasfort, Indiana",3.9,False,False
TXN00936,2024-10-26,09:50:22,6848f8b6,53,Female,PROD2468,Visionary static focus group,Health,First Aid,9.58,5,0.0,47.9,E-Wallet,"Jessicachester, Colorado",4.5,False,True
TXN00937,2024-04-12,09:50:22,8fda01fd,54,Male,PROD5823,Cross-group analyzing framework,Automotive,Parts,44.17,5,0.0,220.85,Bank Transfer,"Rosefurt, Indiana",2.0,True,False
TXN00938,2024-01-08,09:50:22,c8d25751,24,Male,PROD4654,Centralized systematic functionalities,Beauty,Tools,34.88,5,0.0,174.4,Debit Card,"Angelabury, South Dakota",,False,True
TXN00939,2024-09-20,09:50:22,ed6a889b,53,Female,PROD3539,Expanded user-facing emulation,Toys,Educational,18.72,5,0.0,93.6,Credit Card,"South Ryanberg, Florida",,False,True
TXN00940,2023-09-30,09:50:22,69aa406e,51,Male,PROD6337,De-engineered context-sensitive artificial intelligence,Toys,Action Figures,4.39,4,0.1,15.8,Bank Transfer,"South James, North Carolina",,False,False
TXN00941,2024-11-26,09:50:22,88f0e48d,70,Male,PROD6647,Re-engineered explicit architecture,Sports,Outdoor,47.45,5,0.27,173.19,Credit Card,"South Jasmine, Arkansas",4.3,False,False
TXN00942,2024-01-14,09:50:22,44b88efc,43,Female,PROD9921,Diverse cohesive standardization,Clothing,Women,69.51,5,0.0,347.55,Cash,"East Johnathan, Nebraska",,False,False
TXN00943,2023-06-17,09:50:22,2d4f0f8d,31,Male,PROD8895,Seamless holistic utilization,Beauty,Skincare,28.02,5,0.0,140.1,E-Wallet,"East Jennifer, California",,False,True
TXN00944,2024-07-01,09:50:22,8093d670,34,Male,PROD5375,Focused analyzing superstructure,Home & Kitchen,Appliances,249.26,5,0.0,1246.3,Cash,"North Benjaminfurt, Georgia",,False,True
TXN00945,2025-01-19,09:50:22,25f02c9e,48,Male,PROD1016,Multi-lateral value-added extranet,Health,Medical,8.6,5,0.0,43.0,Credit Card,"Davisview, North Dakota",,True,False
TXN00946,2022-12-10,09:50:22,5b5abd08,25,Female,PROD9255,Advanced grid-enabled software,Toys,Puzzles,1.99,4,0.0,7.96,E-Wallet,"West Jasonview, Florida",,False,True
TXN00947,2023-09-03,09:50:22,af784ed3,42,Male,PROD5575,Ergonomic user-facing service-desk,Grocery,Bakery,16.16,3,0.0,48.48,Credit Card,"West Jerryside, Nevada",,False,False
TXN00948,2024-06-25,09:50:22,68f09edd,55,Female,PROD7736,Progressive zero tolerance secured line,Clothing,Kids,48.63,1,0.0,48.63,Debit Card,"Ericksonburgh, Hawaii",,False,True
TXN00949,2024-05-10,09:50:22,112c2f45,43,Male,PROD1953,Optional leadingedge moratorium,Sports,Outdoor,34.87,3,0.0,104.61,E-Wallet,"Port Caitlinview, Arizona",2.8,False,False
TXN00950,2024-01-01,09:50:22,b5402cff,53,Male,PROD9062,Extended foreground utilization,Home & Kitchen,Decor,103.11,4,0.0,412.44,Bank Transfer,"North Patrick, North Carolina",,False,False
TXN00951,2023-12-31,09:50:22,e11b92ce,19,Female,PROD9584,Reduced composite methodology,Toys,Action Figures,37.04,2,0.0,74.08,Bank Transfer,"Murphyborough, Idaho",1.3,False,True
TXN00952,2022-06-19,09:50:22,0cd083eb,40,Male,PROD4319,Cross-group background project,Grocery,Beverages,4.97,2,0.0,9.94,Credit Card,"North Lawrenceshire, South Carolina",4.7,False,False
TXN00953,2024-07-24,09:50:22,104450ba,61,Male,PROD2287,Synergistic reciprocal throughput,Clothing,Shoes,93.31,5,0.0,466.55,E-Wallet,"Edwardschester, Illinois",,False,True
TXN00954,2023-11-19,09:50:22,a0b66dc9,26,Female,PROD9122,Centralized heuristic middleware,Clothing,Women,47.54,4,0.0,190.16,Bank Transfer,"Jennifermouth, North Dakota",4.9,False,False
TXN00955,2022-05-22,09:50:22,753adebb,37,Female,PROD1805,Front-line client-server complexity,Toys,Action Figures,52.35,2,0.0,104.7,Credit Card,"Port Margaret, Florida",4.6,False,True
TXN00956,2022-08-14,09:50:22,fbc9710b,45,Female,PROD5665,Enhanced modular archive,Health,Medical,36.85,1,0.15,31.32,Bank Transfer,"New Mariah, North Dakota",,False,True
TXN00957,2025-02-16,09:50:22,391c0b5e,47,Female,PROD9411,Down-sized solution-oriented hardware,Grocery,Canned Goods,39.14,1,0.0,39.14,Bank Transfer,"West Elizabethton, Alabama",,False,True
TXN00958,2023-12-13,09:50:22,cdd7fa51,24,Male,PROD5277,Operative local benchmark,Electronics,Laptops,613.95,1,0.0,613.95,Bank Transfer,"Danielville, Arizona",,False,False
TXN00959,2023-08-20,09:50:22,6797b351,32,Female,PROD4795,Quality-focused systematic process improvement,Home & Kitchen,Bedding,151.34,5,0.0,756.7,E-Wallet,"East Shawna, Georgia",4.1,False,False
TXN00960,2024-04-26,09:50:22,162c1467,32,Female,PROD1375,Reverse-engineered responsive process improvement,Clothing,Accessories,69.28,2,0.0,138.56,Cash,"Georgeton, Washington",2.6,False,False
TXN00961,2023-07-28,09:50:22,bdb1e41f,43,Female,PROD4865,Fully-configurable zero administration focus group,Automotive,Car Care,56.58,4,0.0,226.32,Credit Card,"South Anitashire, New Jersey",,False,False
TXN00962,2023-05-30,09:50:22,82b545c7,60,Male,PROD3956,Down-sized bi-directional methodology,Home & Kitchen,Furniture,133.76,3,0.0,401.28,E-Wallet,"East Joshuaside, New Hampshire",,False,False
TXN00963,2023-10-01,09:50:22,eb8a9275,52,Female,PROD2718,Pre-emptive directional Graphic Interface,Home & Kitchen,Furniture,169.63,4,0.0,678.52,Cash,"Fishertown, Ohio",1.1,False,False
TXN00964,2023-02-10,09:50:22,7cf998f8,38,Female,PROD8482,Customer-focused multi-state task-force,Home & Kitchen,Furniture,113.72,5,0.0,568.6,Debit Card,"Matthewshire, Montana",,False,False
TXN00965,2022-11-20,09:50:22,9b437a49,68,Male,PROD3594,User-centric motivating functionalities,Automotive,Electronics,58.8,5,0.0,294.0,Cash,"North Markborough, Vermont",1.9,False,False
TXN00966,2022-07-25,09:50:22,fc6b5622,64,Female,PROD9312,Multi-lateral zero tolerance service-desk,Sports,Fitness,16.47,5,0.0,82.35,Debit Card,"South Williamberg, Montana",3.6,False,False
TXN00967,2024-01-28,09:50:22,6a2f6616,59,Male,PROD5645,Synchronized encompassing service-desk,Beauty,Tools,66.02,3,0.0,198.06,Bank Transfer,"Olsonberg, Massachusetts",,False,False
TXN00968,2024-10-24,09:50:22,2460baf0,33,Female,PROD8333,Synchronized cohesive hierarchy,Automotive,Car Care,29.2,1,0.0,29.2,E-Wallet,"North Christopher, North Dakota",,False,True
TXN00969,2022-07-13,09:50:22,855b0941,64,Female,PROD9108,Vision-oriented next generation hierarchy,Home & Kitchen,Furniture,19.85,5,0.0,99.25,E-Wallet,"Dicksonburgh, Virginia",,False,False
TXN00970,2024-05-22,09:50:22,14dd3b1b,26,Female,PROD9456,Reduced fresh-thinking forecast,Automotive,Accessories,32.56,5,0.0,162.8,E-Wallet,"Alejandrafort, Colorado",,False,False
TXN00971,2023-01-30,09:50:22,5fa9004b,61,Male,PROD7040,Synergized fresh-thinking archive,Electronics,Cameras,363.79,3,0.0,1091.37,Credit Card,"Joshuaton, Nevada",,False,True
TXN00972,2022-11-06,09:50:22,5774609f,54,Male,PROD1501,Distributed leadingedge synergy,Electronics,TVs,668.13,4,0.0,2672.52,Bank Transfer,"Wendybury, South Carolina",2.3,False,True
TXN00973,2023-12-31,09:50:22,821c3658,47,Female,PROD4213,Digitized leadingedge product,Automotive,Accessories,16.95,3,0.0,50.85,Cash,"Port Donaldfort, Rhode Island",2.0,False,False
TXN00974,2024-03-05,09:50:22,a07eea01,68,Female,PROD4640,Exclusive multi-state algorithm,Health,Medical,21.08,2,0.0,42.16,Debit Card,"Jessicamouth, Oregon",3.7,False,True
TXN00975,2024-09-02,09:50:22,a248e9ff,29,Female,PROD8918,Focused client-server array,Health,Vitamins,1.99,3,0.0,5.97,Cash,"Denisefurt, Louisiana",1.3,False,False
TXN00976,2023-04-30,09:50:22,f527902a,39,Female,PROD2674,Horizontal incremental installation,Toys,Dolls,20.95,5,0.29,74.37,Debit Card,"South Michelle, Oklahoma",,False,False
TXN00977,2023-06-21,09:50:22,cea6ff27,51,Female,PROD7328,Total radical structure,Automotive,Tools,1.99,5,0.0,9.95,Cash,"Kimberlyville, New Jersey",2.5,False,False
TXN00978,2023-01-31,09:50:22,f5097d4f,18,Male,PROD6023,Managed asynchronous model,Electronics,Cameras,183.22,3,0.0,549.66,Cash,"Lesterhaven, Connecticut",,False,True
TXN00979,2024-05-24,09:50:22,f31a6f38,28,Male,PROD4262,Focused 5thgeneration Graphic Interface,Automotive,Electronics,45.21,1,0.0,45.21,Credit Card,"North Nicole, Alaska",4.7,False,False
TXN00980,2025-04-27,09:50:22,bcb072e1,43,Female,PROD2445,Customizable scalable open system,Health,Supplements,45.72,3,0.0,137.16,Credit Card,"Lake Colleenberg, Florida",,False,False
TXN00981,2025-02-26,09:50:22,fc8edc79,70,Female,PROD8796,Organized methodical frame,Sports,Team Sports,38.51,2,0.23,59.31,Cash,"Riceton, Hawaii",,False,False
TXN00982,2023-11-15,09:50:22,ccc7e9f4,27,Male,PROD5644,Synergized content-based paradigm,Clothing,Women,20.99,4,0.0,83.96,Cash,"Danielborough, Washington",1.2,False,False
TXN00983,2023-04-07,09:50:22,2a7ea92f,62,Female,PROD1985,Customer-focused fault-tolerant hierarchy,Electronics,TVs,490.46,2,0.0,980.92,Bank Transfer,"Jasonport, Maine",,False,False
TXN00984,2023-10-14,09:50:22,98a13313,43,Male,PROD3242,Seamless hybrid info-mediaries,Books,Fiction,29.93,3,0.0,89.79,Debit Card,"West Steven, California",4.4,False,False
TXN00985,2025-01-16,09:50:22,d10bf4f7,52,Female,PROD5579,Diverse systemic policy,Toys,Educational,6.83,1,0.0,6.83,Bank Transfer,"Richardmouth, Michigan",3.0,False,True
TXN00986,2023-12-31,09:50:22,4f4e71bd,64,Female,PROD6959,Organized holistic functionalities,Books,Children,60.07,5,0.0,300.35,Cash,"South Shannonbury, South Carolina",3.2,False,False
TXN00987,2024-03-29,09:50:22,81ab5613,23,Female,PROD6444,De-engineered bi-directional synergy,Health,Medical,47.55,2,0.0,95.1,Cash,"New Steve, Kansas",,True,False
TXN00988,2022-12-27,09:50:22,eba7ff52,22,Male,PROD3148,Realigned empowering adapter,Electronics,Smartphones,455.81,1,0.13,396.55,Debit Card,"North Kenneth, Mississippi",,False,False
TXN00989,2024-12-20,09:50:22,d2d86e6a,58,Female,PROD3984,Team-oriented 24/7 functionalities,Clothing,Kids,50.81,3,0.05,144.81,Cash,"New Vanessaberg, Indiana",,False,True
TXN00990,2022-10-07,09:50:22,a817930d,27,Female,PROD4638,Centralized explicit parallelism,Beauty,Tools,34.17,5,0.0,170.85,E-Wallet,"Pagestad, Rhode Island",3.3,False,False
TXN00991,2023-02-18,09:50:22,109f7338,41,Female,PROD4426,Horizontal encompassing help-desk,Books,Children,1.99,4,0.05,7.56,Cash,"South Robertfort, Kentucky",,False,True
TXN00992,2023-08-11,09:50:22,c4e23ebc,22,Male,PROD4279,Reverse-engineered multi-tasking product,Grocery,Beverages,25.06,5,0.0,125.3,Credit Card,"Kennethfort, Washington",,False,False
TXN00993,2024-07-27,09:50:22,f1786ce4,44,Female,PROD9020,Grass-roots attitude-oriented firmware,Electronics,TVs,363.6,5,0.14,1563.48,Credit Card,"West Nicoleburgh, Alaska",,False,False
TXN00994,2024-05-24,09:50:22,132f42db,60,Female,PROD3899,Persevering foreground task-force,Books,Children,9.97,1,0.0,9.97,E-Wallet,"New Christopher, Louisiana",,False,False
TXN00995,2022-11-06,09:50:22,11bc8abd,48,Male,PROD7208,Face-to-face systemic standardization,Books,Educational,24.38,3,0.0,73.14,Cash,"Courtneytown, Kansas",3.2,False,False
TXN00996,2024-07-22,09:50:22,81b62a99,42,Male,PROD2675,Re-engineered methodical challenge,Electronics,TVs,859.54,2,0.0,1719.08,Bank Transfer,"Chambersshire, Alabama",4.3,False,False
TXN00997,2022-06-03,09:50:22,e9ffae7a,30,Female,PROD4559,Horizontal 24hour matrix,Home & Kitchen,Decor,164.86,1,0.0,164.86,Debit Card,"Mercadoville, Wisconsin",,False,False
TXN00998,2023-10-29,09:50:22,ab6c565d,65,Female,PROD3804,Persistent disintermediate open system,Home & Kitchen,Furniture,80.02,3,0.09,218.45,Bank Transfer,"Weaverview, Delaware",,False,False
TXN00999,2023-01-14,09:50:22,3ddf922a,33,Male,PROD6326,Distributed 5thgeneration pricing structure,Sports,Cycling,41.45,1,0.0,41.45,Debit Card,"South Kellyfort, Nebraska",,False,False
TXN01000,2024-11-22,09:50:22,bbd0d7c8,44,Male,PROD9013,Diverse next generation standardization,Grocery,Bakery,57.99,5,0.0,289.95,Bank Transfer,"Marybury, Maryland",4.8,False,False
TXN01001,2024-05-29,09:50:22,870ebd12,54,Female,PROD5276,Open-source background artificial intelligence,Books,Non-Fiction,48.49,2,0.0,96.98,Cash,"Anitastad, South Carolina",,False,False
TXN01002,2023-10-24,09:50:22,3b17f077,54,Male,PROD8211,Advanced discrete project,Books,Cookbooks,31.19,1,0.16,26.2,Bank Transfer,"Port John, Missouri",,False,True
TXN01003,2024-06-24,09:50:22,98d5f950,49,Female,PROD3265,Front-line even-keeled migration,Grocery,Bakery,17.06,4,0.0,68.24,E-Wallet,"New Andrea, Alabama",,False,False
TXN01004,2024-06-04,09:50:22,e6fcdd52,43,Male,PROD9978,Balanced impactful analyzer,Automotive,Accessories,43.96,2,0.25,65.94,Credit Card,"East Coryton, Arizona",1.5,False,True
TXN01005,2022-12-13,09:50:22,7e45e0fb,40,Male,PROD7098,Quality-focused mission-critical database,Electronics,TVs,578.7,5,0.0,2893.5,E-Wallet,"Lake Jason, West Virginia",3.1,False,False
TXN01006,2023-08-27,09:50:22,42b82dd4,37,Male,PROD7354,Horizontal stable groupware,Grocery,Bakery,47.9,4,0.0,191.6,Credit Card,"Port Krystal, Louisiana",1.8,False,False
TXN01007,2024-12-26,09:50:22,072cbf86,31,Male,PROD1374,Advanced attitude-oriented monitoring,Health,Medical,42.7,1,0.0,42.7,Cash,"East Heatherland, Alaska",,False,False
TXN01008,2022-06-26,09:50:22,46969ba1,35,Male,PROD1928,Up-sized regional customer loyalty,Home & Kitchen,Bedding,193.47,3,0.0,580.41,Credit Card,"Elizabethville, Virginia",2.2,False,True
TXN01009,2024-03-07,09:50:22,b9fb5fbc,23,Male,PROD3378,Multi-channeled motivating structure,Electronics,Cameras,392.95,4,0.0,1571.8,Credit Card,"Amychester, West Virginia",1.8,False,False
TXN01010,2023-08-02,09:50:22,af5e7259,21,Male,PROD2462,Total bandwidth-monitored synergy,Home & Kitchen,Furniture,212.22,2,0.27,309.84,E-Wallet,"Mariamouth, Missouri",,False,False
TXN01011,2022-09-12,09:50:22,bd7b2333,60,Female,PROD5074,Re-contextualized asymmetric model,Clothing,Women,55.93,2,0.2,89.49,Credit Card,"Obrienmouth, Washington",2.8,False,False
TXN01012,2024-12-11,09:50:22,9f4c9310,52,Male,PROD3930,Distributed local approach,Grocery,Snacks,71.51,3,0.0,214.53,E-Wallet,"Carpenterberg, Michigan",,False,False
TXN01013,2024-01-14,09:50:22,21c9f2bf,19,Female,PROD9598,Innovative incremental structure,Beauty,Tools,16.22,1,0.25,12.16,Debit Card,"North Kathleenbury, Ohio",1.4,False,False
TXN01014,2024-08-19,09:50:22,edc4c9b7,26,Male,PROD4172,Universal client-driven database,Electronics,Cameras,847.19,3,0.0,2541.57,Debit Card,"Leachtown, Missouri",3.4,False,False
TXN01015,2022-12-30,09:50:22,cc7ea2e0,63,Female,PROD3100,Implemented systematic process improvement,Sports,Yoga,33.96,1,0.0,33.96,Credit Card,"Sallytown, South Carolina",,False,False
TXN01016,2023-02-16,09:50:22,f99f160d,45,Female,PROD6351,Synergistic 3rdgeneration application,Electronics,Smartphones,369.72,2,0.0,739.44,Credit Card,"West Rachelton, West Virginia",,False,False
TXN01017,2022-08-06,09:50:22,1d99191f,19,Male,PROD8894,Expanded methodical budgetary management,Home & Kitchen,Appliances,86.13,1,0.0,86.13,Credit Card,"Andrewview, Arizona",,False,False
TXN01018,2022-07-21,09:50:22,6faad93b,28,Male,PROD8259,Focused motivating ability,Sports,Cycling,23.59,2,0.0,47.18,Bank Transfer,"Travisland, Alabama",,False,False
TXN01019,2024-01-19,09:50:22,bc399482,39,Female,PROD5277,Monitored composite instruction set,Toys,Educational,38.48,5,0.11,171.24,Debit Card,"West Taylor, South Carolina",,False,True
TXN01020,2025-02-07,09:50:22,4761db80,49,Female,PROD7038,Enterprise-wide next generation archive,Electronics,Laptops,604.57,3,0.06,1704.89,Credit Card,"New Vicki, Georgia",3.5,False,False
TXN01021,2022-12-29,09:50:22,551aaedb,29,Male,PROD5116,Configurable intermediate capacity,Health,Vitamins,18.53,3,0.0,55.59,Cash,"East Ericaborough, North Carolina",2.5,False,True
TXN01022,2022-11-21,09:50:22,e7c43d82,20,Male,PROD1436,Synchronized tertiary paradigm,Beauty,Fragrances,29.51,4,0.06,110.96,Credit Card,"North Zachary, Montana",,False,False
TXN01023,2023-08-29,09:50:22,f04e4d28,51,Male,PROD9919,Customer-focused methodical support,Toys,Puzzles,72.85,2,0.15,123.84,Credit Card,"Williamston, New Hampshire",3.0,True,True
TXN01024,2023-02-07,09:50:22,b0a292eb,47,Male,PROD4202,Horizontal even-keeled forecast,Sports,Yoga,64.55,1,0.06,60.68,Credit Card,"Michelleville, Nevada",,False,False
TXN01025,2024-07-09,09:50:22,7d6087fd,70,Female,PROD6916,Programmable systemic project,Clothing,Women,63.09,1,0.0,63.09,Debit Card,"West Tinafort, New Hampshire",,False,False
TXN01026,2024-11-20,09:50:22,c1cbe6f1,19,Male,PROD8128,Pre-emptive local archive,Books,Children,30.76,2,0.0,61.52,Debit Card,"Johntown, Missouri",,False,False
TXN01027,2024-06-03,09:50:22,3f3040c4,19,Male,PROD2974,Configurable optimal standardization,Automotive,Parts,32.4,4,0.0,129.6,E-Wallet,"Millerfort, Delaware",3.4,False,False
TXN01028,2024-09-10,09:50:22,fb81fddb,43,Female,PROD3439,Open-source fresh-thinking policy,Grocery,Bakery,42.27,4,0.25,126.81,E-Wallet,"Rickybury, Kentucky",4.7,False,False
TXN01029,2023-03-18,09:50:22,1edb77c4,35,Female,PROD7796,Mandatory coherent framework,Automotive,Accessories,9.54,2,0.0,19.08,E-Wallet,"Lake Richardmouth, Minnesota",,False,False
TXN01030,2024-09-01,09:50:22,f7de403b,60,Female,PROD3036,Focused zero tolerance standardization,Sports,Cycling,24.85,1,0.0,24.85,Credit Card,"New Sandra, Montana",1.2,False,True
TXN01031,2022-11-24,09:50:22,b689626b,54,Male,PROD6161,Extended fault-tolerant system engine,Beauty,Tools,1.99,2,0.0,3.98,Bank Transfer,"New Meganchester, Missouri",1.3,False,False
TXN01032,2025-02-01,09:50:22,a90a1ee4,59,Female,PROD7471,Phased hybrid Graphical User Interface,Clothing,Kids,61.98,2,0.2,99.17,Bank Transfer,"Ortizstad, Wisconsin",1.2,False,False
TXN01033,2024-08-18,09:50:22,9a10cce6,56,Female,PROD2672,Triple-buffered 24hour model,Books,Non-Fiction,42.94,1,0.2,34.35,Credit Card,"Andersonport, West Virginia",4.3,False,False
TXN01034,2023-11-29,09:50:22,580fa72b,33,Male,PROD3854,Reactive contextually-based complexity,Clothing,Women,35.5,2,0.0,71.0,Credit Card,"New Patriciabury, Louisiana",2.9,False,False
TXN01035,2022-07-12,09:50:22,4791c499,57,Female,PROD1240,Triple-buffered transitional Graphic Interface,Grocery,Bakery,61.48,5,0.0,307.4,Bank Transfer,"North Joshua, Nebraska",,False,False
TXN01036,2024-06-02,09:50:22,d6bfa5f9,21,Female,PROD9856,Decentralized holistic Internet solution,Beauty,Makeup,5.48,4,0.0,21.92,Debit Card,"Harrisberg, Oregon",1.1,False,True
TXN01037,2023-07-24,09:50:22,08c8811c,24,Male,PROD4853,Vision-oriented incremental system engine,Toys,Action Figures,1.99,2,0.0,3.98,Credit Card,"East Jacqueline, Minnesota",3.5,False,False
TXN01038,2024-10-30,09:50:22,fa5d49d5,25,Male,PROD8281,Automated systemic firmware,Health,Wellness,34.49,5,0.0,172.45,Bank Transfer,"Valerieburgh, Vermont",,False,False
TXN01039,2024-11-01,09:50:22,5f34f907,52,Female,PROD5260,Streamlined next generation migration,Automotive,Electronics,50.94,5,0.0,254.7,Bank Transfer,"Tanyaport, California",,False,True
TXN01040,2023-09-01,09:50:22,75dc339e,50,Female,PROD8170,Up-sized mobile access,Clothing,Shoes,100.52,3,0.0,301.56,Debit Card,"West Toddstad, North Carolina",3.3,False,False
TXN01041,2024-05-17,09:50:22,f4e70f3f,60,Male,PROD3946,Re-engineered system-worthy algorithm,Electronics,Smartphones,408.22,3,0.0,1224.66,E-Wallet,"West Joshuatown, Missouri",2.9,False,False
TXN01042,2022-11-25,09:50:22,3ec7a3b8,61,Female,PROD3709,Upgradable user-facing capacity,Clothing,Kids,82.36,5,0.0,411.8,Credit Card,"North Ronaldtown, Montana",4.7,False,False
TXN01043,2024-05-27,09:50:22,fe04ea61,60,Male,PROD5376,Stand-alone bottom-line paradigm,Automotive,Accessories,29.23,4,0.0,116.92,E-Wallet,"New Jaytown, Massachusetts",3.3,True,False
TXN01044,2024-05-09,09:50:22,78c7f08b,20,Female,PROD5065,Inverse neutral functionalities,Clothing,Kids,44.82,1,0.0,44.82,E-Wallet,"Hendersonton, New York",1.4,False,True
TXN01045,2022-09-07,09:50:22,6d01f49e,55,Female,PROD3977,Reactive next generation info-mediaries,Automotive,Electronics,47.67,2,0.0,95.34,E-Wallet,"South Ryanland, New Mexico",2.4,False,True
TXN01046,2024-07-29,09:50:22,a6aca6ba,64,Female,PROD8033,Networked executive portal,Health,First Aid,43.05,3,0.0,129.15,E-Wallet,"New Samueltown, Wisconsin",,True,False
TXN01047,2023-11-22,09:50:22,6af288f5,42,Male,PROD3618,Synergized neutral database,Beauty,Makeup,1.99,1,0.0,1.99,Debit Card,"North Johnfort, West Virginia",,False,False
TXN01048,2023-05-29,09:50:22,9dc7e4c4,35,Female,PROD9727,Multi-channeled needs-based complexity,Grocery,Dairy,59.53,3,0.0,178.59,Debit Card,"Jeremyshire, North Dakota",,False,True
TXN01049,2023-01-11,09:50:22,2611aff8,56,Male,PROD7961,Expanded solution-oriented collaboration,Electronics,Headphones,776.02,2,0.0,1552.04,E-Wallet,"Smithchester, South Carolina",2.9,True,False
TXN01050,2024-11-22,09:50:22,ce4dd37c,40,Male,PROD4351,Fully-configurable even-keeled algorithm,Clothing,Kids,31.23,1,0.0,31.23,Credit Card,"South James, Hawaii",,False,True
TXN01051,2022-11-09,09:50:22,c9695939,20,Female,PROD6262,Proactive static secured line,Grocery,Dairy,37.92,4,0.0,151.68,Cash,"East Jennifer, Illinois",,False,True
TXN01052,2023-07-14,09:50:22,0ab96bad,27,Female,PROD3040,Innovative 24hour time-frame,Sports,Fitness,39.88,2,0.0,79.76,Cash,"Lisaburgh, New Jersey",4.0,False,False
TXN01053,2022-06-18,09:50:22,4110c7c0,48,Female,PROD2070,Multi-tiered intangible methodology,Electronics,Laptops,552.13,3,0.0,1656.39,Bank Transfer,"South Lesliestad, Georgia",,False,True
TXN01054,2022-08-17,09:50:22,0aa5a727,43,Female,PROD3383,Stand-alone content-based time-frame,Beauty,Tools,18.99,5,0.0,94.95,Bank Transfer,"West Christopherchester, North Dakota",,False,True
TXN01055,2024-03-19,09:50:22,56dfa0c6,57,Male,PROD7463,Open-source high-level circuit,Beauty,Fragrances,16.57,5,0.0,82.85,Credit Card,"Kevintown, Maine",4.1,False,False
TXN01056,2023-09-16,09:50:22,2aa8130f,62,Female,PROD8214,Distributed 24/7 attitude,Automotive,Car Care,29.49,5,0.0,147.45,Bank Transfer,"Porterfurt, North Dakota",,False,False
TXN01057,2023-01-18,09:50:22,8b6584b4,69,Male,PROD2812,Digitized content-based superstructure,Health,Medical,53.45,1,0.0,53.45,Bank Transfer,"West Jamie, South Dakota",2.0,False,True
TXN01058,2023-06-30,09:50:22,8ae26301,62,Female,PROD1728,Profit-focused intermediate hierarchy,Health,Supplements,40.87,1,0.0,40.87,E-Wallet,"East Joshua, South Dakota",,False,True
TXN01059,2022-09-23,09:50:22,b98a627a,31,Female,PROD6150,Profound didactic Graphical User Interface,Clothing,Shoes,38.88,1,0.0,38.88,Bank Transfer,"East Rachelchester, South Carolina",3.2,False,False
TXN01060,2023-07-04,09:50:22,171a9ca5,42,Female,PROD1125,Polarized coherent budgetary management,Home & Kitchen,Furniture,174.02,5,0.0,870.1,Cash,"Bishopmouth, Alaska",,True,False
TXN01061,2023-07-22,09:50:22,f4d0d4c4,36,Female,PROD7144,User-centric systematic core,Health,Medical,1.99,2,0.0,3.98,Bank Transfer,"Fuentesburgh, Hawaii",,False,True
TXN01062,2023-08-26,09:50:22,2798b1c9,34,Male,PROD1235,Advanced high-level policy,Automotive,Electronics,52.98,4,0.0,211.92,E-Wallet,"West Mason, South Dakota",1.2,False,False
TXN01063,2024-03-08,09:50:22,460a0c77,54,Female,PROD6054,Front-line encompassing budgetary management,Sports,Yoga,1.99,3,0.0,5.97,E-Wallet,"South Olivia, Illinois",,False,False
TXN01064,2023-03-04,09:50:22,64762d7a,42,Male,PROD4019,Networked tertiary methodology,Grocery,Bakery,22.75,5,0.08,104.65,Cash,"Millerton, Rhode Island",2.0,False,False
TXN01065,2022-05-11,09:50:22,ce97ac5b,32,Male,PROD1150,Customizable stable instruction set,Beauty,Skincare,7.61,1,0.0,7.61,Cash,"Kennethshire, Ohio",3.4,False,False
TXN01066,2023-11-24,09:50:22,f74dce82,62,Female,PROD6089,Grass-roots 24hour approach,Home & Kitchen,Appliances,29.37,1,0.12,25.85,E-Wallet,"Khanfurt, Nevada",2.7,False,False
TXN01067,2023-02-26,09:50:22,47f192af,23,Female,PROD9247,Vision-oriented 24hour intranet,Health,Vitamins,53.22,4,0.07,197.98,Cash,"New Amytown, Vermont",,False,True
TXN01068,2023-01-27,09:50:22,3798479e,55,Female,PROD8883,Business-focused demand-driven moratorium,Automotive,Car Care,20.65,1,0.28,14.87,Bank Transfer,"Masonchester, Arizona",1.1,False,False
TXN01069,2023-10-01,09:50:22,bbb75919,69,Female,PROD8309,Digitized attitude-oriented time-frame,Home & Kitchen,Appliances,144.26,1,0.2,115.41,Cash,"Justinfort, Kentucky",,False,False
TXN01070,2023-04-28,09:50:22,d21d3990,32,Female,PROD6605,Organized zero tolerance Graphic Interface,Beauty,Makeup,29.06,4,0.23,89.5,Debit Card,"Lake Nicole, Ohio",1.2,False,False
TXN01071,2022-12-17,09:50:22,657d8f8d,50,Male,PROD6075,Optional global secured line,Health,First Aid,39.54,5,0.19,160.14,Debit Card,"Angelabury, Ohio",2.5,False,False
TXN01072,2022-06-27,09:50:22,c4386068,21,Male,PROD8032,Enhanced mission-critical matrix,Grocery,Bakery,31.54,3,0.0,94.62,Cash,"West Laurenmouth, Arizona",4.2,False,False
TXN01073,2023-01-30,09:50:22,f3047e9e,25,Male,PROD4171,Multi-channeled coherent Internet solution,Beauty,Fragrances,4.34,3,0.0,13.02,Debit Card,"Tinaburgh, New Hampshire",,False,False
TXN01074,2022-06-05,09:50:22,8a7bf027,46,Female,PROD7523,Open-architected interactive forecast,Books,Children,49.93,5,0.0,249.65,E-Wallet,"East Dylanland, Kansas",,False,True
TXN01075,2024-05-08,09:50:22,780a9c2b,70,Male,PROD8778,Object-based grid-enabled knowledgebase,Beauty,Makeup,20.12,4,0.1,72.43,Bank Transfer,"Youngview, Nebraska",,False,True
TXN01076,2023-09-05,09:50:22,f06fe770,34,Female,PROD4184,Seamless clear-thinking synergy,Automotive,Tools,1.99,1,0.0,1.99,E-Wallet,"Andrewton, Delaware",,True,False
TXN01077,2024-02-28,09:50:22,7addd0f4,39,Male,PROD6006,Customizable multi-state middleware,Grocery,Canned Goods,21.44,5,0.0,107.2,Debit Card,"Wallstown, Maryland",,True,False
TXN01078,2022-06-07,09:50:22,b662de56,50,Male,PROD7962,Organic neutral policy,Clothing,Accessories,95.02,1,0.0,95.02,E-Wallet,"Lake Gabriel, Alaska",2.8,False,True
TXN01079,2023-04-27,09:50:22,409de5d1,70,Female,PROD2080,Multi-layered transitional ability,Beauty,Haircare,47.0,3,0.0,141.0,E-Wallet,"Johnton, North Carolina",,False,False
TXN01080,2023-10-31,09:50:22,1f050104,27,Female,PROD9230,Re-contextualized actuating Local Area Network,Books,Cookbooks,23.03,1,0.22,17.96,Cash,"Villaside, Oklahoma",,False,True
TXN01081,2022-08-21,09:50:22,5140f25f,66,Male,PROD6014,Realigned 3rdgeneration emulation,Automotive,Car Care,23.01,5,0.0,115.05,E-Wallet,"Melanieport, Delaware",,False,False
TXN01082,2023-01-20,09:50:22,c297454b,20,Male,PROD9854,Operative multimedia encryption,Health,Supplements,23.57,4,0.26,69.77,Debit Card,"Cookburgh, Iowa",,False,False
TXN01083,2024-09-14,09:50:22,f43f907c,28,Male,PROD4903,Centralized national leverage,Beauty,Makeup,71.53,3,0.1,193.13,Bank Transfer,"South Andrewstad, Mississippi",3.6,False,True
TXN01084,2025-04-17,09:50:22,241003cd,29,Male,PROD4474,Stand-alone client-server hub,Clothing,Accessories,61.46,4,0.28,177.0,Debit Card,"Cummingston, Louisiana",,False,True
TXN01085,2022-12-24,09:50:22,6e0a0c88,47,Female,PROD7216,Configurable client-driven pricing structure,Clothing,Men,62.9,2,0.0,125.8,Credit Card,"Ryanland, Maryland",1.1,False,False
TXN01086,2022-09-13,09:50:22,0f179dbc,18,Male,PROD5841,Multi-tiered neutral support,Automotive,Electronics,50.61,5,0.0,253.05,E-Wallet,"West Amyborough, Nebraska",,False,False
TXN01087,2025-01-05,09:50:22,261b75dc,38,Male,PROD2393,Synergistic bottom-line application,Clothing,Kids,57.16,1,0.0,57.16,Debit Card,"Port Jessicamouth, Oregon",4.6,False,False
TXN01088,2024-11-09,09:50:22,40ab0de0,38,Female,PROD7695,Reduced heuristic task-force,Books,Children,24.82,4,0.0,99.28,Bank Transfer,"New Sierraborough, Michigan",,False,False
TXN01089,2024-05-16,09:50:22,5eab1464,29,Male,PROD7063,Optimized disintermediate portal,Clothing,Men,44.11,1,0.24,33.52,Credit Card,"West Gary, Utah",2.8,False,True
TXN01090,2025-03-22,09:50:22,11d9aa42,45,Female,PROD7388,Diverse grid-enabled concept,Sports,Cycling,28.57,4,0.0,114.28,Credit Card,"South Eric, Alabama",,False,True
TXN01091,2022-12-15,09:50:22,7c44985f,36,Male,PROD8323,Profit-focused value-added workforce,Electronics,Headphones,492.56,3,0.0,1477.68,Credit Card,"Lake Andrew, Wyoming",,False,True
TXN01092,2024-11-16,09:50:22,f9016b47,41,Male,PROD8043,Persistent local neural-net,Health,Wellness,44.55,3,0.0,133.65,E-Wallet,"Shanebury, Virginia",,False,True
TXN01093,2025-03-02,09:50:22,b7aa67cf,28,Female,PROD8522,Synergistic mobile database,Automotive,Accessories,31.04,4,0.0,124.16,Bank Transfer,"West Jacqueline, South Dakota",3.3,False,False
TXN01094,2023-08-02,09:50:22,7a0673ee,68,Male,PROD6965,Pre-emptive solution-oriented superstructure,Automotive,Car Care,44.65,5,0.0,223.25,Bank Transfer,"Wilsonfort, Delaware",1.5,True,False
TXN01095,2022-08-02,09:50:22,d69a0696,19,Male,PROD3072,Virtual global open architecture,Toys,Dolls,28.39,3,0.0,85.17,Credit Card,"Allentown, Maryland",3.3,True,True
TXN01096,2025-04-07,09:50:22,ee4dae0a,42,Male,PROD5959,Up-sized user-facing matrices,Toys,Games,31.57,4,0.0,126.28,Bank Transfer,"Billymouth, Oregon",,False,False
TXN01097,2024-01-13,09:50:22,9e9e80ca,39,Female,PROD2929,Profit-focused incremental monitoring,Electronics,Cameras,100.36,3,0.0,301.08,Credit Card,"Williamsfurt, Illinois",4.1,False,False
TXN01098,2024-11-29,09:50:22,b0869a28,24,Male,PROD5592,Re-engineered real-time data-warehouse,Clothing,Women,77.49,4,0.0,309.96,Bank Transfer,"Thompsonland, Ohio",,False,False
TXN01099,2022-07-08,09:50:22,3e84139a,39,Male,PROD8360,Stand-alone value-added concept,Toys,Dolls,36.93,4,0.0,147.72,Debit Card,"Curtisview, Pennsylvania",1.6,False,False
TXN01100,2022-09-07,09:50:22,ec350374,61,Female,PROD7108,Progressive bifurcated protocol,Beauty,Haircare,49.96,3,0.0,149.88,Credit Card,"Livingstonmouth, Nevada",4.3,False,False
TXN01101,2025-01-10,09:50:22,baf9a878,49,Male,PROD1295,Monitored dedicated frame,Sports,Yoga,1.99,5,0.26,7.36,Debit Card,"Andrewmouth, Florida",1.5,False,True
TXN01102,2024-08-05,09:50:22,c979dbe2,70,Male,PROD5562,Progressive secondary neural-net,Toys,Dolls,71.77,3,0.0,215.31,Credit Card,"Lake Rhondaport, Minnesota",,False,False
TXN01103,2024-09-25,09:50:22,bb536d3b,18,Male,PROD2457,Digitized stable open system,Home & Kitchen,Bedding,110.23,2,0.0,220.46,Bank Transfer,"New Joseph, Alabama",2.3,False,False
TXN01104,2022-12-13,09:50:22,c86320c6,44,Male,PROD7381,Synchronized zero tolerance forecast,Automotive,Accessories,52.16,2,0.0,104.32,E-Wallet,"South Jeremy, Kansas",,False,False
TXN01105,2025-02-03,09:50:22,84791c35,23,Male,PROD7091,Vision-oriented scalable installation,Sports,Fitness,9.2,4,0.25,27.6,Bank Transfer,"Hamiltonbury, Maine",,False,False
TXN01106,2024-10-30,09:50:22,03f3e5f3,65,Female,PROD4725,Open-source maximized open system,Books,Fiction,42.26,1,0.0,42.26,E-Wallet,"Thompsonburgh, Vermont",,False,False
TXN01107,2022-10-03,09:50:22,a5aa387d,55,Female,PROD1240,Innovative empowering archive,Books,Fiction,8.93,5,0.06,41.97,E-Wallet,"Rangelland, South Dakota",1.3,True,False
TXN01108,2022-10-18,09:50:22,1379e599,32,Male,PROD9550,Team-oriented next generation conglomeration,Clothing,Accessories,31.29,5,0.0,156.45,Bank Transfer,"Ryanmouth, New Jersey",3.8,False,False
TXN01109,2024-02-24,09:50:22,9fee4fc9,67,Male,PROD7773,Quality-focused background ability,Health,Supplements,68.28,4,0.0,273.12,Bank Transfer,"New Anthonyside, Tennessee",2.0,False,True
TXN01110,2023-03-05,09:50:22,35d912ba,31,Male,PROD1581,Open-source impactful Graphic Interface,Health,Wellness,26.19,2,0.0,52.38,Debit Card,"West Robertside, Utah",,False,True
TXN01111,2022-09-17,09:50:22,da6e2807,31,Female,PROD8173,Enterprise-wide 3rdgeneration approach,Sports,Cycling,34.35,5,0.0,171.75,Debit Card,"Moranshire, Oregon",1.3,False,False
TXN01112,2023-01-19,09:50:22,c4e01e2a,52,Female,PROD1637,Centralized 4thgeneration monitoring,Grocery,Canned Goods,47.4,2,0.0,94.8,Credit Card,"South Emily, Oklahoma",2.6,False,False
TXN01113,2023-11-20,09:50:22,09406773,53,Female,PROD3897,Profound multi-tasking website,Health,Wellness,39.91,2,0.0,79.82,Cash,"North Joside, Oregon",,False,True
TXN01114,2024-03-01,09:50:22,9c574c9e,70,Female,PROD5533,Multi-layered bifurcated array,Beauty,Fragrances,33.01,2,0.0,66.02,Cash,"West Stacey, Tennessee",2.3,False,False
TXN01115,2024-06-24,09:50:22,c750727a,31,Male,PROD1159,Future-proofed zero tolerance standardization,Books,Cookbooks,37.3,3,0.0,111.9,Cash,"East Lori, Georgia",,False,False
TXN01116,2025-04-26,09:50:22,4925d9a2,32,Male,PROD2365,Decentralized intangible Local Area Network,Sports,Team Sports,78.07,1,0.21,61.68,Cash,"West Ashley, Mississippi",,False,False
TXN01117,2023-12-30,09:50:22,f75ce651,63,Female,PROD7374,Realigned 6thgeneration service-desk,Automotive,Car Care,28.85,1,0.0,28.85,Credit Card,"Stephanieview, New York",1.6,False,False
TXN01118,2024-11-20,09:50:22,4143198b,70,Female,PROD2362,Mandatory mission-critical parallelism,Home & Kitchen,Furniture,134.08,4,0.0,536.32,Cash,"Melindaview, Maine",4.7,False,False
TXN01119,2025-03-06,09:50:22,542bdde2,21,Male,PROD3587,Triple-buffered composite hardware,Clothing,Women,81.52,2,0.0,163.04,Cash,"New Taraton, Alaska",4.1,False,False
TXN01120,2024-10-03,09:50:22,c290ec0c,69,Female,PROD8211,Focused empowering challenge,Electronics,Smartphones,721.11,3,0.1,1947.0,Debit Card,"Chadmouth, Florida",4.6,False,False
TXN01121,2022-11-25,09:50:22,83b8d844,26,Female,PROD1811,Face-to-face cohesive array,Electronics,Headphones,737.41,3,0.26,1637.05,Credit Card,"Wilsonstad, Michigan",,False,False
TXN01122,2022-12-26,09:50:22,03639faf,36,Male,PROD5981,Total bi-directional intranet,Health,Medical,42.77,1,0.0,42.77,Credit Card,"Ayalamouth, Vermont",1.2,False,True
TXN01123,2023-07-20,09:50:22,f166ab38,45,Male,PROD9298,Assimilated asynchronous open architecture,Health,Vitamins,7.14,1,0.0,7.14,Debit Card,"East Angela, Iowa",,False,False
TXN01124,2024-10-02,09:50:22,3c64a32c,59,Female,PROD3855,Universal eco-centric budgetary management,Beauty,Skincare,62.67,1,0.0,62.67,Bank Transfer,"Matthewsside, Montana",,False,False
TXN01125,2024-11-15,09:50:22,7da08f82,20,Male,PROD7677,Focused asynchronous emulation,Grocery,Canned Goods,7.07,5,0.0,35.35,Credit Card,"Garzaland, Michigan",,False,False
TXN01126,2023-08-16,09:50:22,48fcdc9a,22,Female,PROD8196,Operative next generation infrastructure,Health,Vitamins,36.05,1,0.0,36.05,E-Wallet,"Wilcoxville, Ohio",,False,True
TXN01127,2024-08-30,09:50:22,72418e5a,60,Male,PROD5734,Self-enabling web-enabled knowledge user,Grocery,Dairy,14.91,5,0.0,74.55,Debit Card,"Franklinchester, Connecticut",,False,False
TXN01128,2024-03-30,09:50:22,d9f409bd,39,Female,PROD1131,Programmable intangible hub,Sports,Outdoor,28.72,1,0.17,23.84,E-Wallet,"East Melanie, Kentucky",,False,False
TXN01129,2024-11-19,09:50:22,46a12a70,43,Male,PROD5683,Intuitive fresh-thinking challenge,Electronics,Smartphones,565.75,4,0.0,2263.0,E-Wallet,"Lake Katherine, Maryland",,False,False
TXN01130,2024-07-30,09:50:22,621fd86a,32,Male,PROD6041,Organic demand-driven standardization,Home & Kitchen,Bedding,142.5,1,0.0,142.5,Bank Transfer,"Wrightshire, Washington",,False,True
TXN01131,2024-09-03,09:50:22,4b610e1f,40,Male,PROD1092,Multi-tiered systematic knowledge user,Electronics,Smartphones,584.38,5,0.27,2132.99,E-Wallet,"East Michael, New Mexico",,False,False
TXN01132,2022-11-16,09:50:22,0498e5aa,23,Female,PROD7432,Adaptive object-oriented flexibility,Automotive,Car Care,62.27,5,0.0,311.35,Credit Card,"Sherifurt, Maine",,False,False
TXN01133,2024-02-05,09:50:22,399d1a74,39,Female,PROD6296,Vision-oriented exuding superstructure,Health,Vitamins,39.07,3,0.0,117.21,Cash,"West Amyshire, North Dakota",4.8,False,False
TXN01134,2024-09-26,09:50:22,2db9e7a5,20,Male,PROD4936,Cross-group holistic moratorium,Clothing,Women,42.68,5,0.0,213.4,E-Wallet,"Charlesfurt, Utah",2.2,False,False
TXN01135,2024-02-05,09:50:22,af465fc1,34,Female,PROD8591,Pre-emptive clear-thinking throughput,Home & Kitchen,Furniture,187.49,2,0.0,374.98,Cash,"Jamesfurt, Washington",,False,False
TXN01136,2023-10-10,09:50:22,1ced19ec,29,Male,PROD8068,Focused bottom-line secured line,Home & Kitchen,Furniture,203.26,4,0.25,609.78,Debit Card,"West Courtney, Maine",,False,True
TXN01137,2024-06-10,09:50:22,32c7da3d,64,Male,PROD6997,Fully-configurable motivating flexibility,Health,Supplements,5.45,1,0.0,5.45,Bank Transfer,"North Aaronshire, Alaska",4.1,False,False
TXN01138,2023-03-14,09:50:22,f5b19c2b,64,Female,PROD8598,Vision-oriented bifurcated model,Clothing,Accessories,67.92,4,0.0,271.68,Cash,"East Darius, Indiana",,False,False
TXN01139,2025-01-01,09:50:22,9cb4ffdd,33,Female,PROD9765,Business-focused tertiary extranet,Clothing,Shoes,71.04,5,0.0,355.2,Credit Card,"Greenfort, South Dakota",4.0,False,False
TXN01140,2022-09-20,09:50:22,5c2b5661,29,Female,PROD6434,Future-proofed 24hour alliance,Grocery,Snacks,24.05,5,0.0,120.25,Bank Transfer,"Jenniferstad, Alaska",4.8,False,False
TXN01141,2022-11-08,09:50:22,2ae3f783,29,Male,PROD5825,Phased maximized access,Electronics,Smartphones,775.14,5,0.23,2984.29,E-Wallet,"West John, West Virginia",,False,False
TXN01142,2022-10-27,09:50:22,097ab728,59,Male,PROD3157,Seamless actuating solution,Grocery,Beverages,27.0,2,0.07,50.22,Cash,"Travismouth, Maine",2.9,False,False
TXN01143,2022-11-12,09:50:22,b4cfb513,62,Male,PROD3073,Monitored needs-based monitoring,Clothing,Men,53.77,4,0.0,215.08,Cash,"Washingtonview, Wyoming",,False,False
TXN01144,2024-10-06,09:50:22,d3b351d6,32,Male,PROD3139,Operative fresh-thinking support,Home & Kitchen,Furniture,107.88,2,0.0,215.76,Cash,"North Timothy, Oklahoma",,False,False
TXN01145,2022-11-19,09:50:22,25a2b042,50,Male,PROD7847,Networked well-modulated collaboration,Home & Kitchen,Furniture,121.09,2,0.0,242.18,Debit Card,"Port Chelsey, California",,False,True
TXN01146,2024-06-07,09:50:22,a92284ec,46,Female,PROD8530,Switchable 6thgeneration core,Beauty,Fragrances,8.07,2,0.3,11.3,Credit Card,"West Daniel, Nebraska",,False,False
TXN01147,2023-01-27,09:50:22,d667cf0e,56,Male,PROD7811,User-centric even-keeled product,Clothing,Accessories,6.8,5,0.0,34.0,Credit Card,"Kingberg, Idaho",,False,False
TXN01148,2022-09-05,09:50:22,18f8ae33,55,Male,PROD2955,Universal optimal analyzer,Clothing,Shoes,97.84,3,0.0,293.52,Bank Transfer,"Gardnerport, Washington",,False,True
TXN01149,2024-03-11,09:50:22,1770da88,69,Male,PROD2941,Managed dedicated access,Grocery,Bakery,13.06,3,0.15,33.3,Debit Card,"Phamview, Virginia",,False,True
TXN01150,2023-01-11,09:50:22,953fac76,43,Female,PROD1664,Reduced modular matrix,Electronics,TVs,301.72,4,0.0,1206.88,Cash,"Amyville, Rhode Island",4.9,False,False
TXN01151,2024-08-24,09:50:22,580a010f,37,Female,PROD5173,Cross-platform analyzing concept,Home & Kitchen,Furniture,1.99,5,0.0,9.95,E-Wallet,"Welchchester, Louisiana",,False,True
TXN01152,2024-04-29,09:50:22,20a75610,54,Female,PROD6632,Business-focused scalable superstructure,Toys,Educational,17.22,2,0.0,34.44,Bank Transfer,"Stevenfort, Wisconsin",,True,False
TXN01153,2024-09-18,09:50:22,7cdb7bd0,23,Female,PROD3406,Monitored uniform database,Toys,Dolls,3.54,4,0.26,10.48,E-Wallet,"Matthewston, Maryland",,False,False
TXN01154,2022-08-19,09:50:22,a3e8c8b9,61,Male,PROD9745,Sharable attitude-oriented product,Home & Kitchen,Cookware,234.94,5,0.0,1174.7,Cash,"North Lauraville, Louisiana",,False,False
TXN01155,2023-12-16,09:50:22,8674f213,64,Female,PROD2386,Digitized transitional policy,Health,Wellness,50.2,1,0.0,50.2,E-Wallet,"Brendabury, Wisconsin",,False,False
TXN01156,2024-02-04,09:50:22,5057173f,64,Female,PROD8551,Re-contextualized optimal interface,Toys,Games,16.24,2,0.0,32.48,Cash,"Omarport, Wisconsin",,False,True
TXN01157,2024-04-25,09:50:22,bf32e14d,70,Male,PROD4946,Cloned incremental archive,Sports,Fitness,75.05,3,0.0,225.15,Debit Card,"Lake Jonathan, Montana",,False,False
TXN01158,2022-12-04,09:50:22,a50718f4,41,Female,PROD7396,Diverse tertiary hardware,Sports,Cycling,49.64,4,0.0,198.56,Cash,"Sarastad, Wyoming",4.9,False,False
TXN01159,2025-03-10,09:50:22,f9c6ad42,64,Female,PROD4266,Organic multi-tasking migration,Beauty,Fragrances,23.5,3,0.0,70.5,E-Wallet,"Schneiderfort, Kentucky",3.3,False,True
TXN01160,2023-07-15,09:50:22,7a4d6b63,69,Male,PROD8059,Persevering solution-oriented frame,Sports,Cycling,1.99,4,0.0,7.96,Cash,"Cabreraton, Connecticut",2.6,False,True
TXN01161,2023-03-18,09:50:22,7608a574,54,Female,PROD6019,Total secondary firmware,Clothing,Women,118.73,3,0.0,356.19,Credit Card,"Lake Stephaniefort, North Carolina",,False,False
TXN01162,2025-01-17,09:50:22,c0b11bba,37,Female,PROD3977,Front-line explicit algorithm,Home & Kitchen,Decor,22.73,5,0.25,85.24,Cash,"East Garyfort, Pennsylvania",3.3,False,False
TXN01163,2023-08-08,09:50:22,484dc199,29,Female,PROD3007,Automated interactive benchmark,Electronics,Headphones,170.92,3,0.14,440.97,Bank Transfer,"Jasonside, Massachusetts",4.9,False,True
TXN01164,2022-12-13,09:50:22,e5995f36,37,Female,PROD6061,Proactive asynchronous structure,Beauty,Tools,50.45,5,0.25,189.19,Debit Card,"Billyport, North Carolina",,False,False
TXN01165,2024-04-22,09:50:22,b9de72e5,19,Male,PROD9121,Phased client-driven solution,Books,Cookbooks,78.8,4,0.0,315.2,E-Wallet,"North Williambury, California",,False,False
TXN01166,2024-05-27,09:50:22,65774ed6,38,Male,PROD4426,Future-proofed executive hardware,Home & Kitchen,Appliances,216.9,1,0.23,167.01,E-Wallet,"Port Margaret, Alaska",1.4,False,False
TXN01167,2022-12-27,09:50:22,faec5e72,35,Female,PROD1796,Self-enabling full-range hardware,Beauty,Makeup,41.28,4,0.0,165.12,Bank Transfer,"Kimberlyport, Wyoming",4.2,False,True
TXN01168,2023-11-27,09:50:22,a408237f,32,Female,PROD8582,Organized maximized framework,Home & Kitchen,Furniture,161.63,5,0.0,808.15,Cash,"Dylanchester, Maine",,False,False
TXN01169,2023-08-12,09:50:22,4527974c,59,Male,PROD6850,Fundamental bifurcated standardization,Toys,Games,47.07,4,0.17,156.27,Credit Card,"South Kari, Wisconsin",,False,False
TXN01170,2024-09-30,09:50:22,693bea05,20,Male,PROD3490,Multi-lateral even-keeled capacity,Automotive,Tools,45.18,1,0.0,45.18,Cash,"Stevenshaven, Ohio",,False,False
TXN01171,2022-06-28,09:50:22,9b6b43a2,56,Female,PROD4714,User-centric optimal Graphical User Interface,Home & Kitchen,Furniture,139.68,3,0.17,347.8,Debit Card,"Mccormickfort, Maryland",,False,False
TXN01172,2023-11-04,09:50:22,7fb8a20b,20,Male,PROD2992,Distributed reciprocal website,Clothing,Women,53.13,4,0.0,212.52,Credit Card,"Michaelchester, Vermont",,False,False
TXN01173,2022-07-04,09:50:22,96336118,56,Male,PROD8940,Compatible 4thgeneration array,Sports,Outdoor,28.75,5,0.0,143.75,Debit Card,"East Ginaport, Alabama",,False,False
TXN01174,2023-05-10,09:50:22,fa75e920,28,Male,PROD8253,Open-architected bottom-line paradigm,Sports,Cycling,14.92,3,0.0,44.76,Debit Card,"Port Kristinaside, Arizona",,False,False
TXN01175,2023-11-16,09:50:22,86a9778a,68,Female,PROD4694,Automated methodical leverage,Automotive,Electronics,24.39,5,0.12,107.32,E-Wallet,"West Anthonymouth, Indiana",,False,False
TXN01176,2024-01-28,09:50:22,66d75781,53,Female,PROD1746,Cross-group multi-tasking knowledge user,Clothing,Accessories,1.99,3,0.0,5.97,E-Wallet,"Dominguezside, Ohio",,False,False
TXN01177,2024-03-31,09:50:22,a41c4275,18,Female,PROD3042,Face-to-face eco-centric protocol,Books,Fiction,28.03,5,0.0,140.15,Debit Card,"Dillonstad, Arizona",,False,True
TXN01178,2024-04-23,09:50:22,a789b877,60,Female,PROD5294,Cross-group empowering Graphic Interface,Automotive,Accessories,10.23,5,0.0,51.15,Debit Card,"Abigailfort, Delaware",3.8,False,True
TXN01179,2022-05-18,09:50:22,4db7273e,31,Male,PROD3320,User-friendly upward-trending architecture,Toys,Educational,7.93,2,0.0,15.86,Cash,"North Kennethshire, Maryland",,False,False
TXN01180,2023-05-12,09:50:22,5aea5292,40,Male,PROD4016,Distributed system-worthy moderator,Automotive,Tools,33.6,1,0.0,33.6,Cash,"East Johnmouth, Illinois",,False,False
TXN01181,2023-02-23,09:50:22,84a2101c,42,Male,PROD8844,Upgradable fresh-thinking forecast,Toys,Action Figures,57.84,4,0.27,168.89,Cash,"Jamesfort, North Dakota",,False,True
TXN01182,2024-08-03,09:50:22,29b010c0,18,Female,PROD6165,Monitored motivating open architecture,Clothing,Accessories,77.55,1,0.0,77.55,E-Wallet,"Port Shannonmouth, Minnesota",,False,False
TXN01183,2022-09-25,09:50:22,b1d8eb42,32,Female,PROD3859,Networked modular instruction set,Beauty,Skincare,1.99,5,0.0,9.95,Credit Card,"West Zoeton, California",,False,True
TXN01184,2023-02-20,09:50:22,2cf8b21b,22,Female,PROD5535,Multi-lateral full-range capacity,Beauty,Fragrances,10.21,2,0.0,20.42,E-Wallet,"West Jessicashire, Arizona",3.6,False,True
TXN01185,2022-07-07,09:50:22,0f1d8d01,64,Female,PROD2179,Centralized mobile encoding,Sports,Team Sports,48.82,5,0.09,222.13,Credit Card,"Nicoleland, North Carolina",2.5,False,False
TXN01186,2022-11-09,09:50:22,5d58d619,54,Female,PROD4465,Persevering mobile superstructure,Sports,Team Sports,10.35,4,0.0,41.4,Bank Transfer,"North Christopherburgh, Minnesota",,False,False
TXN01187,2025-04-26,09:50:22,2568e827,45,Male,PROD1244,Reactive optimal concept,Books,Children,25.51,2,0.25,38.27,Debit Card,"North Marissashire, Massachusetts",,False,False
TXN01188,2023-07-20,09:50:22,1a4a086a,30,Male,PROD8045,Ameliorated intermediate intranet,Books,Fiction,41.0,2,0.0,82.0,Credit Card,"West Karina, Colorado",,False,False
TXN01189,2024-06-14,09:50:22,c03157cd,31,Male,PROD3702,Re-engineered zero administration frame,Books,Cookbooks,10.63,5,0.0,53.15,E-Wallet,"Brownland, Wisconsin",1.1,False,False
TXN01190,2024-09-11,09:50:22,9106946d,61,Male,PROD8542,Multi-layered incremental open system,Grocery,Snacks,32.11,5,0.0,160.55,Debit Card,"New Kevinland, Tennessee",1.5,False,False
TXN01191,2024-11-20,09:50:22,d49bf0b3,58,Male,PROD6058,Adaptive 6thgeneration success,Automotive,Electronics,3.32,5,0.0,16.6,Bank Transfer,"Hopkinsstad, Wisconsin",,False,False
TXN01192,2024-04-03,09:50:22,2d09e320,32,Male,PROD3371,Ameliorated impactful product,Toys,Games,17.97,3,0.29,38.28,Bank Transfer,"Port Aprilport, Indiana",,True,True
TXN01193,2023-03-24,09:50:22,57ac7b3b,36,Female,PROD5654,Cross-group content-based knowledge user,Clothing,Kids,59.59,1,0.0,59.59,E-Wallet,"New Amandaborough, Mississippi",4.2,False,False
TXN01194,2024-06-01,09:50:22,250db649,52,Female,PROD9133,Public-key asymmetric projection,Electronics,Laptops,181.4,4,0.0,725.6,E-Wallet,"West Dustinborough, South Carolina",2.6,False,False
TXN01195,2024-02-03,09:50:22,24c4162d,42,Female,PROD7989,Face-to-face national challenge,Health,First Aid,38.81,3,0.0,116.43,Credit Card,"Anthonyburgh, Delaware",,False,True
TXN01196,2024-02-29,09:50:22,b3d25c09,48,Male,PROD1616,Exclusive global portal,Sports,Fitness,29.61,1,0.0,29.61,Cash,"West Lawrencefurt, South Dakota",,False,False
TXN01197,2022-10-26,09:50:22,c39414ee,58,Female,PROD3250,Optional national strategy,Beauty,Tools,41.05,4,0.0,164.2,E-Wallet,"Bradleyton, Arizona",,False,False
TXN01198,2022-08-21,09:50:22,8c9a7ac8,29,Female,PROD6730,Ergonomic secondary productivity,Sports,Outdoor,34.48,1,0.0,34.48,Bank Transfer,"Williamborough, Oklahoma",,False,False
TXN01199,2023-03-20,09:50:22,e9cb19aa,57,Female,PROD9593,Synchronized stable database,Books,Educational,57.28,2,0.0,114.56,Debit Card,"South Sarahfurt, Pennsylvania",4.9,False,False
TXN01200,2023-03-24,09:50:22,66f39403,33,Female,PROD6413,Self-enabling local knowledge user,Health,Medical,32.5,5,0.0,162.5,Cash,"Port Amandachester, Tennessee",2.7,False,False
TXN01201,2022-08-15,09:50:22,690cc093,57,Male,PROD7480,Cloned zero administration capability,Beauty,Makeup,21.41,3,0.0,64.23,Credit Card,"Jenniferburgh, Wyoming",4.2,False,False
TXN01202,2022-10-20,09:50:22,5fc7a261,36,Male,PROD5417,Future-proofed multimedia methodology,Grocery,Bakery,32.45,2,0.0,64.9,Cash,"Raymondchester, Pennsylvania",2.1,False,True
TXN01203,2023-11-14,09:50:22,b1f85500,56,Female,PROD4580,Synchronized user-facing knowledge user,Automotive,Electronics,40.87,2,0.06,76.84,Cash,"Aaronmouth, Alabama",,False,False
TXN01204,2024-10-29,09:50:22,908dffe9,24,Male,PROD8299,Managed global success,Automotive,Electronics,30.98,5,0.0,154.9,Cash,"Port Sherrimouth, Vermont",,False,False
TXN01205,2024-09-20,09:50:22,304b06e0,30,Female,PROD7763,Proactive asynchronous flexibility,Clothing,Shoes,51.22,1,0.0,51.22,Cash,"New Brianland, West Virginia",4.6,False,False
TXN01206,2025-01-24,09:50:22,22f71207,37,Female,PROD2050,Optimized object-oriented adapter,Health,Supplements,15.96,2,0.05,30.32,Cash,"Port Robinborough, Rhode Island",2.1,False,False
TXN01207,2024-10-27,09:50:22,b0743913,31,Female,PROD6461,Adaptive 3rdgeneration alliance,Health,Vitamins,16.74,1,0.23,12.89,Cash,"New Brianville, Wisconsin",,False,False
TXN01208,2024-08-31,09:50:22,f7ce8c05,69,Male,PROD4578,Up-sized secondary algorithm,Automotive,Electronics,1.99,4,0.2,6.37,E-Wallet,"North Savannahbury, New York",4.9,False,True
TXN01209,2023-11-16,09:50:22,8d47e236,22,Male,PROD9880,Down-sized tangible knowledge user,Sports,Cycling,64.99,3,0.22,152.08,E-Wallet,"New Brandonmouth, New Mexico",,False,True
TXN01210,2023-07-21,09:50:22,9bd41538,30,Female,PROD8495,Seamless web-enabled hub,Grocery,Canned Goods,5.12,2,0.15,8.7,Debit Card,"West Christophertown, Colorado",,False,True
TXN01211,2025-03-20,09:50:22,34685045,50,Female,PROD9851,Robust discrete circuit,Grocery,Snacks,16.14,1,0.0,16.14,E-Wallet,"Cassiebury, New York",3.9,False,True
TXN01212,2022-12-25,09:50:22,ab8e21af,27,Male,PROD8983,Customer-focused web-enabled synergy,Sports,Outdoor,15.63,5,0.0,78.15,E-Wallet,"Lake Leslie, Maryland",,False,True
TXN01213,2024-04-11,09:50:22,445692cd,21,Male,PROD4741,Re-engineered multi-state framework,Books,Children,47.9,2,0.0,95.8,Cash,"Lake Donaldshire, Delaware",1.8,False,False
TXN01214,2024-10-02,09:50:22,89f0362b,29,Female,PROD6517,Front-line logistical migration,Sports,Fitness,24.1,2,0.19,39.04,Cash,"Erikstad, Pennsylvania",2.7,False,False
TXN01215,2022-12-19,09:50:22,e043e409,26,Male,PROD3202,Reactive non-volatile help-desk,Home & Kitchen,Appliances,207.34,2,0.3,290.28,Bank Transfer,"West Ashleyland, Colorado",,False,False
TXN01216,2023-12-07,09:50:22,55752112,34,Female,PROD8675,Diverse grid-enabled frame,Clothing,Women,29.8,2,0.0,59.6,Debit Card,"East Jacob, Rhode Island",,False,False
TXN01217,2025-01-26,09:50:22,5348b75a,27,Female,PROD6691,Automated analyzing neural-net,Clothing,Shoes,58.37,4,0.0,233.48,Credit Card,"North Rachel, Mississippi",2.8,False,False
TXN01218,2025-04-19,09:50:22,44cad13d,32,Female,PROD8989,Down-sized leadingedge neural-net,Electronics,Laptops,332.93,3,0.0,998.79,Debit Card,"New Christyborough, Virginia",,False,True
TXN01219,2024-01-27,09:50:22,cde520b8,23,Female,PROD3671,Optimized holistic paradigm,Beauty,Makeup,72.9,1,0.12,64.15,Credit Card,"Lewisstad, California",,False,False
TXN01220,2022-08-07,09:50:22,caaca13e,34,Female,PROD2664,Versatile transitional budgetary management,Home & Kitchen,Cookware,36.87,1,0.0,36.87,Credit Card,"Port Monique, Delaware",2.8,False,False
TXN01221,2023-07-31,09:50:22,0262cff9,34,Male,PROD7329,Decentralized actuating support,Books,Children,36.2,3,0.0,108.6,Bank Transfer,"Lake Joshua, North Dakota",,False,False
TXN01222,2024-07-23,09:50:22,32b72945,50,Male,PROD3947,Up-sized national installation,Automotive,Car Care,42.68,2,0.0,85.36,E-Wallet,"Port Claudiaburgh, North Dakota",3.5,False,False
TXN01223,2022-08-26,09:50:22,0b4ee7b0,50,Male,PROD5053,Multi-tiered even-keeled workforce,Health,Medical,38.28,4,0.0,153.12,Bank Transfer,"Matthewmouth, Hawaii",2.1,False,False
TXN01224,2022-05-21,09:50:22,7f1302f8,21,Male,PROD9698,Grass-roots 24hour website,Books,Cookbooks,26.29,1,0.0,26.29,Credit Card,"Johnville, Texas",,False,False
TXN01225,2023-06-28,09:50:22,b1c45224,47,Male,PROD8941,Horizontal incremental access,Grocery,Canned Goods,27.4,5,0.0,137.0,Bank Transfer,"Lake Victoria, Indiana",,False,True
TXN01226,2024-01-13,09:50:22,37eeff12,62,Female,PROD3919,Object-based mobile utilization,Grocery,Bakery,30.88,2,0.0,61.76,Bank Transfer,"South Ryanshire, Texas",4.9,False,False
TXN01227,2023-07-12,09:50:22,3db2f700,33,Male,PROD8444,Synchronized bifurcated Local Area Network,Clothing,Shoes,45.59,1,0.09,41.49,E-Wallet,"Makaylahaven, Washington",4.8,False,True
TXN01228,2023-02-11,09:50:22,83a7da44,55,Female,PROD4151,Streamlined national methodology,Beauty,Makeup,49.28,2,0.09,89.69,Cash,"Travisfort, Louisiana",3.7,False,False
TXN01229,2023-10-11,09:50:22,5a13e22e,19,Female,PROD9228,Expanded client-server solution,Electronics,Cameras,942.1,2,0.0,1884.2,Cash,"Jasminestad, Washington",2.2,False,False
TXN01230,2023-12-19,09:50:22,6a9a5183,57,Female,PROD9314,Vision-oriented solution-oriented adapter,Health,Wellness,18.85,3,0.17,46.94,Debit Card,"Mariaville, Louisiana",1.0,False,True
TXN01231,2024-03-07,09:50:22,5507db5d,43,Female,PROD4427,Object-based user-facing structure,Sports,Outdoor,2.6,4,0.0,10.4,Bank Transfer,"Larsonfurt, Pennsylvania",,False,False
TXN01232,2023-01-06,09:50:22,c5e176d9,38,Male,PROD3621,Universal client-driven ability,Sports,Yoga,28.23,2,0.0,56.46,E-Wallet,"Annchester, Rhode Island",4.7,False,False
TXN01233,2022-05-21,09:50:22,84fc93a5,69,Male,PROD1455,Open-architected zero administration data-warehouse,Electronics,Headphones,1015.94,1,0.0,1015.94,Cash,"East Rhondaport, California",,False,False
TXN01234,2025-02-17,09:50:22,fa8443da,31,Male,PROD3484,Centralized context-sensitive array,Home & Kitchen,Appliances,63.74,5,0.0,318.7,Credit Card,"Shelbyhaven, Virginia",2.3,False,False
TXN01235,2024-10-03,09:50:22,3338416a,59,Female,PROD3823,Front-line directional concept,Health,First Aid,62.78,2,0.0,125.56,E-Wallet,"North Thomas, Washington",,False,False
TXN01236,2023-04-30,09:50:22,6e163ad1,59,Female,PROD2590,User-friendly secondary matrices,Home & Kitchen,Furniture,237.44,4,0.0,949.76,Cash,"North Margaret, Ohio",,False,False
TXN01237,2023-01-25,09:50:22,5c10eefa,22,Male,PROD3896,Persistent multimedia intranet,Grocery,Bakery,18.93,1,0.19,15.33,Debit Card,"Mossstad, Nebraska",,False,True
TXN01238,2024-06-22,09:50:22,cbbdcd1f,63,Female,PROD9819,Multi-channeled 6thgeneration protocol,Home & Kitchen,Furniture,159.83,3,0.0,479.49,Bank Transfer,"South Douglasberg, South Dakota",,False,False
TXN01239,2025-04-30,09:50:22,34fc3548,66,Male,PROD9697,Exclusive bandwidth-monitored application,Toys,Puzzles,62.57,4,0.0,250.28,Cash,"Port Elizabeth, Rhode Island",,False,False
TXN01240,2023-08-20,09:50:22,cb36fbf5,20,Female,PROD3910,Stand-alone 5thgeneration workforce,Electronics,Headphones,424.17,3,0.0,1272.51,Debit Card,"Jessicamouth, Missouri",,False,False
TXN01241,2025-02-23,09:50:22,8ede7175,58,Female,PROD5616,Upgradable zero administration secured line,Books,Educational,25.93,5,0.0,129.65,Cash,"Lake Tiffany, Louisiana",3.1,False,False
TXN01242,2024-04-30,09:50:22,12ad1ba0,25,Male,PROD8145,Balanced composite model,Beauty,Skincare,18.37,5,0.0,91.85,Debit Card,"South Jamesberg, California",,False,True
TXN01243,2022-09-30,09:50:22,7a12541b,57,Female,PROD9714,Enhanced coherent task-force,Grocery,Beverages,9.7,1,0.0,9.7,Credit Card,"Amyberg, Oklahoma",,False,False
TXN01244,2024-07-27,09:50:22,31bd854b,23,Female,PROD8315,Managed attitude-oriented data-warehouse,Beauty,Fragrances,17.01,5,0.0,85.05,Bank Transfer,"New Isaac, South Carolina",,False,False
TXN01245,2022-07-31,09:50:22,892eb041,59,Male,PROD9416,Enhanced exuding protocol,Health,Wellness,5.52,5,0.0,27.6,Cash,"Williamsonview, Florida",,False,True
TXN01246,2024-10-15,09:50:22,638d11d9,65,Male,PROD1034,Right-sized client-driven framework,Automotive,Tools,30.68,1,0.0,30.68,E-Wallet,"East Bobby, Wisconsin",,False,False
TXN01247,2022-06-13,09:50:22,8596f19d,18,Female,PROD1760,Quality-focused leadingedge throughput,Grocery,Beverages,14.6,5,0.0,73.0,Bank Transfer,"Morganhaven, South Carolina",,False,True
TXN01248,2024-12-02,09:50:22,3a27d498,44,Male,PROD2023,Inverse incremental approach,Grocery,Bakery,34.68,2,0.0,69.36,Credit Card,"North Morgan, New Jersey",,False,False
TXN01249,2022-10-12,09:50:22,9210a03a,53,Male,PROD9218,Self-enabling directional architecture,Toys,Dolls,1.99,4,0.0,7.96,Debit Card,"Victoriachester, Arizona",,False,False
TXN01250,2024-02-06,09:50:22,058f8ae3,58,Female,PROD3900,Down-sized holistic service-desk,Grocery,Beverages,36.62,4,0.0,146.48,Credit Card,"New Thomasshire, Wisconsin",,False,True
TXN01251,2024-10-01,09:50:22,b1a9625b,30,Male,PROD9287,Programmable eco-centric task-force,Toys,Puzzles,46.67,3,0.0,140.01,Credit Card,"West Sarah, Arizona",,False,True
TXN01252,2024-08-11,09:50:22,a5461772,40,Male,PROD8554,Devolved disintermediate data-warehouse,Grocery,Bakery,1.99,2,0.19,3.22,Bank Transfer,"South Lori, Alabama",,False,False
TXN01253,2024-09-07,09:50:22,6d970ce5,49,Female,PROD2556,Grass-roots stable workforce,Clothing,Accessories,61.22,4,0.0,244.88,Credit Card,"East Aliciabury, Pennsylvania",2.6,False,False
TXN01254,2023-12-19,09:50:22,3cc40005,33,Male,PROD3087,Multi-channeled intangible open system,Sports,Cycling,54.55,2,0.27,79.64,Bank Transfer,"Jonathanchester, Minnesota",3.1,False,False
TXN01255,2022-12-27,09:50:22,e0678989,55,Male,PROD9864,Cloned systematic function,Toys,Action Figures,5.81,4,0.0,23.24,Credit Card,"Lake Jordanhaven, Indiana",2.4,False,False
TXN01256,2024-08-12,09:50:22,c0e026de,41,Female,PROD9746,Stand-alone systematic project,Books,Non-Fiction,63.45,1,0.0,63.45,Debit Card,"West Kellyhaven, Idaho",3.8,False,True
TXN01257,2022-06-17,09:50:22,01da87c4,39,Female,PROD4662,Optional real-time definition,Sports,Cycling,38.38,1,0.16,32.24,Cash,"Grahamstad, Louisiana",,False,False
TXN01258,2024-03-01,09:50:22,252ee857,46,Female,PROD8785,Vision-oriented responsive application,Electronics,Headphones,359.0,3,0.0,1077.0,Bank Transfer,"East Alisha, Tennessee",,False,False
TXN01259,2023-04-22,09:50:22,8de538f7,53,Male,PROD8492,Compatible intermediate contingency,Toys,Puzzles,28.88,3,0.16,72.78,Bank Transfer,"New Dylan, Kansas",,False,False
TXN01260,2024-12-03,09:50:22,96bb2253,22,Male,PROD9258,Organic coherent model,Beauty,Tools,41.17,3,0.0,123.51,Bank Transfer,"Erikfort, Minnesota",2.1,False,True
TXN01261,2024-05-16,09:50:22,399dc61c,31,Female,PROD9788,Up-sized contextually-based emulation,Books,Non-Fiction,31.52,3,0.0,94.56,Bank Transfer,"Kellietown, Arkansas",4.8,False,True
TXN01262,2022-11-02,09:50:22,bf4b9c5c,68,Male,PROD9433,Public-key motivating Local Area Network,Toys,Games,40.78,5,0.0,203.9,Cash,"Lisahaven, Oklahoma",,False,False
TXN01263,2024-10-16,09:50:22,36392441,47,Male,PROD7499,Multi-layered human-resource data-warehouse,Sports,Outdoor,11.59,1,0.0,11.59,Credit Card,"North Victorville, Iowa",,False,False
TXN01264,2022-12-08,09:50:22,2c148a29,67,Male,PROD1008,Adaptive zero tolerance encoding,Electronics,Smartphones,533.87,5,0.18,2188.87,Cash,"Lake Danielhaven, Arizona",,False,False
TXN01265,2023-09-16,09:50:22,464c29dc,57,Female,PROD5291,Automated clear-thinking access,Automotive,Accessories,1.99,1,0.0,1.99,Cash,"Allisonton, Mississippi",,False,False
TXN01266,2024-10-14,09:50:22,d9e06572,68,Female,PROD1208,Total optimal frame,Clothing,Accessories,46.66,3,0.0,139.98,Debit Card,"East Ray, Louisiana",1.1,True,True
TXN01267,2024-08-03,09:50:22,d7b8fee6,19,Female,PROD7347,Ameliorated client-driven data-warehouse,Sports,Yoga,11.92,4,0.27,34.81,Bank Transfer,"Hodgeburgh, South Carolina",,False,False
TXN01268,2025-04-13,09:50:22,59aa20d9,50,Female,PROD1319,Extended even-keeled alliance,Health,Supplements,15.29,4,0.0,61.16,Cash,"Bestland, Alaska",,False,False
TXN01269,2022-10-14,09:50:22,092bb102,21,Male,PROD5446,Cloned clear-thinking protocol,Home & Kitchen,Decor,206.53,1,0.21,163.16,Debit Card,"West Oscar, Alabama",,False,False
TXN01270,2024-07-24,09:50:22,c4831948,60,Female,PROD7913,Integrated radical Internet solution,Beauty,Makeup,51.83,5,0.0,259.15,Credit Card,"South Sandra, Ohio",2.6,False,False
TXN01271,2024-01-31,09:50:22,d2a9496a,25,Female,PROD6639,Streamlined exuding access,Sports,Outdoor,42.18,3,0.0,126.54,E-Wallet,"Kathrynfort, Florida",,False,False
TXN01272,2024-03-31,09:50:22,38a4f0f6,25,Male,PROD6435,Proactive systematic encryption,Books,Non-Fiction,8.15,3,0.0,24.45,Debit Card,"North James, Oklahoma",,False,False
TXN01273,2023-08-02,09:50:22,21500c10,37,Female,PROD6335,Open-source secondary implementation,Beauty,Fragrances,23.67,1,0.0,23.67,Cash,"Bowersberg, Texas",2.9,False,True
TXN01274,2024-03-18,09:50:22,be0d4276,18,Female,PROD2340,Cross-group regional analyzer,Toys,Games,54.26,2,0.26,80.3,Debit Card,"Nicholasfurt, Tennessee",3.1,False,True
TXN01275,2023-04-15,09:50:22,6ce10b80,43,Male,PROD4028,Virtual background migration,Sports,Outdoor,32.83,1,0.26,24.29,Bank Transfer,"East Cristinaberg, West Virginia",,False,False
TXN01276,2022-10-09,09:50:22,fd6beec5,49,Male,PROD7973,Synergistic clear-thinking challenge,Clothing,Shoes,119.58,2,0.0,239.16,Debit Card,"Leonardchester, Oklahoma",3.5,False,False
TXN01277,2025-03-16,09:50:22,04371e2b,53,Female,PROD3801,Seamless encompassing encoding,Automotive,Accessories,37.87,5,0.0,189.35,Cash,"West Amandahaven, Kansas",3.8,False,False
TXN01278,2022-12-25,09:50:22,17c39fa9,50,Female,PROD9015,Exclusive high-level parallelism,Home & Kitchen,Cookware,133.44,2,0.0,266.88,Cash,"New Barbaramouth, Massachusetts",,False,True
TXN01279,2025-04-26,09:50:22,a5d4a919,41,Female,PROD2519,Vision-oriented fault-tolerant interface,Clothing,Men,40.73,3,0.0,122.19,Bank Transfer,"New Anthonymouth, Hawaii",,False,False
TXN01280,2025-03-15,09:50:22,56e1d87a,37,Female,PROD9665,Ameliorated holistic array,Beauty,Fragrances,32.67,2,0.0,65.34,Debit Card,"Port Bethanyshire, New Mexico",,False,False
TXN01281,2023-06-07,09:50:22,e2bfc99b,36,Male,PROD1600,Diverse 24hour core,Beauty,Skincare,26.95,4,0.2,86.24,Bank Transfer,"Ramirezberg, Florida",2.8,False,False
TXN01282,2024-04-20,09:50:22,a6575ecc,62,Male,PROD4926,Stand-alone zero tolerance utilization,Automotive,Tools,44.16,2,0.18,72.42,E-Wallet,"Austinfort, California",,False,False
TXN01283,2024-04-24,09:50:22,34257da5,69,Male,PROD6777,Re-engineered explicit productivity,Health,Supplements,49.13,4,0.0,196.52,Bank Transfer,"South Timothyhaven, California",,False,False
TXN01284,2023-03-04,09:50:22,fd755be4,61,Male,PROD6135,Realigned non-volatile artificial intelligence,Books,Non-Fiction,14.28,1,0.0,14.28,Bank Transfer,"New Nicolebury, Ohio",2.7,False,False
TXN01285,2023-09-01,09:50:22,582ea23e,48,Male,PROD2663,Fundamental 6thgeneration matrices,Beauty,Fragrances,3.38,3,0.0,10.14,Debit Card,"Aliciaville, Oklahoma",,False,False
TXN01286,2022-12-02,09:50:22,b6e1bc28,46,Female,PROD3663,Persevering actuating software,Sports,Yoga,1.99,4,0.12,7.0,E-Wallet,"New Meganberg, Alaska",3.0,False,False
TXN01287,2023-03-01,09:50:22,851f2342,42,Female,PROD5292,Pre-emptive 5thgeneration adapter,Clothing,Kids,65.24,2,0.0,130.48,E-Wallet,"Griffinshire, South Dakota",1.5,False,False
TXN01288,2023-10-12,09:50:22,7ac33bf3,21,Female,PROD8859,Optimized national pricing structure,Health,Wellness,7.93,5,0.0,39.65,Credit Card,"South Nicole, Wyoming",,False,True
TXN01289,2023-06-14,09:50:22,d2ae4d1e,36,Male,PROD5830,Optional holistic emulation,Grocery,Canned Goods,1.99,2,0.07,3.7,Bank Transfer,"Lake Elizabeth, Mississippi",2.6,False,False
TXN01290,2023-04-26,09:50:22,2275e5df,46,Male,PROD7077,Expanded explicit Local Area Network,Automotive,Electronics,37.77,3,0.0,113.31,Bank Transfer,"Lake Jaime, Washington",3.9,False,False
TXN01291,2023-03-15,09:50:22,5d16a8d4,55,Male,PROD3935,Automated leadingedge encryption,Sports,Cycling,79.86,3,0.0,239.58,Debit Card,"East Ethan, New Jersey",,False,False
TXN01292,2022-10-07,09:50:22,1d1ad26a,51,Male,PROD8403,Visionary bandwidth-monitored instruction set,Health,First Aid,29.88,5,0.0,149.4,Credit Card,"New Joseburgh, Vermont",4.3,False,False
TXN01293,2023-05-03,09:50:22,bc1ffe36,68,Female,PROD4376,Cloned radical Graphical User Interface,Sports,Cycling,46.77,5,0.0,233.85,Cash,"Karenburgh, Georgia",,False,False
TXN01294,2025-02-10,09:50:22,5876304d,58,Male,PROD4439,Focused mobile core,Home & Kitchen,Bedding,125.73,4,0.0,502.92,Credit Card,"Kelseychester, West Virginia",,False,False
TXN01295,2024-12-11,09:50:22,ee5d0c50,52,Male,PROD5507,Stand-alone regional projection,Toys,Puzzles,28.02,1,0.0,28.02,Bank Transfer,"North Mary, Rhode Island",2.0,False,False
TXN01296,2024-11-10,09:50:22,8892e136,24,Female,PROD8667,Optimized local customer loyalty,Electronics,Smartphones,683.82,5,0.0,3419.1,Bank Transfer,"West Monique, Massachusetts",,False,False
TXN01297,2024-02-26,09:50:22,ab58f461,23,Female,PROD9267,Grass-roots object-oriented capacity,Home & Kitchen,Bedding,99.68,4,0.0,398.72,Bank Transfer,"Warechester, Wisconsin",1.8,False,True
TXN01298,2024-02-12,09:50:22,fa0d5910,25,Male,PROD2307,Extended scalable frame,Books,Fiction,35.35,3,0.22,82.72,Credit Card,"New Sierramouth, North Carolina",,True,False
TXN01299,2023-03-11,09:50:22,219b4f6c,40,Male,PROD4987,Proactive non-volatile groupware,Automotive,Accessories,36.43,5,0.0,182.15,Cash,"South Michelle, Maine",1.5,False,True
TXN01300,2024-10-22,09:50:22,3d801178,20,Female,PROD6369,Ameliorated 3rdgeneration forecast,Electronics,Cameras,366.38,3,0.0,1099.14,Credit Card,"Port Emily, Illinois",,False,True
TXN01301,2022-09-22,09:50:22,b86350da,31,Female,PROD7587,Down-sized value-added moderator,Grocery,Dairy,49.84,2,0.0,99.68,Cash,"South Lucas, Arizona",4.7,False,False
TXN01302,2024-12-21,09:50:22,7810979c,40,Male,PROD1988,Quality-focused bi-directional methodology,Grocery,Canned Goods,26.5,5,0.0,132.5,E-Wallet,"New Juliemouth, Rhode Island",,False,False
TXN01303,2024-10-27,09:50:22,e0aae41f,23,Female,PROD7321,Public-key empowering matrix,Automotive,Parts,14.89,4,0.21,47.05,Cash,"West Kathyberg, Wisconsin",,False,True
TXN01304,2024-01-16,09:50:22,b6cef46f,33,Female,PROD1697,Re-engineered eco-centric firmware,Books,Cookbooks,40.73,2,0.0,81.46,Credit Card,"Patriciaburgh, Delaware",1.4,False,False
TXN01305,2023-11-19,09:50:22,1f4b763f,67,Female,PROD7715,Implemented well-modulated parallelism,Grocery,Dairy,12.03,4,0.06,45.23,Debit Card,"Port Nicholas, New York",3.2,True,False
TXN01306,2022-08-29,09:50:22,43abcf22,22,Male,PROD2717,Integrated national extranet,Beauty,Makeup,30.56,5,0.25,114.6,Cash,"Terryberg, Texas",1.3,False,False
TXN01307,2024-04-25,09:50:22,75970dcc,20,Female,PROD3038,Enterprise-wide contextually-based service-desk,Sports,Outdoor,29.82,3,0.0,89.46,Cash,"Port Conniehaven, South Carolina",2.6,True,False
TXN01308,2025-03-10,09:50:22,e66fcbe9,49,Female,PROD4416,Down-sized bandwidth-monitored functionalities,Automotive,Tools,51.72,2,0.0,103.44,Debit Card,"West Nathaniel, Florida",,False,False
TXN01309,2022-10-04,09:50:22,2cfcf18f,55,Female,PROD4463,Configurable multi-state flexibility,Automotive,Tools,39.49,3,0.0,118.47,Cash,"Jacobfurt, Ohio",,False,False
TXN01310,2024-01-31,09:50:22,b1cab16d,54,Male,PROD3836,Versatile actuating intranet,Health,Vitamins,29.5,4,0.0,118.0,Cash,"North Michellemouth, Illinois",,False,False
TXN01311,2024-12-06,09:50:22,168a0d96,25,Male,PROD6384,Synchronized real-time time-frame,Beauty,Tools,46.36,5,0.0,231.8,Cash,"South Justinhaven, Connecticut",4.5,False,False
TXN01312,2024-11-16,09:50:22,e6657fe1,69,Male,PROD2731,Cloned holistic core,Home & Kitchen,Decor,217.31,1,0.0,217.31,Debit Card,"West Nicoleshire, California",1.1,False,False
TXN01313,2022-07-22,09:50:22,48663b6a,50,Female,PROD4367,Multi-layered 24hour complexity,Beauty,Skincare,41.16,2,0.0,82.32,Debit Card,"Arnoldfort, Montana",,False,False
TXN01314,2022-08-30,09:50:22,3db9f559,46,Male,PROD5113,Enterprise-wide next generation middleware,Sports,Cycling,30.21,2,0.0,60.42,Debit Card,"Wilsonville, Tennessee",2.6,False,False
TXN01315,2024-05-30,09:50:22,3bc19512,19,Male,PROD9928,Operative methodical attitude,Health,Vitamins,3.76,5,0.0,18.8,Cash,"South Vincentmouth, North Carolina",1.8,False,True
TXN01316,2023-12-14,09:50:22,5f4e8892,32,Male,PROD1570,Quality-focused optimizing support,Beauty,Makeup,8.7,1,0.0,8.7,Credit Card,"Steveside, Texas",,False,False
TXN01317,2022-10-10,09:50:22,d9ecc304,63,Female,PROD5458,Grass-roots content-based circuit,Books,Non-Fiction,23.9,1,0.0,23.9,Cash,"Jacobstad, Mississippi",,False,True
TXN01318,2022-11-06,09:50:22,4db17917,63,Female,PROD2618,Proactive reciprocal concept,Beauty,Haircare,17.81,2,0.0,35.62,Credit Card,"North Williamtown, Rhode Island",1.2,False,False
TXN01319,2025-03-09,09:50:22,791a4b4c,27,Female,PROD5190,Upgradable didactic software,Home & Kitchen,Cookware,106.91,5,0.0,534.55,Credit Card,"Lake Teresahaven, Louisiana",3.3,False,False
TXN01320,2024-07-01,09:50:22,20f13c1a,29,Female,PROD1229,Pre-emptive dynamic access,Grocery,Beverages,31.13,2,0.0,62.26,E-Wallet,"South Brittany, Connecticut",,False,False
TXN01321,2024-12-08,09:50:22,c295806d,37,Female,PROD9615,Sharable radical synergy,Grocery,Beverages,40.59,4,0.18,133.14,Bank Transfer,"North Valeriemouth, Illinois",,False,False
TXN01322,2022-07-29,09:50:22,9a9b721c,21,Male,PROD1575,Intuitive analyzing neural-net,Grocery,Snacks,28.59,4,0.19,92.63,E-Wallet,"Dawsonfurt, Illinois",,True,False
TXN01323,2024-11-12,09:50:22,9eff3d2a,44,Male,PROD1163,Polarized solution-oriented methodology,Grocery,Dairy,39.73,4,0.0,158.92,Credit Card,"New Tiffany, North Dakota",,False,False
TXN01324,2023-05-26,09:50:22,cce899c5,19,Female,PROD4542,Programmable foreground collaboration,Sports,Fitness,31.29,1,0.11,27.85,Cash,"Lewishaven, Arizona",,False,True
TXN01325,2024-02-23,09:50:22,466e4040,65,Female,PROD2238,Secured optimal moderator,Electronics,Headphones,104.91,2,0.08,193.03,Bank Transfer,"South Timothytown, Florida",,False,False
TXN01326,2025-01-04,09:50:22,eac68e0c,65,Female,PROD2832,Customer-focused high-level utilization,Home & Kitchen,Furniture,54.25,1,0.0,54.25,Cash,"North Lorraine, Wyoming",2.3,False,True
TXN01327,2025-02-25,09:50:22,fac163c6,33,Female,PROD1881,Ameliorated neutral adapter,Home & Kitchen,Bedding,109.91,1,0.0,109.91,Credit Card,"Port Brucemouth, South Carolina",2.8,False,True
TXN01328,2023-03-10,09:50:22,67154973,23,Female,PROD1252,Synergized high-level installation,Grocery,Canned Goods,5.81,3,0.0,17.43,Debit Card,"West Kristen, Nevada",,False,True
TXN01329,2022-09-09,09:50:22,24141005,65,Female,PROD8773,Front-line dedicated functionalities,Health,Medical,42.0,1,0.23,32.34,Credit Card,"Lisaside, Missouri",3.3,False,False
TXN01330,2024-11-13,09:50:22,c91d44d9,26,Female,PROD7700,Automated tangible challenge,Electronics,Laptops,806.15,2,0.0,1612.3,Cash,"North Brendahaven, North Carolina",,False,False
TXN01331,2022-12-03,09:50:22,dc10869a,70,Female,PROD9848,Business-focused disintermediate array,Beauty,Tools,54.38,1,0.0,54.38,Debit Card,"Maryville, Indiana",2.1,False,False
TXN01332,2024-04-08,09:50:22,07bdb56c,28,Female,PROD9855,Managed well-modulated project,Home & Kitchen,Furniture,105.06,1,0.0,105.06,Credit Card,"Lake Amandaville, Alaska",,False,False
TXN01333,2022-10-25,09:50:22,285a3353,68,Female,PROD3079,Versatile user-facing paradigm,Beauty,Tools,59.81,5,0.0,299.05,Cash,"Port Julieborough, Louisiana",2.9,False,False
TXN01334,2025-03-04,09:50:22,c8b847da,50,Male,PROD8181,Open-source 6thgeneration functionalities,Electronics,Smartphones,529.73,5,0.0,2648.65,Cash,"Port Michael, South Dakota",,False,False
TXN01335,2023-04-24,09:50:22,de4495b9,23,Female,PROD5927,Compatible local synergy,Clothing,Accessories,39.89,1,0.0,39.89,E-Wallet,"Brightburgh, New Hampshire",,True,False
TXN01336,2022-07-25,09:50:22,da50a6d1,32,Female,PROD9852,Versatile zero administration synergy,Automotive,Accessories,17.73,4,0.0,70.92,Debit Card,"Whiteland, Wisconsin",4.3,False,False
TXN01337,2023-09-25,09:50:22,6a24e0d5,45,Male,PROD3425,Pre-emptive fresh-thinking open system,Books,Fiction,23.95,5,0.11,106.58,Bank Transfer,"Port Valeriechester, Tennessee",2.6,False,True
TXN01338,2024-10-18,09:50:22,4663dcc7,18,Female,PROD6387,Cloned directional software,Clothing,Women,38.35,2,0.0,76.7,E-Wallet,"Taylorburgh, New Jersey",,True,True
TXN01339,2024-10-21,09:50:22,1e06efc5,65,Female,PROD8429,Organized local knowledge user,Grocery,Snacks,33.41,1,0.19,27.06,E-Wallet,"New Lawrencetown, Kentucky",2.0,False,True
TXN01340,2025-04-13,09:50:22,892f7b54,34,Male,PROD7655,Open-source national open system,Electronics,Smartphones,532.11,5,0.0,2660.55,Bank Transfer,"East David, Tennessee",,False,True
TXN01341,2025-04-10,09:50:22,4ee58f0e,61,Female,PROD4302,Programmable homogeneous budgetary management,Clothing,Shoes,50.09,5,0.0,250.45,Debit Card,"Karenside, Utah",,False,False
TXN01342,2023-03-27,09:50:22,06efa04e,52,Female,PROD5918,Realigned asymmetric algorithm,Health,Wellness,38.74,5,0.0,193.7,Bank Transfer,"Port Ronaldmouth, Arkansas",,False,False
TXN01343,2024-05-20,09:50:22,aba1884e,21,Male,PROD9438,Upgradable optimal installation,Clothing,Accessories,85.72,4,0.0,342.88,Cash,"Baileyton, Connecticut",,False,True
TXN01344,2024-06-07,09:50:22,416aa43b,24,Male,PROD6215,Re-contextualized homogeneous encoding,Toys,Action Figures,48.99,1,0.0,48.99,Debit Card,"Tiffanymouth, Oklahoma",,False,False
TXN01345,2023-12-06,09:50:22,5db87c87,27,Male,PROD4098,Innovative 3rdgeneration success,Sports,Team Sports,1.99,3,0.0,5.97,Bank Transfer,"Heatherland, Tennessee",4.9,False,False
TXN01346,2024-07-07,09:50:22,647f5393,19,Female,PROD6269,Optimized composite archive,Electronics,Smartphones,1.99,3,0.0,5.97,Debit Card,"Samanthafort, Tennessee",2.1,False,False
TXN01347,2024-08-20,09:50:22,e62b7041,46,Male,PROD1879,Progressive composite ability,Health,Medical,48.69,3,0.0,146.07,Cash,"Port Joshua, Missouri",4.5,False,False
TXN01348,2024-03-28,09:50:22,05667be2,26,Male,PROD9410,User-centric disintermediate neural-net,Beauty,Skincare,2.66,2,0.0,5.32,Bank Transfer,"Tanyaburgh, Kentucky",,False,False
TXN01349,2022-08-21,09:50:22,06e5014a,50,Male,PROD9140,Inverse web-enabled firmware,Beauty,Skincare,25.5,2,0.0,51.0,E-Wallet,"South Shannon, Louisiana",1.6,False,False
TXN01350,2024-03-21,09:50:22,031112b1,44,Female,PROD3617,Seamless maximized complexity,Home & Kitchen,Decor,38.09,2,0.0,76.18,Cash,"Jameschester, Michigan",,False,True
TXN01351,2022-09-17,09:50:22,92388277,53,Female,PROD2756,Inverse global intranet,Books,Fiction,1.99,1,0.0,1.99,Debit Card,"North Michael, Washington",,False,False
TXN01352,2024-03-11,09:50:22,19531bee,25,Male,PROD1996,Decentralized dedicated instruction set,Clothing,Women,66.24,3,0.0,198.72,Credit Card,"East Bryanland, Vermont",2.1,False,True
TXN01353,2022-11-15,09:50:22,309f5002,51,Male,PROD8508,Virtual neutral strategy,Electronics,TVs,651.83,4,0.0,2607.32,Credit Card,"West Sandrabury, New York",,False,True
TXN01354,2024-07-05,09:50:22,037acc3a,26,Male,PROD5333,Grass-roots systemic alliance,Home & Kitchen,Appliances,79.64,2,0.0,159.28,E-Wallet,"Blankenshipberg, North Dakota",,False,False
TXN01355,2023-12-08,09:50:22,1f02e3e9,37,Female,PROD1753,Innovative zero tolerance core,Electronics,Headphones,1.99,4,0.0,7.96,Cash,"Blanchardside, Idaho",1.9,False,False
TXN01356,2023-10-04,09:50:22,cdee606b,42,Male,PROD2754,Optional fresh-thinking infrastructure,Home & Kitchen,Appliances,81.76,4,0.0,327.04,Debit Card,"South Theresaport, West Virginia",4.4,False,False
TXN01357,2023-03-09,09:50:22,bd903336,49,Male,PROD5251,Decentralized asynchronous model,Electronics,TVs,578.36,4,0.0,2313.44,Debit Card,"Vargasstad, Missouri",4.9,False,False
TXN01358,2024-03-18,09:50:22,e978e3ce,66,Male,PROD3067,Cloned next generation installation,Toys,Action Figures,1.99,4,0.0,7.96,Bank Transfer,"Davisland, Arkansas",1.7,False,False
TXN01359,2022-10-19,09:50:22,d5538fad,63,Female,PROD6752,Advanced scalable Graphical User Interface,Home & Kitchen,Decor,132.84,4,0.0,531.36,Bank Transfer,"West Linda, New Mexico",2.6,False,False
TXN01360,2023-02-19,09:50:22,05500553,52,Female,PROD9366,Intuitive radical functionalities,Home & Kitchen,Appliances,118.93,3,0.0,356.79,Bank Transfer,"West Melissaview, Hawaii",4.5,False,True
TXN01361,2024-04-21,09:50:22,b4b43dfb,58,Male,PROD6924,Decentralized context-sensitive task-force,Health,Medical,41.59,4,0.0,166.36,Credit Card,"Juliemouth, Florida",,True,False
TXN01362,2024-01-31,09:50:22,247d7df4,26,Male,PROD6131,Focused intangible monitoring,Clothing,Accessories,53.59,3,0.0,160.77,E-Wallet,"Lake Angelaport, Minnesota",,False,False
TXN01363,2024-07-16,09:50:22,ba4122aa,27,Male,PROD6509,Cross-platform intermediate complexity,Beauty,Skincare,10.54,3,0.0,31.62,E-Wallet,"Gwendolynstad, Florida",,False,False
TXN01364,2023-01-25,09:50:22,58acc080,60,Female,PROD5637,Multi-channeled uniform methodology,Beauty,Tools,53.93,3,0.11,143.99,Debit Card,"Parkerton, Iowa",1.1,False,True
TXN01365,2022-10-26,09:50:22,2d169c07,51,Male,PROD8595,Operative bi-directional superstructure,Clothing,Men,45.24,5,0.0,226.2,Debit Card,"Port Andreville, Washington",,False,False
TXN01366,2024-01-30,09:50:22,207611ce,64,Male,PROD9654,Total systemic adapter,Toys,Dolls,29.45,3,0.0,88.35,Bank Transfer,"Johnsonmouth, New York",,False,False
TXN01367,2024-06-15,09:50:22,622c0655,40,Male,PROD2650,Fully-configurable 24hour encoding,Toys,Puzzles,11.33,1,0.0,11.33,E-Wallet,"Lake Jeff, Maryland",,False,True
TXN01368,2024-03-08,09:50:22,c02ef887,33,Male,PROD2940,Customizable object-oriented policy,Home & Kitchen,Cookware,88.97,3,0.24,202.85,Credit Card,"Lovestad, Texas",,False,True
TXN01369,2023-01-22,09:50:22,ea915b70,21,Male,PROD4319,Virtual mobile matrices,Health,Wellness,12.3,4,0.29,34.93,E-Wallet,"Guerrerotown, New Mexico",1.6,False,False
TXN01370,2025-04-18,09:50:22,d1f7baee,23,Male,PROD5522,Right-sized foreground Graphical User Interface,Grocery,Snacks,26.54,5,0.0,132.7,Bank Transfer,"Port Adam, New Jersey",,True,True
TXN01371,2022-11-13,09:50:22,4779db07,66,Female,PROD1746,Down-sized methodical software,Beauty,Fragrances,64.23,1,0.0,64.23,E-Wallet,"Lake Luis, Colorado",4.0,False,True
TXN01372,2024-09-19,09:50:22,05453c2b,64,Female,PROD2614,Customer-focused heuristic encoding,Toys,Dolls,2.56,3,0.0,7.68,Bank Transfer,"East Brian, South Carolina",,False,True
TXN01373,2025-03-12,09:50:22,0a5f6437,31,Female,PROD6582,Programmable clear-thinking algorithm,Books,Cookbooks,1.99,3,0.0,5.97,Credit Card,"South Amy, New York",,False,False
TXN01374,2024-05-16,09:50:22,a1c8f0eb,51,Male,PROD8727,Distributed clear-thinking initiative,Clothing,Men,94.14,4,0.0,376.56,Bank Transfer,"New Stephenton, Oregon",3.1,False,False
TXN01375,2022-06-12,09:50:22,a2e501c2,67,Female,PROD3533,Balanced responsive system engine,Electronics,Laptops,458.14,4,0.15,1557.68,E-Wallet,"Port Teresaberg, New Hampshire",,False,True
TXN01376,2024-05-17,09:50:22,2e3d19fc,49,Female,PROD4714,Focused zero administration hub,Health,Wellness,16.62,4,0.0,66.48,E-Wallet,"Stewartstad, Kansas",,True,False
TXN01377,2024-01-28,09:50:22,d6498744,68,Female,PROD8627,Customer-focused bi-directional capacity,Automotive,Tools,50.8,1,0.12,44.7,Credit Card,"East Kellyhaven, Pennsylvania",3.7,False,False
TXN01378,2023-05-10,09:50:22,8107f11c,31,Female,PROD4051,Realigned value-added migration,Electronics,Laptops,378.88,3,0.0,1136.64,Cash,"Beanchester, Utah",,False,False
TXN01379,2023-07-18,09:50:22,adc29d92,53,Female,PROD8469,Switchable client-driven encoding,Toys,Puzzles,66.52,1,0.0,66.52,E-Wallet,"East Jeffrey, Delaware",3.4,False,False
TXN01380,2024-04-04,09:50:22,f221b6bd,33,Female,PROD3327,Cross-group empowering function,Electronics,Headphones,635.59,4,0.0,2542.36,Cash,"New Austin, Minnesota",,False,True
TXN01381,2025-01-25,09:50:22,2eae8155,18,Male,PROD4237,Balanced multi-state software,Clothing,Shoes,35.36,3,0.0,106.08,E-Wallet,"Riddlefort, Oklahoma",1.3,False,False
TXN01382,2023-06-03,09:50:22,d36d03f1,57,Male,PROD3243,Re-contextualized secondary focus group,Automotive,Parts,73.15,2,0.0,146.3,Debit Card,"North Thomas, Kansas",,False,False
TXN01383,2023-08-12,09:50:22,9c218506,70,Male,PROD6183,Horizontal radical website,Automotive,Tools,17.89,2,0.13,31.13,Credit Card,"Madisonside, Connecticut",,False,True
TXN01384,2023-02-11,09:50:22,9b1b0c4a,62,Female,PROD7623,Progressive zero tolerance complexity,Clothing,Kids,72.26,1,0.0,72.26,Cash,"Port Christie, New Jersey",4.1,False,True
TXN01385,2023-03-19,09:50:22,99cf1596,19,Male,PROD5524,Upgradable local moderator,Health,Medical,35.99,2,0.0,71.98,Credit Card,"Timothychester, Illinois",1.4,False,False
TXN01386,2022-10-11,09:50:22,67b3fbff,38,Female,PROD5043,Open-source discrete strategy,Home & Kitchen,Decor,211.12,5,0.0,1055.6,Bank Transfer,"South Ericton, South Carolina",,False,False
TXN01387,2024-01-01,09:50:22,fb96217e,69,Male,PROD3195,Self-enabling empowering capacity,Clothing,Women,96.85,5,0.0,484.25,E-Wallet,"East Jefferyfurt, Wisconsin",4.6,False,False
TXN01388,2022-11-29,09:50:22,0eecf289,66,Female,PROD3634,Mandatory 3rdgeneration moderator,Health,First Aid,30.64,5,0.14,131.75,Debit Card,"Annmouth, Kansas",,False,False
TXN01389,2025-03-10,09:50:22,d9c46fb4,67,Female,PROD8676,Profit-focused bi-directional policy,Home & Kitchen,Cookware,67.26,3,0.0,201.78,Cash,"Jaredtown, Oklahoma",4.1,False,False
TXN01390,2025-04-18,09:50:22,edaebb69,25,Female,PROD7295,Face-to-face 3rdgeneration protocol,Books,Fiction,39.2,1,0.0,39.2,Credit Card,"East Andreville, Idaho",4.3,False,False
TXN01391,2022-07-22,09:50:22,29409b60,38,Female,PROD4739,Sharable real-time synergy,Books,Cookbooks,16.45,2,0.0,32.9,Credit Card,"New Peterview, Maryland",1.9,False,False
TXN01392,2024-03-25,09:50:22,80634477,60,Male,PROD7280,Ergonomic 24/7 workforce,Books,Children,70.27,1,0.0,70.27,Bank Transfer,"Taylorstad, New Mexico",4.4,True,False
TXN01393,2023-01-29,09:50:22,a795a62b,29,Female,PROD1748,Object-based client-driven Graphic Interface,Sports,Team Sports,32.73,4,0.0,130.92,E-Wallet,"West Melissa, Illinois",4.9,False,False
TXN01394,2024-06-15,09:50:22,323bedad,48,Male,PROD4383,Reactive context-sensitive application,Home & Kitchen,Furniture,94.43,4,0.0,377.72,E-Wallet,"Lake Kathy, Oregon",,False,True
TXN01395,2023-03-17,09:50:22,4e930554,31,Female,PROD9256,De-engineered heuristic flexibility,Automotive,Car Care,33.69,4,0.0,134.76,Debit Card,"Wagnershire, Wisconsin",,False,False
TXN01396,2023-04-03,09:50:22,9fda93dc,29,Male,PROD6482,Grass-roots context-sensitive utilization,Toys,Action Figures,3.06,3,0.0,9.18,Bank Transfer,"Maryside, Ohio",,False,False
TXN01397,2023-05-11,09:50:22,d080d2e1,48,Male,PROD7850,Decentralized client-server extranet,Beauty,Skincare,10.57,3,0.0,31.71,Bank Transfer,"New Zoe, Rhode Island",,False,False
TXN01398,2023-04-10,09:50:22,ba1713b5,30,Female,PROD7741,Stand-alone tertiary conglomeration,Sports,Cycling,54.01,4,0.0,216.04,Cash,"Millerchester, New Jersey",4.1,False,False
TXN01399,2024-10-18,09:50:22,2b4c0aaa,45,Male,PROD1452,Decentralized full-range throughput,Automotive,Electronics,16.86,4,0.0,67.44,Cash,"Hernandezmouth, Wisconsin",,False,False
TXN01400,2022-08-03,09:50:22,d0fc4de1,47,Male,PROD3953,Object-based secondary implementation,Beauty,Makeup,9.06,2,0.0,18.12,E-Wallet,"Russellville, Mississippi",,False,True
TXN01401,2024-08-24,09:50:22,fced2ce4,45,Male,PROD9057,Virtual zero administration Graphic Interface,Home & Kitchen,Decor,157.57,1,0.07,146.54,E-Wallet,"Allenhaven, Mississippi",4.3,False,True
TXN01402,2024-05-21,09:50:22,69e87294,53,Female,PROD4812,Enterprise-wide bottom-line synergy,Beauty,Makeup,53.71,5,0.0,268.55,Cash,"North Michael, Wyoming",1.5,True,True
TXN01403,2023-09-04,09:50:22,321a77e8,65,Female,PROD1227,Monitored intangible definition,Clothing,Shoes,71.57,5,0.2,286.28,Debit Card,"North Chelseaville, Nevada",,False,False
TXN01404,2024-10-31,09:50:22,f9e08177,22,Female,PROD8611,Persevering grid-enabled model,Beauty,Makeup,49.92,4,0.0,199.68,Credit Card,"South Ryanfort, North Dakota",,False,False
TXN01405,2023-12-10,09:50:22,5d0dffae,39,Male,PROD1539,Organic multi-state service-desk,Grocery,Snacks,14.86,4,0.0,59.44,E-Wallet,"New Marc, Ohio",,False,True
TXN01406,2024-11-10,09:50:22,90deb090,69,Female,PROD3619,Right-sized stable workforce,Home & Kitchen,Decor,20.47,4,0.28,58.95,E-Wallet,"East Robert, North Carolina",,False,False
TXN01407,2023-08-28,09:50:22,1f3bbab3,66,Female,PROD5261,Sharable needs-based initiative,Toys,Dolls,60.03,5,0.11,267.13,Bank Transfer,"West Amyburgh, Alabama",1.1,False,False
TXN01408,2025-05-03,09:50:22,0e0bdf03,26,Female,PROD3588,Profound intangible secured line,Health,Wellness,23.55,5,0.0,117.75,Bank Transfer,"West Darleneberg, Maine",,False,False
TXN01409,2023-09-07,09:50:22,1ada0ad4,40,Male,PROD5890,Organized needs-based pricing structure,Automotive,Tools,24.98,2,0.0,49.96,Credit Card,"South Anna, North Carolina",,False,False
TXN01410,2024-01-29,09:50:22,5c3e4575,70,Male,PROD8432,Grass-roots didactic model,Toys,Action Figures,56.56,2,0.0,113.12,E-Wallet,"Cassidyburgh, Washington",2.8,False,False
TXN01411,2024-12-21,09:50:22,e5870b9d,19,Female,PROD1009,Enhanced multi-tasking definition,Beauty,Haircare,41.12,2,0.0,82.24,Cash,"Luceroport, Idaho",3.5,False,False
TXN01412,2023-06-07,09:50:22,81700b4a,28,Male,PROD9939,Face-to-face tangible knowledge user,Beauty,Skincare,39.12,4,0.0,156.48,Cash,"South Jessica, Indiana",,True,False
TXN01413,2024-05-28,09:50:22,bbad4e6d,41,Female,PROD4902,Re-engineered heuristic help-desk,Clothing,Accessories,114.95,2,0.0,229.9,Debit Card,"Port Erikstad, Nebraska",,False,True
TXN01414,2024-10-24,09:50:22,e98ba179,30,Male,PROD4379,Ameliorated 3rdgeneration capacity,Automotive,Electronics,17.13,1,0.0,17.13,Debit Card,"Beckyton, Texas",4.6,False,False
TXN01415,2024-12-06,09:50:22,6898a9e5,25,Male,PROD6531,Assimilated multimedia application,Grocery,Canned Goods,48.56,1,0.25,36.42,Cash,"Eduardotown, Mississippi",,False,False
TXN01416,2023-12-04,09:50:22,71f1d788,62,Male,PROD4172,Multi-layered interactive website,Electronics,Laptops,511.4,4,0.0,2045.6,Bank Transfer,"Gallagherchester, North Carolina",4.2,False,True
TXN01417,2024-06-26,09:50:22,7d837002,18,Male,PROD6682,Exclusive exuding system engine,Home & Kitchen,Cookware,138.8,2,0.0,277.6,Debit Card,"Port Crystalland, Hawaii",,False,False
TXN01418,2025-02-28,09:50:22,de9375a3,28,Male,PROD8279,Fully-configurable 24hour knowledge user,Grocery,Snacks,60.57,2,0.0,121.14,Cash,"New Linda, South Dakota",,False,False
TXN01419,2025-04-20,09:50:22,05603788,27,Male,PROD9133,Progressive impactful groupware,Toys,Games,40.16,5,0.0,200.8,Debit Card,"Dannyport, Florida",,False,True
TXN01420,2024-09-09,09:50:22,706c24bf,42,Male,PROD5394,Face-to-face uniform synergy,Books,Children,40.77,5,0.0,203.85,Debit Card,"East Anthonybury, Arkansas",,False,False
TXN01421,2023-04-02,09:50:22,5abfde66,43,Female,PROD2245,Fully-configurable bi-directional contingency,Books,Children,51.45,5,0.0,257.25,Credit Card,"Lake Tammy, North Dakota",,False,True
TXN01422,2023-06-18,09:50:22,dcee26d8,60,Female,PROD5126,Integrated demand-driven firmware,Sports,Outdoor,22.7,4,0.16,76.27,Cash,"Brownfurt, California",,False,False
TXN01423,2023-02-13,09:50:22,3eb7f98d,19,Male,PROD3594,Phased coherent product,Home & Kitchen,Furniture,61.26,5,0.0,306.3,E-Wallet,"North Richardport, Michigan",,False,False
TXN01424,2023-09-30,09:50:22,50b664a3,22,Female,PROD4772,Balanced cohesive projection,Beauty,Haircare,9.1,2,0.0,18.2,Debit Card,"South Tammy, Missouri",,False,False
TXN01425,2022-08-20,09:50:22,2efa184c,37,Male,PROD1808,Operative human-resource matrices,Sports,Fitness,1.99,3,0.0,5.97,Debit Card,"North Craig, New Hampshire",,False,False
TXN01426,2025-01-14,09:50:22,61dd2a44,62,Female,PROD3151,Visionary upward-trending algorithm,Health,First Aid,71.12,2,0.0,142.24,Bank Transfer,"Salinasshire, Michigan",4.9,False,True
TXN01427,2024-06-04,09:50:22,843503eb,55,Male,PROD1121,Re-engineered human-resource database,Automotive,Accessories,7.94,3,0.0,23.82,Cash,"East Jacquelinefurt, Arizona",,False,False
TXN01428,2022-12-02,09:50:22,cb8ebb73,31,Male,PROD3787,Realigned incremental throughput,Books,Fiction,25.57,4,0.0,102.28,E-Wallet,"New Christopherhaven, Delaware",,False,False
TXN01429,2025-03-27,09:50:22,e4d1f5f1,39,Female,PROD9894,De-engineered dynamic capability,Toys,Games,24.46,1,0.0,24.46,Bank Transfer,"Landrychester, North Carolina",,False,False
TXN01430,2023-01-16,09:50:22,d6bd8e32,65,Male,PROD9871,Switchable bottom-line product,Beauty,Skincare,36.15,5,0.0,180.75,Bank Transfer,"Sarahfort, Indiana",4.1,False,False
TXN01431,2023-12-10,09:50:22,a58b542b,43,Female,PROD3053,Profit-focused neutral software,Toys,Educational,46.31,2,0.0,92.62,Debit Card,"Mirandafort, Virginia",1.1,False,False
TXN01432,2022-10-24,09:50:22,136fa619,68,Female,PROD3765,Universal bottom-line encryption,Sports,Team Sports,47.21,2,0.0,94.42,Cash,"South Lindsayton, New Jersey",,False,True
TXN01433,2023-03-30,09:50:22,e1baa88a,28,Female,PROD8327,Team-oriented national initiative,Sports,Fitness,18.34,1,0.0,18.34,Cash,"West Kathrynfurt, Pennsylvania",3.9,False,False
TXN01434,2023-11-15,09:50:22,ab0be6e0,68,Male,PROD5025,Assimilated asymmetric functionalities,Health,Medical,26.66,2,0.0,53.32,Credit Card,"Port Shellytown, Nevada",,False,True
TXN01435,2024-11-11,09:50:22,b218cbf9,43,Male,PROD8264,Stand-alone encompassing standardization,Health,Wellness,35.65,2,0.0,71.3,Credit Card,"Ashleyberg, Oklahoma",3.4,True,False
TXN01436,2025-03-22,09:50:22,a4673ff1,45,Male,PROD4032,Networked asymmetric system engine,Electronics,TVs,450.26,3,0.0,1350.78,Credit Card,"South Jennifer, Idaho",4.9,False,False
TXN01437,2023-03-03,09:50:22,6e868cae,54,Male,PROD5024,Fully-configurable 24/7 moderator,Electronics,Smartphones,821.47,2,0.0,1642.94,Credit Card,"Williamburgh, Tennessee",,False,True
TXN01438,2024-10-17,09:50:22,990c3b16,42,Male,PROD1766,Implemented hybrid alliance,Health,Supplements,39.82,2,0.26,58.93,Credit Card,"Ruthstad, Kansas",,False,True
TXN01439,2022-11-09,09:50:22,b31ea0b7,43,Male,PROD7848,Total impactful open architecture,Automotive,Accessories,44.7,4,0.0,178.8,Credit Card,"South Kristiburgh, Maine",2.3,False,True
TXN01440,2023-08-03,09:50:22,05038c32,18,Male,PROD6334,Networked actuating system engine,Toys,Dolls,43.26,4,0.0,173.04,Bank Transfer,"Sharpmouth, Utah",3.9,False,True
TXN01441,2024-11-14,09:50:22,03e58db3,61,Male,PROD4368,Ergonomic incremental help-desk,Beauty,Fragrances,53.47,1,0.0,53.47,E-Wallet,"West Joy, New Mexico",,False,False
TXN01442,2024-04-20,09:50:22,c0c83949,45,Female,PROD3248,Re-engineered secondary capability,Toys,Action Figures,33.62,1,0.0,33.62,Bank Transfer,"East Hannahchester, California",,False,False
TXN01443,2022-06-29,09:50:22,27616977,47,Male,PROD8600,Exclusive incremental approach,Toys,Games,4.06,3,0.0,12.18,Cash,"Port Dennis, Idaho",,False,False
TXN01444,2024-09-01,09:50:22,e4ce01cf,68,Female,PROD5789,Face-to-face systematic parallelism,Automotive,Parts,37.99,4,0.0,151.96,Credit Card,"Matthewport, Colorado",,False,False
TXN01445,2022-08-23,09:50:22,967f1db1,19,Male,PROD9100,User-friendly stable flexibility,Beauty,Fragrances,16.97,1,0.0,16.97,Cash,"Toddton, Delaware",1.4,False,False
TXN01446,2024-07-25,09:50:22,41bfaaa9,35,Female,PROD2274,Decentralized object-oriented toolset,Home & Kitchen,Cookware,83.0,2,0.09,151.06,Bank Transfer,"Stevenmouth, Nebraska",1.9,False,True
TXN01447,2025-02-27,09:50:22,bac00ea3,54,Female,PROD8350,Multi-channeled local adapter,Beauty,Haircare,41.73,4,0.0,166.92,Debit Card,"Schmidtland, Idaho",3.0,False,False
TXN01448,2024-06-09,09:50:22,4ffe3d72,66,Male,PROD7848,Organized asymmetric interface,Home & Kitchen,Cookware,206.68,3,0.0,620.04,Cash,"Alexanderland, Wisconsin",4.0,False,True
TXN01449,2023-08-31,09:50:22,b593390f,18,Female,PROD4721,Extended mobile alliance,Books,Non-Fiction,30.43,2,0.0,60.86,Cash,"South Jefferyport, Minnesota",,False,False
TXN01450,2024-07-04,09:50:22,1879cfde,69,Male,PROD4610,User-friendly interactive matrices,Sports,Yoga,36.18,3,0.15,92.26,Cash,"South Kellyport, Idaho",,False,True
TXN01451,2022-10-20,09:50:22,b603d281,32,Female,PROD9277,Operative tangible algorithm,Toys,Action Figures,64.04,3,0.0,192.12,E-Wallet,"Burnsport, Nebraska",3.9,False,False
TXN01452,2024-06-11,09:50:22,4a4d46fb,59,Female,PROD7809,Reactive context-sensitive functionalities,Beauty,Makeup,34.82,4,0.23,107.25,Credit Card,"South Jaredland, Idaho",3.2,False,False
TXN01453,2023-08-08,09:50:22,9034d081,41,Female,PROD2427,Customer-focused 24hour firmware,Books,Non-Fiction,82.03,4,0.0,328.12,E-Wallet,"Josephfurt, Virginia",,False,False
TXN01454,2022-07-02,09:50:22,8dcc59bd,54,Male,PROD1181,Virtual directional function,Health,Wellness,41.31,1,0.0,41.31,Debit Card,"Port Katieport, Alabama",,False,False
TXN01455,2024-02-17,09:50:22,4663d68c,44,Female,PROD1545,Polarized empowering projection,Electronics,Headphones,147.85,5,0.0,739.25,Cash,"Chapmanton, Kentucky",4.9,False,True
TXN01456,2022-11-24,09:50:22,f86e7343,19,Female,PROD8914,Customizable scalable task-force,Grocery,Dairy,45.07,3,0.0,135.21,Bank Transfer,"Johnport, Rhode Island",,False,False
TXN01457,2024-03-22,09:50:22,0548ad9e,29,Male,PROD7891,Reverse-engineered secondary function,Electronics,Headphones,576.23,4,0.0,2304.92,Credit Card,"Christopherfort, Rhode Island",,False,False
TXN01458,2023-03-01,09:50:22,ba1f2dd7,39,Male,PROD9231,Fundamental high-level moratorium,Health,Medical,55.8,1,0.0,55.8,Bank Transfer,"Lake Victorialand, Alabama",2.8,False,False
TXN01459,2023-02-11,09:50:22,8340519a,61,Male,PROD9438,Devolved content-based info-mediaries,Electronics,Headphones,634.64,4,0.0,2538.56,Bank Transfer,"Port Glenn, Missouri",2.7,False,False
TXN01460,2022-07-23,09:50:22,fbf32bd3,54,Male,PROD3277,Self-enabling national architecture,Automotive,Car Care,27.23,4,0.26,80.6,Cash,"Port Taylor, Nebraska",4.4,False,False
TXN01461,2023-12-14,09:50:22,2fc29966,61,Female,PROD1487,Devolved multimedia firmware,Electronics,TVs,255.14,5,0.0,1275.7,Credit Card,"Lake Monicaton, California",3.2,False,True
TXN01462,2024-12-28,09:50:22,6bfee03a,48,Male,PROD3905,User-centric tangible middleware,Electronics,Smartphones,458.2,4,0.0,1832.8,Bank Transfer,"Saundersmouth, Missouri",,False,False
TXN01463,2023-02-14,09:50:22,1f64d8a6,44,Female,PROD4343,Enhanced exuding leverage,Health,Vitamins,12.99,5,0.0,64.95,Debit Card,"New Michael, California",,False,True
TXN01464,2024-12-21,09:50:22,d0023917,43,Female,PROD3584,Customizable mission-critical task-force,Clothing,Shoes,32.58,1,0.0,32.58,Cash,"Lake Jenna, Rhode Island",,True,False
TXN01465,2024-11-09,09:50:22,6cc4cb93,38,Female,PROD1315,Vision-oriented optimal benchmark,Health,Wellness,41.77,2,0.0,83.54,Credit Card,"Lake Keithshire, Kansas",,False,False
TXN01466,2022-05-16,09:50:22,07138783,57,Female,PROD9824,Profit-focused bi-directional knowledgebase,Health,Wellness,63.4,4,0.0,253.6,E-Wallet,"South Joshua, Pennsylvania",,False,True
TXN01467,2022-10-15,09:50:22,28d5c50b,60,Male,PROD1889,Face-to-face methodical emulation,Beauty,Tools,37.89,5,0.3,132.61,Debit Card,"Baldwinside, Wisconsin",3.2,False,False
TXN01468,2022-06-13,09:50:22,bc8960f4,59,Female,PROD4633,Future-proofed foreground capacity,Clothing,Shoes,14.12,5,0.17,58.6,Credit Card,"Stewartberg, Virginia",2.5,False,False
TXN01469,2023-10-12,09:50:22,43a742a0,59,Male,PROD6383,Enhanced explicit strategy,Automotive,Electronics,38.89,1,0.21,30.72,Cash,"Michaelville, Vermont",,True,False
TXN01470,2023-07-21,09:50:22,65be1c7f,20,Female,PROD1785,Decentralized systemic leverage,Electronics,Smartphones,739.33,4,0.2,2365.86,Debit Card,"Josephburgh, Wisconsin",2.6,False,False
TXN01471,2023-03-08,09:50:22,af7946f1,27,Male,PROD7793,Re-contextualized hybrid software,Automotive,Tools,17.8,5,0.0,89.0,Credit Card,"New Mark, North Dakota",2.8,False,False
TXN01472,2025-04-20,09:50:22,96b77cf5,47,Male,PROD9459,Proactive cohesive Graphical User Interface,Beauty,Haircare,27.32,5,0.0,136.6,Credit Card,"Lisaside, Montana",,False,False
TXN01473,2024-09-18,09:50:22,d37a5707,22,Female,PROD9844,Centralized background Local Area Network,Sports,Cycling,30.29,2,0.0,60.58,E-Wallet,"Lake Mackenzieburgh, West Virginia",,True,False
TXN01474,2022-12-19,09:50:22,14ef9e05,43,Male,PROD1254,Public-key background success,Clothing,Accessories,26.45,4,0.0,105.8,Debit Card,"Perezburgh, Oklahoma",4.2,False,False
TXN01475,2023-12-17,09:50:22,0f787e0d,30,Female,PROD5597,Balanced clear-thinking extranet,Electronics,Laptops,629.66,5,0.06,2959.4,Debit Card,"Holmesbury, Maine",5.0,False,False
TXN01476,2023-09-04,09:50:22,5e54735f,18,Male,PROD3926,Profound solution-oriented benchmark,Health,First Aid,27.58,2,0.0,55.16,Cash,"Huffmanview, Tennessee",5.0,True,False
TXN01477,2024-01-12,09:50:22,10460f7d,55,Male,PROD3559,Reverse-engineered multimedia superstructure,Home & Kitchen,Cookware,149.37,2,0.0,298.74,Cash,"Bushchester, Kansas",,False,False
TXN01478,2023-01-10,09:50:22,fabed0df,70,Male,PROD5094,Automated bifurcated open architecture,Grocery,Snacks,12.25,2,0.0,24.5,Cash,"East Monique, Indiana",3.3,False,False
TXN01479,2022-08-11,09:50:22,0bb98c3f,26,Female,PROD1688,Seamless executive matrix,Books,Fiction,21.25,2,0.0,42.5,Cash,"Howardfurt, Maine",2.0,False,True
TXN01480,2023-09-06,09:50:22,44a533d8,67,Female,PROD1266,Cross-platform composite concept,Toys,Games,44.45,5,0.0,222.25,Bank Transfer,"Lake Ashleymouth, Oregon",4.3,False,False
TXN01481,2024-09-11,09:50:22,de2b1f93,33,Female,PROD5529,Quality-focused coherent structure,Beauty,Tools,22.54,5,0.14,96.92,Bank Transfer,"Lake Ryanhaven, Alabama",2.8,False,False
TXN01482,2024-11-27,09:50:22,f5339a26,56,Female,PROD5648,Compatible radical software,Home & Kitchen,Appliances,240.89,2,0.0,481.78,Credit Card,"Lake David, Kentucky",2.5,False,True
TXN01483,2022-09-11,09:50:22,f05dc5ce,34,Male,PROD9592,Profound background service-desk,Health,Medical,22.01,5,0.0,110.05,Debit Card,"Halltown, Alaska",,False,True
TXN01484,2022-12-19,09:50:22,7650e58a,54,Female,PROD3898,Grass-roots even-keeled orchestration,Toys,Puzzles,34.49,5,0.15,146.58,E-Wallet,"Prestonville, Wyoming",1.3,False,False
TXN01485,2025-02-22,09:50:22,55881202,31,Female,PROD8822,Self-enabling holistic approach,Health,Wellness,48.65,5,0.0,243.25,Debit Card,"Lake Heatherfurt, Oklahoma",,False,False
TXN01486,2022-06-08,09:50:22,32e494e4,18,Female,PROD2989,Sharable contextually-based conglomeration,Automotive,Car Care,1.99,4,0.0,7.96,Debit Card,"Henryfort, Oklahoma",2.5,False,False
TXN01487,2025-03-26,09:50:22,b50013ac,56,Male,PROD2386,User-friendly didactic model,Electronics,Cameras,147.84,3,0.0,443.52,Debit Card,"North Heatherview, Indiana",,False,True
TXN01488,2023-09-13,09:50:22,d2fd9e98,43,Male,PROD2103,Assimilated systematic budgetary management,Electronics,Smartphones,194.87,1,0.0,194.87,Cash,"North Sean, Idaho",2.2,False,False
TXN01489,2023-02-24,09:50:22,dffadfdc,25,Male,PROD4344,Business-focused leadingedge service-desk,Grocery,Snacks,55.25,3,0.0,165.75,Bank Transfer,"Hillfurt, Alaska",1.3,False,False
TXN01490,2023-12-23,09:50:22,a447b959,59,Female,PROD7287,Upgradable secondary moderator,Sports,Outdoor,18.96,5,0.0,94.8,Credit Card,"South Juliaside, Texas",3.4,False,False
TXN01491,2024-10-01,09:50:22,1358db79,32,Female,PROD4803,Robust fault-tolerant encryption,Home & Kitchen,Cookware,299.07,1,0.0,299.07,Debit Card,"Jenniferhaven, Missouri",,True,False
TXN01492,2022-05-09,09:50:22,b7cf806b,53,Female,PROD3049,Multi-tiered mission-critical protocol,Toys,Educational,18.72,5,0.0,93.6,Credit Card,"Payneport, Alabama",3.5,False,False
TXN01493,2024-04-27,09:50:22,6a7bd634,48,Female,PROD5030,Function-based bottom-line info-mediaries,Automotive,Tools,33.69,3,0.0,101.07,Debit Card,"Port Amberville, Ohio",,False,True
TXN01494,2023-09-10,09:50:22,589246db,27,Female,PROD1110,Down-sized exuding toolset,Health,First Aid,60.84,4,0.18,199.56,Bank Transfer,"East Justinmouth, New Mexico",2.3,False,False
TXN01495,2024-09-05,09:50:22,55723cbe,48,Female,PROD7630,Synergized discrete orchestration,Beauty,Fragrances,70.12,3,0.09,191.43,Debit Card,"New Christopherstad, Rhode Island",,False,True
TXN01496,2023-05-24,09:50:22,a8f37702,21,Male,PROD7865,Assimilated national extranet,Books,Educational,71.23,2,0.0,142.46,Credit Card,"Michaelview, New York",3.0,False,False
TXN01497,2022-10-28,09:50:22,566fab21,55,Male,PROD9448,Diverse human-resource success,Home & Kitchen,Furniture,204.59,2,0.0,409.18,Bank Transfer,"East Nicholasfort, Minnesota",,False,True
TXN01498,2025-04-12,09:50:22,78fea2bd,35,Female,PROD5695,Triple-buffered heuristic access,Electronics,Laptops,704.81,3,0.0,2114.43,Cash,"Angelaton, Iowa",4.4,False,True
TXN01499,2024-05-13,09:50:22,0a0f6720,67,Male,PROD6164,Adaptive systemic encoding,Beauty,Fragrances,41.85,4,0.24,127.22,Bank Transfer,"North Emmahaven, Florida",,False,False
TXN01500,2022-09-21,09:50:22,eb168f55,58,Male,PROD6853,Synchronized 5thgeneration superstructure,Electronics,Headphones,655.67,4,0.0,2622.68,Bank Transfer,"Stevenhaven, Nevada",1.3,False,False
TXN01501,2025-04-17,09:50:22,7b63652a,34,Male,PROD2202,Visionary web-enabled adapter,Home & Kitchen,Bedding,81.42,5,0.0,407.1,Cash,"West Jacob, Arkansas",,False,False
TXN01502,2025-03-10,09:50:22,59d9cb65,38,Female,PROD5269,Exclusive optimizing info-mediaries,Electronics,TVs,336.36,3,0.0,1009.08,Credit Card,"Ronaldbury, New York",,False,False
TXN01503,2025-03-10,09:50:22,a51be853,59,Female,PROD8746,Integrated attitude-oriented encoding,Toys,Games,29.93,2,0.0,59.86,Credit Card,"Williamfort, New York",,True,True
TXN01504,2022-06-16,09:50:22,7228966a,52,Female,PROD1301,Open-architected transitional Graphical User Interface,Health,Supplements,26.6,1,0.0,26.6,Cash,"Rodriguezburgh, New Hampshire",,False,True
TXN01505,2024-07-13,09:50:22,4a7f3fa3,67,Male,PROD1653,Managed web-enabled methodology,Automotive,Accessories,20.94,2,0.18,34.34,Debit Card,"Tonychester, California",3.4,False,False
TXN01506,2024-12-23,09:50:22,7619e0df,60,Female,PROD9751,Integrated contextually-based service-desk,Automotive,Electronics,43.93,4,0.0,175.72,Cash,"East Geoffrey, California",,False,True
TXN01507,2022-08-03,09:50:22,21ea2012,36,Female,PROD4385,Balanced national support,Sports,Outdoor,49.11,5,0.0,245.55,Credit Card,"North Rebeccaberg, Kentucky",4.9,False,False
TXN01508,2024-07-06,09:50:22,2b228f97,37,Female,PROD1338,Customer-focused discrete Graphic Interface,Sports,Yoga,31.77,2,0.0,63.54,Debit Card,"New Denisetown, Maine",3.4,False,False
TXN01509,2024-06-08,09:50:22,fc4bc7b7,56,Male,PROD1672,Profit-focused leadingedge time-frame,Electronics,Headphones,795.51,4,0.23,2450.17,Bank Transfer,"Kathrynland, Montana",,False,False
TXN01510,2023-10-07,09:50:22,8e78d6f6,23,Male,PROD3379,Extended user-facing Local Area Network,Health,Wellness,7.17,1,0.0,7.17,Cash,"Salinasview, Louisiana",,False,False
TXN01511,2022-06-08,09:50:22,fa039913,28,Female,PROD4948,Implemented 24/7 database,Clothing,Kids,44.19,5,0.0,220.95,Cash,"Port Kerriland, New York",3.2,False,True
TXN01512,2024-05-06,09:50:22,0e147244,27,Male,PROD6137,Optional contextually-based hub,Health,First Aid,15.66,1,0.0,15.66,E-Wallet,"North Rebeccaborough, California",,False,False
TXN01513,2022-09-21,09:50:22,b1c82ffa,48,Male,PROD9713,Self-enabling empowering contingency,Electronics,Headphones,126.69,4,0.0,506.76,Cash,"New Jennifer, Rhode Island",3.8,False,False
TXN01514,2024-04-11,09:50:22,81587ac8,70,Female,PROD4995,Virtual explicit database,Home & Kitchen,Appliances,114.21,1,0.0,114.21,Credit Card,"Lake Chelseastad, North Dakota",,False,False
TXN01515,2023-09-11,09:50:22,c376e620,18,Female,PROD4802,De-engineered 6thgeneration adapter,Books,Educational,27.57,4,0.15,93.74,Debit Card,"Buckland, New Jersey",2.3,False,True
TXN01516,2022-12-04,09:50:22,868751ef,18,Male,PROD7361,Distributed fresh-thinking model,Toys,Action Figures,60.27,5,0.0,301.35,Debit Card,"North Veronica, North Carolina",2.5,False,True
TXN01517,2024-03-16,09:50:22,2688a939,20,Male,PROD9698,Synchronized next generation function,Electronics,Headphones,626.16,2,0.15,1064.47,E-Wallet,"New Adam, Maine",4.3,False,True
TXN01518,2023-02-03,09:50:22,13cb7721,55,Male,PROD2937,Proactive scalable success,Toys,Games,9.52,1,0.0,9.52,Bank Transfer,"Cindymouth, Arizona",,False,True
TXN01519,2022-08-04,09:50:22,cd016790,28,Male,PROD8537,Face-to-face foreground architecture,Grocery,Snacks,67.08,2,0.0,134.16,Credit Card,"New Geraldmouth, Oregon",3.4,False,False
TXN01520,2024-04-26,09:50:22,2919267e,43,Male,PROD1811,Phased analyzing portal,Health,Medical,54.42,2,0.0,108.84,Bank Transfer,"Lake Sandra, North Dakota",,False,False
TXN01521,2024-03-29,09:50:22,6da16186,34,Female,PROD3245,Profound scalable contingency,Electronics,Laptops,616.42,4,0.0,2465.68,E-Wallet,"Lake Curtischester, Nebraska",4.7,True,True
TXN01522,2023-04-29,09:50:22,e6cf926e,25,Male,PROD2978,Pre-emptive foreground leverage,Automotive,Electronics,25.47,3,0.0,76.41,Cash,"Michaelhaven, Virginia",,False,False
TXN01523,2024-12-12,09:50:22,ba753753,43,Male,PROD3750,Organic high-level analyzer,Sports,Team Sports,10.81,5,0.0,54.05,Cash,"Evanborough, Louisiana",4.0,False,False
TXN01524,2025-01-10,09:50:22,743f6538,42,Male,PROD4845,Open-architected encompassing core,Home & Kitchen,Furniture,93.95,4,0.0,375.8,Credit Card,"Lake Cynthia, North Dakota",2.3,False,False
TXN01525,2023-05-14,09:50:22,2e668b77,46,Male,PROD7907,Inverse zero-defect approach,Toys,Dolls,51.77,3,0.0,155.31,Credit Card,"North Diana, Georgia",2.8,False,False
TXN01526,2023-02-06,09:50:22,ad75da07,19,Male,PROD7135,Integrated zero administration firmware,Home & Kitchen,Appliances,251.92,3,0.0,755.76,Credit Card,"Sandraborough, Massachusetts",2.5,False,False
TXN01527,2022-09-12,09:50:22,a1599728,38,Female,PROD1884,Robust interactive model,Clothing,Shoes,96.3,2,0.0,192.6,Credit Card,"Wilsonville, Utah",,False,False
TXN01528,2024-11-28,09:50:22,b24bd60e,37,Female,PROD5347,Down-sized radical process improvement,Electronics,TVs,402.23,2,0.13,699.88,Debit Card,"Fowlerfort, Kansas",2.0,False,False
TXN01529,2022-07-20,09:50:22,ecf27aad,64,Female,PROD3017,Cross-platform impactful productivity,Beauty,Haircare,7.61,2,0.25,11.42,E-Wallet,"Port Lori, Kansas",3.3,False,False
TXN01530,2023-12-27,09:50:22,4e4160da,55,Male,PROD8039,Digitized encompassing application,Automotive,Electronics,32.82,5,0.0,164.1,Cash,"East Tracey, Iowa",4.4,False,False
TXN01531,2023-06-22,09:50:22,7c17a0c1,43,Male,PROD7131,Re-engineered incremental protocol,Automotive,Accessories,1.99,2,0.0,3.98,Bank Transfer,"Maxwellfurt, North Carolina",3.0,False,True
TXN01532,2022-08-03,09:50:22,87f01a33,18,Male,PROD4041,Organic needs-based secured line,Home & Kitchen,Appliances,142.62,4,0.0,570.48,Credit Card,"New Henry, Nevada",,False,False
TXN01533,2023-06-18,09:50:22,d5b746ed,31,Male,PROD4446,Focused grid-enabled parallelism,Toys,Educational,27.05,2,0.0,54.1,Debit Card,"Davisshire, Florida",3.8,False,False
TXN01534,2022-07-30,09:50:22,2d5578a7,70,Female,PROD8539,Total 3rdgeneration workforce,Beauty,Haircare,20.68,1,0.19,16.75,Debit Card,"West Benjamin, New Jersey",,False,False
TXN01535,2024-02-11,09:50:22,8fbec3b0,32,Female,PROD3305,Ameliorated clear-thinking moratorium,Home & Kitchen,Cookware,8.37,2,0.0,16.74,Debit Card,"New Christina, South Carolina",,True,True
TXN01536,2024-01-31,09:50:22,f00f4c75,32,Male,PROD9458,Seamless homogeneous workforce,Home & Kitchen,Furniture,155.95,5,0.22,608.21,Credit Card,"New Elizabeth, Florida",,False,True
TXN01537,2025-03-26,09:50:22,10e179b5,69,Female,PROD6429,De-engineered responsive instruction set,Beauty,Fragrances,19.35,1,0.0,19.35,Bank Transfer,"Thompsonberg, Missouri",,False,False
TXN01538,2024-07-29,09:50:22,5af6c882,30,Male,PROD3036,User-centric dedicated intranet,Sports,Team Sports,6.6,3,0.15,16.83,E-Wallet,"Parkerburgh, Delaware",,True,False
TXN01539,2024-12-30,09:50:22,8f4d02ee,58,Male,PROD3101,Distributed coherent structure,Toys,Games,1.99,2,0.0,3.98,Debit Card,"New Vincent, Oregon",1.7,False,False
TXN01540,2023-10-06,09:50:22,343935c8,43,Female,PROD5894,Down-sized stable attitude,Grocery,Beverages,29.45,1,0.0,29.45,Bank Transfer,"North Andrew, Utah",,False,True
TXN01541,2022-07-19,09:50:22,9c2b8a8b,39,Female,PROD3776,De-engineered 6thgeneration forecast,Books,Fiction,65.45,2,0.0,130.9,Credit Card,"Melissaland, South Carolina",,False,False
TXN01542,2023-06-01,09:50:22,4b6beb3b,64,Male,PROD3167,Managed contextually-based alliance,Home & Kitchen,Cookware,236.29,1,0.0,236.29,Credit Card,"Lake Sabrina, Iowa",3.6,False,True
TXN01543,2023-12-12,09:50:22,5df3b4ef,41,Male,PROD8040,Customizable zero administration contingency,Toys,Educational,20.86,3,0.0,62.58,E-Wallet,"Ashleyburgh, Maine",,False,True
TXN01544,2024-05-06,09:50:22,521df5df,68,Female,PROD7744,Decentralized regional orchestration,Electronics,Laptops,379.56,4,0.18,1244.96,Cash,"West Mark, Wisconsin",3.5,False,True
TXN01545,2022-08-11,09:50:22,a8f0b57e,55,Female,PROD9874,Down-sized reciprocal ability,Books,Children,39.38,3,0.0,118.14,Bank Transfer,"Jonesview, New York",,False,False
TXN01546,2024-03-15,09:50:22,844cdd63,70,Female,PROD1232,Synergized methodical encoding,Health,Vitamins,10.03,3,0.0,30.09,Bank Transfer,"South Angela, Connecticut",2.7,False,False
TXN01547,2023-11-16,09:50:22,cbedf2ac,26,Male,PROD5214,Optional fault-tolerant paradigm,Grocery,Beverages,36.04,4,0.0,144.16,E-Wallet,"Kaneshire, North Dakota",,False,True
TXN01548,2023-01-15,09:50:22,449b46e7,60,Male,PROD6399,Distributed user-facing pricing structure,Clothing,Women,72.98,5,0.0,364.9,Bank Transfer,"Donnaville, Florida",,False,False
TXN01549,2024-05-28,09:50:22,368b4e58,65,Male,PROD3252,Versatile human-resource synergy,Sports,Outdoor,54.54,3,0.22,127.62,Debit Card,"Morenoton, Montana",3.7,False,False
TXN01550,2024-10-16,09:50:22,c2e6285a,65,Female,PROD2052,Right-sized executive ability,Automotive,Parts,28.0,4,0.0,112.0,Debit Card,"Singletonchester, Maine",2.4,False,False
TXN01551,2024-08-02,09:50:22,9802e309,21,Female,PROD9956,Multi-tiered object-oriented benchmark,Automotive,Accessories,25.93,2,0.0,51.86,Bank Transfer,"Port Jenny, New Hampshire",3.6,False,True
TXN01552,2024-10-22,09:50:22,58df437c,62,Female,PROD7063,Vision-oriented bifurcated time-frame,Toys,Puzzles,12.44,1,0.0,12.44,Credit Card,"Pamelashire, South Dakota",,False,False
TXN01553,2024-07-05,09:50:22,0cd8849a,50,Female,PROD8271,Grass-roots impactful infrastructure,Health,Wellness,13.46,5,0.0,67.3,Cash,"West Mariahaven, Ohio",2.6,False,False
TXN01554,2024-03-30,09:50:22,c8107def,27,Male,PROD7471,Quality-focused grid-enabled adapter,Toys,Dolls,25.47,5,0.0,127.35,Credit Card,"West Monicaview, Kansas",4.4,False,True
TXN01555,2023-05-23,09:50:22,9a1ef2fa,26,Male,PROD2621,Total discrete adapter,Automotive,Tools,37.35,5,0.0,186.75,E-Wallet,"Martinezfort, Maryland",1.3,False,False
TXN01556,2025-02-15,09:50:22,7bb18aec,38,Female,PROD6873,Robust homogeneous projection,Sports,Yoga,48.27,5,0.0,241.35,Cash,"Port Shannontown, New York",2.3,False,False
TXN01557,2025-02-17,09:50:22,8f86352d,51,Female,PROD6530,Devolved fresh-thinking conglomeration,Home & Kitchen,Cookware,63.78,4,0.0,255.12,Credit Card,"Port Alexanderside, Washington",1.0,False,False
TXN01558,2024-05-27,09:50:22,3eaf2c18,40,Female,PROD6326,Profit-focused incremental monitoring,Automotive,Accessories,59.85,3,0.0,179.55,Cash,"East Matthew, Idaho",1.3,False,True
TXN01559,2025-04-03,09:50:22,9bcaf410,18,Male,PROD4304,Persevering background workforce,Beauty,Haircare,24.58,3,0.18,60.47,Bank Transfer,"Jesusburgh, Delaware",2.9,False,False
TXN01560,2023-11-03,09:50:22,95a2eded,20,Male,PROD8415,Networked stable process improvement,Automotive,Car Care,29.57,1,0.0,29.57,Debit Card,"Matthewfort, California",4.3,True,True
TXN01561,2022-10-22,09:50:22,553c6fe5,50,Female,PROD1995,Face-to-face bandwidth-monitored leverage,Grocery,Snacks,15.06,5,0.0,75.3,Cash,"Lake Todd, Ohio",,False,False
TXN01562,2024-09-21,09:50:22,c3514cf4,65,Male,PROD4483,Expanded executive time-frame,Sports,Fitness,1.99,5,0.0,9.95,Bank Transfer,"Robinsonberg, Massachusetts",1.9,False,False
TXN01563,2022-10-14,09:50:22,b39d0c6a,26,Female,PROD6515,Adaptive zero administration adapter,Health,First Aid,47.68,1,0.0,47.68,E-Wallet,"North Ryan, Louisiana",3.4,False,False
TXN01564,2024-10-03,09:50:22,21228c70,38,Male,PROD8602,Decentralized zero tolerance algorithm,Clothing,Women,72.11,3,0.0,216.33,Cash,"Andrewville, Oklahoma",3.1,False,False
TXN01565,2023-05-10,09:50:22,6dbc9e0e,58,Male,PROD5115,Centralized tangible support,Toys,Educational,24.37,3,0.0,73.11,Credit Card,"South Katherine, Maryland",3.3,False,False
TXN01566,2023-12-28,09:50:22,96471146,35,Male,PROD1725,User-centric maximized Local Area Network,Health,Wellness,31.34,1,0.3,21.94,Credit Card,"Thomashaven, Wisconsin",1.7,False,False
TXN01567,2024-02-22,09:50:22,93bc150f,57,Male,PROD8678,Diverse human-resource monitoring,Sports,Cycling,40.32,5,0.0,201.6,Debit Card,"North Anthonyville, Minnesota",2.3,False,False
TXN01568,2022-12-02,09:50:22,1dfd3f84,36,Female,PROD8541,Visionary optimal success,Electronics,Laptops,187.49,1,0.0,187.49,E-Wallet,"West Timothy, North Carolina",3.7,False,False
TXN01569,2022-10-16,09:50:22,92197aba,30,Male,PROD9206,Configurable bandwidth-monitored matrix,Clothing,Kids,34.13,1,0.0,34.13,E-Wallet,"West John, Texas",,False,False
TXN01570,2024-03-07,09:50:22,708c0d62,24,Female,PROD3607,Managed user-facing instruction set,Health,Medical,45.89,5,0.0,229.45,Bank Transfer,"Lake Andrea, New York",4.2,False,False
TXN01571,2024-01-01,09:50:22,bfec4921,63,Female,PROD3715,Balanced 24hour utilization,Home & Kitchen,Decor,32.2,1,0.0,32.2,Cash,"Katherineland, Maine",3.9,False,False
TXN01572,2024-01-23,09:50:22,5b02794b,43,Male,PROD4500,Universal client-server encoding,Beauty,Tools,35.87,2,0.3,50.22,Debit Card,"Joshuamouth, Arizona",3.8,False,False
TXN01573,2024-11-04,09:50:22,02cc80c6,47,Male,PROD5831,Business-focused full-range array,Clothing,Kids,9.3,1,0.0,9.3,Bank Transfer,"Branchstad, West Virginia",,False,False
TXN01574,2024-09-24,09:50:22,7b858bce,44,Male,PROD4859,Upgradable hybrid artificial intelligence,Sports,Team Sports,39.33,5,0.0,196.65,Bank Transfer,"West Garybury, New York",,False,False
TXN01575,2023-04-12,09:50:22,e15b3967,27,Male,PROD4735,Configurable 5thgeneration matrices,Grocery,Dairy,29.29,1,0.0,29.29,Bank Transfer,"Angelafurt, Alaska",,False,False
TXN01576,2024-10-31,09:50:22,77b95e3d,21,Female,PROD8635,Switchable tangible throughput,Electronics,Smartphones,176.97,4,0.0,707.88,Cash,"East Morgan, South Carolina",4.5,False,False
TXN01577,2024-04-24,09:50:22,93757b7b,70,Male,PROD8412,Right-sized dedicated framework,Beauty,Skincare,53.29,4,0.0,213.16,Cash,"North Shari, Texas",,False,False
TXN01578,2024-11-06,09:50:22,e07a5216,41,Female,PROD3746,Enhanced cohesive definition,Clothing,Kids,27.96,5,0.17,116.03,Credit Card,"East Joseph, Illinois",3.2,False,False
TXN01579,2022-07-31,09:50:22,63165521,27,Male,PROD8847,Automated well-modulated workforce,Automotive,Parts,13.79,5,0.0,68.95,E-Wallet,"Laurenbury, Tennessee",,False,True
TXN01580,2024-04-27,09:50:22,e51a8919,65,Male,PROD9965,Multi-tiered contextually-based strategy,Health,First Aid,34.01,1,0.28,24.49,Bank Transfer,"Kellystad, Connecticut",1.1,False,False
TXN01581,2024-10-12,09:50:22,763fd97b,50,Male,PROD1435,Secured contextually-based algorithm,Home & Kitchen,Bedding,200.4,5,0.0,1002.0,E-Wallet,"West Geoffrey, Nebraska",,False,False
TXN01582,2023-11-19,09:50:22,19076ad6,48,Male,PROD3358,Customer-focused user-facing parallelism,Toys,Educational,9.68,5,0.08,44.53,E-Wallet,"Christophershire, Minnesota",,False,False
TXN01583,2022-08-31,09:50:22,8544a6cd,60,Female,PROD8440,Programmable intangible software,Grocery,Beverages,31.23,3,0.0,93.69,Bank Transfer,"Lake Bryantown, Wyoming",3.7,False,True
TXN01584,2022-10-06,09:50:22,822b38ec,51,Male,PROD4129,Compatible demand-driven parallelism,Sports,Fitness,38.58,4,0.0,154.32,E-Wallet,"East Sandyberg, Wisconsin",3.0,False,False
TXN01585,2024-08-14,09:50:22,2ab47d9e,24,Female,PROD6394,Monitored scalable info-mediaries,Electronics,Headphones,638.62,4,0.0,2554.48,Credit Card,"Joshuaside, New Mexico",,False,True
TXN01586,2024-05-19,09:50:22,02c4133a,51,Female,PROD5590,Intuitive asynchronous software,Sports,Yoga,33.53,1,0.0,33.53,Credit Card,"Lake Larry, Indiana",,False,False
TXN01587,2025-03-21,09:50:22,b2681a51,21,Male,PROD3496,Front-line fresh-thinking projection,Automotive,Electronics,22.66,2,0.07,42.15,Credit Card,"South Davidtown, Montana",2.2,False,False
TXN01588,2023-03-29,09:50:22,a7d7f543,70,Male,PROD1613,Programmable user-facing attitude,Sports,Fitness,13.45,2,0.0,26.9,E-Wallet,"North Andrewtown, Washington",1.5,False,False
TXN01589,2022-07-08,09:50:22,42e187fa,69,Female,PROD6851,Future-proofed composite challenge,Books,Cookbooks,31.72,4,0.0,126.88,Debit Card,"Port Rodney, Nevada",1.9,False,True
TXN01590,2023-02-22,09:50:22,7224ffba,70,Female,PROD8000,Customer-focused zero-defect artificial intelligence,Toys,Educational,8.56,5,0.0,42.8,Credit Card,"Stewartton, Montana",,False,False
TXN01591,2024-10-19,09:50:22,799e1876,66,Female,PROD9290,Streamlined scalable attitude,Clothing,Shoes,1.99,2,0.0,3.98,Bank Transfer,"Smithmouth, North Carolina",,False,False
TXN01592,2022-07-16,09:50:22,285ad3fb,60,Female,PROD4826,Public-key client-server instruction set,Sports,Cycling,38.73,4,0.0,154.92,Debit Card,"Garymouth, Indiana",,False,False
TXN01593,2023-01-19,09:50:22,b346cde4,59,Male,PROD4715,Business-focused tangible website,Automotive,Accessories,48.08,1,0.26,35.58,Cash,"Harrisport, New York",3.2,False,False
TXN01594,2022-09-20,09:50:22,7d2f8f27,69,Female,PROD1392,De-engineered client-driven monitoring,Toys,Games,1.99,1,0.0,1.99,Cash,"New Aimeeshire, Iowa",3.2,False,False
TXN01595,2023-09-01,09:50:22,6fe71247,40,Female,PROD9925,Programmable maximized superstructure,Beauty,Haircare,9.81,4,0.0,39.24,Cash,"Armstrongton, Maryland",,False,True
TXN01596,2024-05-25,09:50:22,4fdd8baf,28,Male,PROD9415,Synchronized zero tolerance frame,Books,Children,42.38,5,0.07,197.07,Credit Card,"Hillshire, Wyoming",,False,False
TXN01597,2024-05-16,09:50:22,38ee9376,35,Female,PROD7334,Stand-alone tertiary neural-net,Automotive,Tools,71.15,3,0.0,213.45,Credit Card,"Benjaminland, North Dakota",1.9,False,True
TXN01598,2024-06-28,09:50:22,920a9c4f,19,Male,PROD3054,Ergonomic client-driven initiative,Health,Medical,30.42,5,0.0,152.1,E-Wallet,"Erinburgh, Alabama",4.2,False,True
TXN01599,2022-07-11,09:50:22,963e2c04,65,Male,PROD7299,Expanded demand-driven ability,Grocery,Beverages,15.44,1,0.0,15.44,E-Wallet,"North Dorothy, Illinois",4.8,False,True
TXN01600,2023-03-16,09:50:22,34a56c4a,44,Female,PROD8135,Function-based bifurcated process improvement,Automotive,Accessories,26.34,4,0.0,105.36,E-Wallet,"Port Brianberg, Illinois",1.5,False,True
TXN01601,2024-11-12,09:50:22,da9a3bea,26,Male,PROD5401,Multi-tiered even-keeled firmware,Sports,Yoga,57.5,2,0.0,115.0,Credit Card,"Deborahfurt, Nebraska",,False,False
TXN01602,2024-06-03,09:50:22,af44502c,49,Female,PROD1264,Quality-focused client-driven software,Clothing,Women,30.62,4,0.0,122.48,Bank Transfer,"South Christopherchester, Kentucky",1.9,False,False
TXN01603,2024-06-05,09:50:22,e779be7a,19,Male,PROD4461,Synergistic incremental infrastructure,Health,Vitamins,14.02,3,0.13,36.59,E-Wallet,"South John, Minnesota",1.5,False,False
TXN01604,2024-10-31,09:50:22,cde9297e,26,Female,PROD1860,Persevering exuding pricing structure,Clothing,Shoes,35.52,3,0.0,106.56,Cash,"Lake Jonathan, New Mexico",2.7,False,False
TXN01605,2022-10-10,09:50:22,08e0a61d,65,Female,PROD6486,Programmable 24hour toolset,Books,Non-Fiction,10.93,4,0.0,43.72,Bank Transfer,"East Lori, Michigan",3.3,False,False
TXN01606,2023-02-11,09:50:22,7f49f1b2,56,Male,PROD1431,Enhanced fault-tolerant archive,Home & Kitchen,Decor,128.59,4,0.0,514.36,Cash,"East Jose, Maryland",4.2,False,False
TXN01607,2025-04-24,09:50:22,1c6ba44b,68,Female,PROD5727,Reactive background benchmark,Automotive,Parts,62.49,1,0.0,62.49,Cash,"Normantown, Arizona",,False,True
TXN01608,2024-05-26,09:50:22,70e81c76,37,Female,PROD4951,Grass-roots discrete matrix,Automotive,Car Care,36.46,4,0.18,119.59,Bank Transfer,"Kimberlyfort, Maine",,False,True
TXN01609,2024-07-29,09:50:22,02ec8f67,36,Male,PROD3438,Reactive multi-tasking application,Sports,Team Sports,24.95,4,0.0,99.8,Credit Card,"New Kevinville, Rhode Island",2.5,False,True
TXN01610,2024-02-08,09:50:22,1e2fa576,22,Male,PROD1132,Pre-emptive local database,Health,First Aid,24.16,5,0.0,120.8,Bank Transfer,"South Stevenview, Nevada",,False,False
TXN01611,2023-11-27,09:50:22,0e02cea3,21,Female,PROD9225,Diverse methodical system engine,Beauty,Makeup,1.99,4,0.0,7.96,E-Wallet,"Port Deborahhaven, Wyoming",,False,True
TXN01612,2023-09-29,09:50:22,6f82f4c2,34,Male,PROD8096,Compatible static encryption,Automotive,Car Care,47.66,2,0.1,85.79,Credit Card,"Lake Katie, Florida",,False,False
TXN01613,2022-12-24,09:50:22,8ec96d34,20,Female,PROD9593,Ameliorated actuating complexity,Clothing,Men,47.66,4,0.0,190.64,Credit Card,"Port Diamondton, California",,False,False
TXN01614,2022-06-28,09:50:22,1a44e1f2,27,Female,PROD4242,Triple-buffered responsive moderator,Sports,Yoga,26.39,1,0.0,26.39,Bank Transfer,"East Ryan, Ohio",,False,False
TXN01615,2023-05-22,09:50:22,2288cb15,29,Male,PROD1888,Customer-focused full-range flexibility,Clothing,Kids,145.79,3,0.24,332.4,Credit Card,"North Alice, Iowa",,False,False
TXN01616,2025-02-21,09:50:22,13efb217,24,Female,PROD3513,Ergonomic bifurcated instruction set,Sports,Team Sports,35.98,1,0.0,35.98,Debit Card,"Duffyfurt, Oklahoma",,True,False
TXN01617,2025-03-31,09:50:22,031146c0,24,Female,PROD7953,Organic tertiary strategy,Electronics,Smartphones,349.64,3,0.13,912.56,Bank Transfer,"South Joshuashire, Maine",,False,True
TXN01618,2024-07-06,09:50:22,bf669dc7,32,Male,PROD4017,Stand-alone context-sensitive success,Automotive,Accessories,21.47,2,0.08,39.5,Credit Card,"Port Chris, Wisconsin",1.1,False,True
TXN01619,2023-01-02,09:50:22,f9a68efd,25,Male,PROD5194,Customizable directional support,Toys,Dolls,52.97,1,0.22,41.32,Bank Transfer,"Williamsfurt, Iowa",,False,True
TXN01620,2023-10-24,09:50:22,de6c0d56,25,Male,PROD3593,Optimized composite database,Health,Vitamins,32.27,2,0.0,64.54,Debit Card,"Brittanyborough, Maine",2.5,False,False
TXN01621,2023-10-21,09:50:22,8de5baba,37,Female,PROD8253,Persevering real-time secured line,Sports,Yoga,1.99,3,0.0,5.97,Debit Card,"Lambertstad, Kansas",2.2,False,True
TXN01622,2024-11-04,09:50:22,c6ab242f,64,Female,PROD5055,Persevering 3rdgeneration contingency,Beauty,Tools,48.38,5,0.0,241.9,Debit Card,"Campbellside, California",,False,False
TXN01623,2023-07-19,09:50:22,f8a5a4f1,29,Female,PROD4801,Balanced intangible capacity,Books,Non-Fiction,16.64,3,0.0,49.92,Bank Transfer,"East Kathleen, Idaho",3.5,False,False
TXN01624,2023-12-11,09:50:22,f8169d81,54,Male,PROD5382,Ameliorated value-added portal,Clothing,Kids,106.2,2,0.0,212.4,E-Wallet,"Grayborough, South Carolina",2.5,False,False
TXN01625,2025-02-04,09:50:22,7c2accfd,44,Female,PROD2724,Right-sized 5thgeneration system engine,Home & Kitchen,Cookware,195.6,2,0.0,391.2,Bank Transfer,"North Jeffrey, Nebraska",1.2,False,False
TXN01626,2023-06-19,09:50:22,94c6d3ac,36,Female,PROD5436,Horizontal logistical interface,Sports,Outdoor,21.05,2,0.0,42.1,Bank Transfer,"East Dawn, Mississippi",,False,False
TXN01627,2023-01-12,09:50:22,9fc3ae8f,26,Female,PROD5093,Re-engineered high-level neural-net,Sports,Outdoor,55.62,3,0.0,166.86,Bank Transfer,"Deanland, South Carolina",3.8,False,True
TXN01628,2023-02-07,09:50:22,ca22f548,59,Female,PROD4219,Horizontal impactful focus group,Toys,Educational,31.36,5,0.08,144.26,E-Wallet,"Port Jesse, Hawaii",1.3,False,False
TXN01629,2022-10-04,09:50:22,0130dd55,50,Female,PROD5036,Configurable intermediate flexibility,Grocery,Canned Goods,47.06,3,0.0,141.18,Cash,"East Jenniferberg, Massachusetts",2.6,False,True
TXN01630,2024-11-16,09:50:22,af2b13ac,44,Male,PROD6807,Centralized zero-defect system engine,Clothing,Shoes,64.54,5,0.19,261.39,Bank Transfer,"Melissaland, Oregon",,False,False
TXN01631,2023-04-24,09:50:22,377296d8,23,Male,PROD5011,Horizontal heuristic data-warehouse,Automotive,Tools,13.07,1,0.0,13.07,Bank Transfer,"South Laurenberg, Kentucky",3.6,True,False
TXN01632,2024-11-02,09:50:22,0a6e7d04,52,Female,PROD8896,Public-key clear-thinking access,Books,Non-Fiction,17.13,4,0.22,53.45,Credit Card,"East Gerald, Delaware",4.8,False,False
TXN01633,2022-11-01,09:50:22,52149490,26,Male,PROD5677,Progressive 6thgeneration architecture,Electronics,Cameras,705.99,2,0.0,1411.98,Cash,"Gibsonburgh, Massachusetts",,False,True
TXN01634,2024-02-19,09:50:22,ad4919e9,42,Female,PROD6643,User-friendly 6thgeneration help-desk,Beauty,Fragrances,23.3,4,0.21,73.63,Debit Card,"Ericksontown, Montana",,False,True
TXN01635,2024-04-16,09:50:22,438258f3,18,Male,PROD7478,User-friendly actuating attitude,Grocery,Bakery,21.93,1,0.0,21.93,Bank Transfer,"North Dakota, Virginia",4.4,False,True
TXN01636,2022-09-15,09:50:22,948c4872,23,Female,PROD8397,Ameliorated object-oriented help-desk,Clothing,Men,21.35,2,0.0,42.7,E-Wallet,"New Jeffrey, Vermont",3.9,False,True
TXN01637,2023-12-21,09:50:22,a23be01c,42,Male,PROD3782,Expanded cohesive customer loyalty,Automotive,Accessories,38.47,2,0.0,76.94,Bank Transfer,"Amandabury, Oklahoma",,False,False
TXN01638,2024-01-10,09:50:22,c1cf5e12,64,Male,PROD2332,Adaptive secondary utilization,Electronics,Smartphones,912.5,4,0.0,3650.0,Debit Card,"Castilloside, West Virginia",3.3,False,True
TXN01639,2023-03-24,09:50:22,bd31f8e2,61,Female,PROD9740,Progressive 3rdgeneration data-warehouse,Beauty,Makeup,8.65,4,0.0,34.6,E-Wallet,"South Michael, Arizona",,False,True
TXN01640,2023-04-27,09:50:22,e1df9e0b,56,Male,PROD1617,Reverse-engineered explicit info-mediaries,Health,Wellness,30.48,3,0.07,85.04,Credit Card,"Kimberlyland, New Mexico",4.5,False,True
TXN01641,2024-05-15,09:50:22,62e6dc7b,67,Male,PROD1779,Devolved neutral functionalities,Automotive,Tools,58.24,1,0.0,58.24,Cash,"New Justin, South Dakota",,False,False
TXN01642,2025-03-12,09:50:22,a9bb9d5a,43,Male,PROD2185,Optional non-volatile superstructure,Home & Kitchen,Furniture,114.43,2,0.0,228.86,E-Wallet,"East Anna, Mississippi",,False,False
TXN01643,2023-08-08,09:50:22,ddb5c0bf,37,Female,PROD3554,Digitized next generation software,Grocery,Canned Goods,39.05,2,0.26,57.79,Debit Card,"South Maryside, Ohio",2.0,False,True
TXN01644,2023-01-09,09:50:22,ab538d9f,31,Female,PROD1962,Compatible regional capacity,Grocery,Snacks,8.75,4,0.17,29.05,Credit Card,"Lake Michaelborough, Virginia",,False,False
TXN01645,2023-06-21,09:50:22,73d39286,70,Male,PROD3217,Future-proofed impactful info-mediaries,Clothing,Men,62.85,4,0.27,183.52,Credit Card,"North Mark, Delaware",3.3,False,False
TXN01646,2023-02-14,09:50:22,0413ddce,26,Female,PROD5900,Virtual 6thgeneration process improvement,Electronics,Laptops,462.57,5,0.0,2312.85,Credit Card,"East Manuelside, Florida",,False,False
TXN01647,2023-09-02,09:50:22,bed791ba,49,Female,PROD5826,Down-sized multi-state collaboration,Clothing,Accessories,79.57,2,0.0,159.14,E-Wallet,"Michaelton, Ohio",4.4,False,True
TXN01648,2025-02-10,09:50:22,49fa1903,37,Male,PROD7208,Triple-buffered attitude-oriented interface,Clothing,Women,85.62,5,0.0,428.1,Credit Card,"North Jennifermouth, Arizona",1.2,False,False
TXN01649,2022-06-28,09:50:22,98303128,22,Male,PROD2350,Grass-roots upward-trending application,Beauty,Makeup,81.79,2,0.0,163.58,Credit Card,"Thompsonberg, Maryland",,False,True
TXN01650,2024-05-14,09:50:22,72d7b560,53,Female,PROD6642,Phased optimizing initiative,Electronics,Headphones,615.93,5,0.0,3079.65,Debit Card,"Nelsonville, Mississippi",2.6,False,False
TXN01651,2024-05-30,09:50:22,ab19067e,36,Female,PROD2065,Optimized demand-driven utilization,Home & Kitchen,Decor,142.81,3,0.0,428.43,Credit Card,"North Brandon, Hawaii",1.6,False,False
TXN01652,2024-12-18,09:50:22,4a8b5d8a,45,Female,PROD5625,Virtual static throughput,Automotive,Electronics,33.89,5,0.0,169.45,Bank Transfer,"North Frankborough, Colorado",4.7,False,False
TXN01653,2023-01-26,09:50:22,ab99dc1e,60,Female,PROD4411,Polarized zero-defect alliance,Health,Supplements,22.94,1,0.08,21.1,Cash,"Tylerborough, Connecticut",2.7,False,False
TXN01654,2022-10-29,09:50:22,220d209f,43,Male,PROD6924,Profound background core,Beauty,Makeup,36.77,2,0.0,73.54,Credit Card,"West Kaylastad, Delaware",2.8,False,True
TXN01655,2022-09-17,09:50:22,061814af,25,Male,PROD1083,Digitized grid-enabled function,Toys,Action Figures,24.09,4,0.06,90.58,Cash,"Perryside, Maryland",4.4,False,False
TXN01656,2024-01-29,09:50:22,8a1887bd,18,Male,PROD7747,Stand-alone zero administration hierarchy,Toys,Dolls,33.37,3,0.23,77.08,E-Wallet,"South Diana, North Carolina",,False,False
TXN01657,2024-07-29,09:50:22,58d80161,50,Male,PROD2994,Sharable intangible moderator,Beauty,Skincare,56.35,4,0.09,205.11,E-Wallet,"Spearston, Maryland",,False,False
TXN01658,2025-01-10,09:50:22,0e5aec96,18,Female,PROD8717,Universal system-worthy portal,Home & Kitchen,Appliances,49.54,2,0.09,90.16,Debit Card,"Port Patrickstad, Ohio",3.2,False,True
TXN01659,2025-04-16,09:50:22,8aee6bc3,23,Male,PROD5390,Integrated full-range task-force,Grocery,Canned Goods,52.8,5,0.0,264.0,Cash,"Gonzalezport, Florida",1.1,False,False
TXN01660,2024-08-24,09:50:22,718a4237,70,Female,PROD4182,Balanced optimizing conglomeration,Grocery,Canned Goods,56.34,1,0.0,56.34,Debit Card,"North Jimmy, Idaho",,False,False
TXN01661,2024-08-21,09:50:22,5662d473,68,Female,PROD5739,Up-sized motivating Internet solution,Books,Non-Fiction,27.64,2,0.0,55.28,Bank Transfer,"Nelsonmouth, Arkansas",,False,False
TXN01662,2022-10-04,09:50:22,4c9b4284,19,Male,PROD9854,Secured local projection,Sports,Yoga,1.99,5,0.0,9.95,Bank Transfer,"South Joshuaville, Maryland",,True,True
TXN01663,2023-01-17,09:50:22,90f590e0,57,Female,PROD3068,Grass-roots discrete framework,Beauty,Skincare,17.84,5,0.0,89.2,Cash,"Murphyberg, Louisiana",,False,False
TXN01664,2024-02-14,09:50:22,7dd3db78,64,Male,PROD1596,Universal homogeneous system engine,Clothing,Kids,88.91,3,0.0,266.73,E-Wallet,"Michaelshire, Kentucky",4.2,False,False
TXN01665,2022-10-04,09:50:22,36d14d29,61,Male,PROD8612,Managed responsive success,Automotive,Electronics,29.54,2,0.11,52.58,Cash,"North William, Alabama",,False,False
TXN01666,2024-11-12,09:50:22,42105207,34,Male,PROD7594,Cloned optimal emulation,Home & Kitchen,Furniture,50.05,2,0.0,100.1,Bank Transfer,"Lisamouth, Illinois",3.9,False,True
TXN01667,2024-12-15,09:50:22,807400ce,62,Male,PROD9924,Re-engineered actuating framework,Sports,Cycling,19.9,3,0.0,59.7,E-Wallet,"South Williamland, Texas",4.1,False,True
TXN01668,2025-03-30,09:50:22,893568fb,40,Male,PROD9516,Optional full-range task-force,Electronics,Headphones,668.12,5,0.0,3340.6,Bank Transfer,"South Aaronton, Minnesota",3.6,False,False
TXN01669,2024-04-10,09:50:22,200983e5,33,Male,PROD8411,Upgradable client-driven Graphical User Interface,Electronics,Headphones,609.35,1,0.0,609.35,E-Wallet,"Allenstad, Delaware",2.3,False,False
TXN01670,2023-01-23,09:50:22,4c207763,44,Male,PROD5896,Sharable 24hour hub,Electronics,Smartphones,452.21,4,0.0,1808.84,E-Wallet,"Whitechester, New Mexico",,False,False
TXN01671,2023-05-13,09:50:22,9005dd77,64,Female,PROD3633,Decentralized zero tolerance interface,Home & Kitchen,Cookware,94.32,2,0.0,188.64,Bank Transfer,"Lake Alexis, North Carolina",2.1,False,False
TXN01672,2023-01-25,09:50:22,a2a1eaf9,38,Male,PROD9708,Triple-buffered disintermediate budgetary management,Beauty,Haircare,22.16,3,0.0,66.48,E-Wallet,"North Timothyton, Alabama",,False,True
TXN01673,2024-10-08,09:50:22,93b69848,35,Male,PROD8444,Inverse secondary infrastructure,Home & Kitchen,Cookware,55.43,2,0.0,110.86,Bank Transfer,"South Jamesview, Indiana",,False,False
TXN01674,2025-02-28,09:50:22,a5dccb47,52,Female,PROD6166,Devolved zero administration Internet solution,Sports,Team Sports,62.31,2,0.0,124.62,E-Wallet,"Gibsonmouth, Missouri",3.4,False,False
TXN01675,2022-08-27,09:50:22,45cccaba,28,Female,PROD8408,Open-source local policy,Health,Vitamins,23.55,4,0.17,78.19,E-Wallet,"South Alexton, Minnesota",1.1,False,False
TXN01676,2023-01-15,09:50:22,65f478d9,40,Male,PROD4641,Optional neutral function,Grocery,Beverages,54.34,2,0.0,108.68,Cash,"Perryborough, Nebraska",3.7,False,False
TXN01677,2025-04-01,09:50:22,5efa310a,56,Female,PROD7427,Integrated maximized synergy,Automotive,Accessories,60.43,5,0.0,302.15,Credit Card,"Marshallshire, Pennsylvania",,False,False
TXN01678,2023-03-15,09:50:22,f3824127,56,Male,PROD3146,Fundamental content-based software,Health,Wellness,49.97,1,0.0,49.97,Credit Card,"New Maryland, Mississippi",,True,True
TXN01679,2024-01-18,09:50:22,16c57e99,43,Female,PROD4439,Distributed analyzing contingency,Books,Cookbooks,21.37,2,0.0,42.74,Cash,"Port Robertberg, Alaska",,False,False
TXN01680,2023-04-08,09:50:22,4af2fdd5,25,Male,PROD3570,Secured upward-trending Internet solution,Electronics,Headphones,580.75,2,0.0,1161.5,Cash,"North Amanda, New York",,False,False
TXN01681,2023-04-02,09:50:22,08363a3a,59,Male,PROD4467,Distributed optimizing parallelism,Sports,Fitness,29.52,2,0.15,50.18,Bank Transfer,"Ashleyberg, Montana",,False,True
TXN01682,2024-02-25,09:50:22,8994e5fe,29,Female,PROD8049,Front-line intermediate groupware,Health,First Aid,11.93,1,0.0,11.93,Credit Card,"Jonesmouth, Mississippi",,False,True
TXN01683,2023-08-10,09:50:22,124530ba,40,Female,PROD1040,Seamless grid-enabled productivity,Sports,Yoga,36.49,3,0.0,109.47,Credit Card,"Lake Lisaville, South Dakota",3.1,False,False
TXN01684,2024-04-13,09:50:22,30b941df,26,Male,PROD2357,Progressive web-enabled approach,Health,Supplements,6.42,2,0.25,9.63,Cash,"Brownmouth, Illinois",,False,False
TXN01685,2025-04-02,09:50:22,44c90acf,46,Female,PROD5015,Adaptive bi-directional capability,Books,Educational,53.75,5,0.0,268.75,Cash,"Lake Anaton, New York",2.3,False,False
TXN01686,2023-12-08,09:50:22,5afe59a4,23,Female,PROD9174,Integrated secondary intranet,Clothing,Accessories,36.06,3,0.0,108.18,Cash,"Luisfurt, Pennsylvania",,False,False
TXN01687,2022-10-14,09:50:22,4e2dba61,22,Male,PROD1434,Business-focused composite implementation,Toys,Games,34.02,1,0.0,34.02,E-Wallet,"Jonathanchester, New York",3.6,False,True
TXN01688,2023-10-01,09:50:22,0c33f2df,27,Male,PROD5028,Phased asymmetric frame,Clothing,Kids,58.5,4,0.0,234.0,E-Wallet,"Parkerhaven, Tennessee",,False,True
TXN01689,2023-06-12,09:50:22,a7882b09,39,Male,PROD3219,Upgradable intermediate support,Books,Cookbooks,24.82,4,0.21,78.43,E-Wallet,"Thomaston, Wyoming",,False,False
TXN01690,2023-11-19,09:50:22,ade3e05a,70,Female,PROD9398,Phased 24/7 frame,Clothing,Accessories,67.6,3,0.0,202.8,Credit Card,"Davidhaven, Colorado",4.5,False,True
TXN01691,2023-01-17,09:50:22,cb17348d,19,Male,PROD1473,Profit-focused grid-enabled encoding,Books,Fiction,20.5,1,0.0,20.5,Debit Card,"Hunterberg, Michigan",,False,True
TXN01692,2024-01-16,09:50:22,526009fe,33,Male,PROD4394,Stand-alone executive collaboration,Sports,Outdoor,47.43,5,0.0,237.15,Bank Transfer,"Suzanneburgh, New Hampshire",,False,False
TXN01693,2025-05-02,09:50:22,57536580,66,Female,PROD2692,Seamless directional throughput,Health,Wellness,3.08,4,0.0,12.32,Debit Card,"Traceyshire, Kentucky",1.5,False,False
TXN01694,2022-11-13,09:50:22,3f0fd09d,20,Male,PROD2611,Persevering dynamic secured line,Books,Educational,32.53,3,0.0,97.59,Cash,"Warnermouth, Ohio",,False,False
TXN01695,2025-02-28,09:50:22,ad2466c6,68,Male,PROD7042,Object-based dedicated budgetary management,Electronics,Headphones,887.79,3,0.16,2237.23,Cash,"Elizabethview, Massachusetts",1.7,False,True
TXN01696,2023-04-16,09:50:22,2d4b6583,49,Female,PROD7426,Seamless grid-enabled customer loyalty,Home & Kitchen,Cookware,49.98,3,0.0,149.94,Debit Card,"Mercadotown, Connecticut",,False,False
TXN01697,2023-03-17,09:50:22,0c613324,28,Male,PROD5565,Advanced multi-tasking protocol,Health,First Aid,16.45,4,0.0,65.8,E-Wallet,"Simsport, Nevada",3.0,False,False
TXN01698,2023-04-21,09:50:22,2057b54d,55,Male,PROD7861,Fundamental national neural-net,Sports,Fitness,40.28,1,0.0,40.28,Debit Card,"Cassidyshire, Oregon",2.3,False,False
TXN01699,2024-03-27,09:50:22,a61a32df,66,Female,PROD7846,Persistent value-added paradigm,Sports,Fitness,33.59,2,0.0,67.18,Credit Card,"Joshuachester, New Jersey",,False,True
TXN01700,2022-07-29,09:50:22,2ec38266,61,Female,PROD3268,Versatile intangible methodology,Grocery,Canned Goods,37.01,1,0.0,37.01,Bank Transfer,"Port Nancy, Wisconsin",4.1,False,False
TXN01701,2022-07-03,09:50:22,56e30547,36,Female,PROD8560,Up-sized client-driven toolset,Beauty,Fragrances,39.78,3,0.0,119.34,Debit Card,"East Stephaniemouth, Mississippi",,False,False
TXN01702,2022-10-19,09:50:22,bfb63255,41,Male,PROD9515,Sharable bi-directional artificial intelligence,Electronics,TVs,626.94,3,0.0,1880.82,Bank Transfer,"Lake Lindsay, Colorado",,False,False
TXN01703,2022-08-07,09:50:22,d37acda2,36,Female,PROD3359,Synchronized intangible project,Books,Fiction,52.19,2,0.0,104.38,Bank Transfer,"Derrickville, Wisconsin",,False,True
TXN01704,2023-10-30,09:50:22,ab938826,49,Female,PROD8295,Exclusive motivating complexity,Home & Kitchen,Furniture,148.69,5,0.0,743.45,Cash,"Corychester, North Dakota",2.3,True,True
TXN01705,2023-07-11,09:50:22,42f81f8e,68,Male,PROD1443,Inverse object-oriented parallelism,Grocery,Beverages,25.17,5,0.0,125.85,Credit Card,"Lake Melody, Alaska",,False,False
TXN01706,2024-09-05,09:50:22,b47d595c,67,Male,PROD4352,Implemented local support,Automotive,Parts,43.45,5,0.0,217.25,Debit Card,"Thomasmouth, Ohio",2.6,False,True
TXN01707,2022-07-07,09:50:22,54808ce3,49,Male,PROD4388,Networked eco-centric array,Books,Cookbooks,68.0,4,0.25,204.0,Debit Card,"New Rebekahborough, North Dakota",4.8,False,False
TXN01708,2025-02-18,09:50:22,912bdfa8,44,Female,PROD1851,Automated holistic hierarchy,Beauty,Tools,27.35,3,0.0,82.05,Bank Transfer,"Calvinville, Alabama",1.5,False,True
TXN01709,2023-12-20,09:50:22,930c6c0b,41,Male,PROD1014,Stand-alone 3rdgeneration model,Beauty,Tools,10.51,3,0.0,31.53,Credit Card,"Fosterfurt, North Carolina",,False,False
TXN01710,2024-01-14,09:50:22,45062551,52,Male,PROD4551,User-friendly modular knowledgebase,Beauty,Fragrances,52.14,1,0.0,52.14,Bank Transfer,"West John, North Carolina",,False,False
TXN01711,2025-01-19,09:50:22,db28c094,35,Male,PROD2046,Distributed discrete customer loyalty,Health,Vitamins,27.59,3,0.0,82.77,Credit Card,"Gregoryland, New Mexico",,False,False
TXN01712,2023-09-19,09:50:22,8ea4b067,35,Male,PROD8820,Enhanced human-resource monitoring,Automotive,Parts,1.99,1,0.0,1.99,Cash,"East Luis, Maine",,False,False
TXN01713,2024-08-14,09:50:22,6266a375,42,Female,PROD8329,Ergonomic foreground software,Automotive,Tools,46.95,2,0.21,74.18,Credit Card,"Ashleystad, Arizona",4.7,False,False
TXN01714,2024-01-05,09:50:22,edadac7d,68,Male,PROD7632,Mandatory asynchronous artificial intelligence,Books,Cookbooks,19.29,3,0.29,41.09,Bank Transfer,"Kristinehaven, Indiana",1.1,False,False
TXN01715,2024-11-19,09:50:22,ae6264ef,51,Female,PROD7951,Quality-focused optimal knowledge user,Automotive,Accessories,28.19,4,0.0,112.76,E-Wallet,"Jacquelineport, Virginia",1.4,False,False
TXN01716,2022-10-02,09:50:22,1c76f37f,46,Female,PROD9541,Assimilated multi-tasking artificial intelligence,Toys,Action Figures,36.64,1,0.0,36.64,E-Wallet,"Randyburgh, Colorado",4.3,False,True
TXN01717,2022-09-05,09:50:22,6f837331,52,Male,PROD7142,Decentralized context-sensitive conglomeration,Toys,Action Figures,33.81,4,0.0,135.24,Cash,"New Stanley, Nevada",4.5,False,False
TXN01718,2023-03-25,09:50:22,28c2b410,52,Female,PROD5045,Universal content-based paradigm,Automotive,Tools,44.19,5,0.0,220.95,Cash,"East Rickey, Arizona",,False,True
TXN01719,2024-10-22,09:50:22,9085e2a3,42,Female,PROD3326,Visionary real-time encryption,Grocery,Bakery,21.29,5,0.0,106.45,Bank Transfer,"South Jenna, Arkansas",,False,False
TXN01720,2024-09-03,09:50:22,c1830911,45,Female,PROD4408,Profit-focused 24hour firmware,Books,Children,40.26,5,0.22,157.01,Bank Transfer,"West Sethchester, Rhode Island",4.3,True,False
TXN01721,2025-01-21,09:50:22,3df0e4ff,29,Female,PROD7295,Visionary disintermediate time-frame,Grocery,Snacks,24.81,2,0.0,49.62,Cash,"Anthonymouth, Missouri",1.8,False,False
TXN01722,2024-12-12,09:50:22,558d0e81,51,Female,PROD5912,Down-sized modular algorithm,Grocery,Canned Goods,44.78,3,0.14,115.53,Credit Card,"North Becky, Wisconsin",,False,False
TXN01723,2023-06-27,09:50:22,678414b4,26,Male,PROD8482,Devolved multimedia data-warehouse,Electronics,Cameras,623.07,4,0.0,2492.28,Credit Card,"North Joseph, Montana",3.1,False,True
TXN01724,2024-04-01,09:50:22,758a7b25,26,Female,PROD3101,Grass-roots background portal,Home & Kitchen,Decor,54.52,4,0.0,218.08,Credit Card,"Andersonland, Florida",1.5,False,False
TXN01725,2023-02-24,09:50:22,55c541ec,27,Male,PROD1787,Cross-group upward-trending monitoring,Automotive,Car Care,51.72,2,0.2,82.75,Credit Card,"Harperfurt, Louisiana",,False,False
TXN01726,2024-02-05,09:50:22,a025e0d3,40,Female,PROD8324,Balanced exuding approach,Beauty,Makeup,19.28,2,0.0,38.56,Cash,"West Kellyton, New Hampshire",,False,True
TXN01727,2024-02-18,09:50:22,25f034e9,42,Female,PROD8118,Expanded user-facing definition,Health,First Aid,46.16,1,0.0,46.16,Bank Transfer,"Lake Samantha, North Dakota",,False,False
TXN01728,2024-04-12,09:50:22,8022c6af,30,Female,PROD5358,Polarized bandwidth-monitored artificial intelligence,Books,Educational,37.35,3,0.2,89.64,E-Wallet,"Lake Norman, North Carolina",,True,False
TXN01729,2024-07-30,09:50:22,15d0460b,61,Female,PROD4215,User-centric systemic productivity,Sports,Outdoor,66.76,2,0.0,133.52,Cash,"Nicholasside, North Carolina",4.8,False,False
TXN01730,2023-01-28,09:50:22,14370671,47,Male,PROD6928,Devolved optimal extranet,Home & Kitchen,Appliances,104.36,1,0.0,104.36,Cash,"Michellefurt, South Dakota",,False,False
TXN01731,2024-06-02,09:50:22,457a9f02,23,Female,PROD1608,Robust regional success,Grocery,Dairy,23.01,1,0.0,23.01,Cash,"Munozmouth, Georgia",,False,True
TXN01732,2025-03-25,09:50:22,548c0c57,43,Female,PROD4423,Synergized asymmetric adapter,Clothing,Shoes,49.42,2,0.0,98.84,Credit Card,"Lake David, Texas",,False,False
TXN01733,2022-12-09,09:50:22,f2b22cd4,50,Male,PROD6868,Future-proofed asynchronous challenge,Sports,Cycling,23.94,4,0.0,95.76,Debit Card,"Michaelland, Virginia",1.9,False,True
TXN01734,2024-02-18,09:50:22,c2027a39,42,Male,PROD9279,Right-sized secondary access,Home & Kitchen,Furniture,176.0,3,0.0,528.0,E-Wallet,"East Tarahaven, Ohio",3.3,False,False
TXN01735,2023-09-13,09:50:22,9d2e3886,49,Male,PROD7679,Operative 3rdgeneration encryption,Toys,Games,1.99,2,0.0,3.98,Credit Card,"North Nicholas, South Dakota",,False,True
TXN01736,2024-12-16,09:50:22,63c70932,64,Female,PROD3105,Object-based reciprocal structure,Automotive,Accessories,8.93,3,0.0,26.79,Cash,"Lake Christine, Idaho",,False,True
TXN01737,2023-01-11,09:50:22,e5ba5289,68,Male,PROD6236,Compatible empowering access,Electronics,Laptops,286.44,1,0.0,286.44,Credit Card,"Johnsontown, Ohio",1.3,False,True
TXN01738,2023-11-04,09:50:22,fe87e04b,59,Male,PROD1934,Switchable content-based capacity,Sports,Team Sports,49.01,2,0.0,98.02,E-Wallet,"Sandersshire, Maryland",4.5,False,False
TXN01739,2024-11-11,09:50:22,7cf92866,69,Male,PROD2464,Persevering leadingedge portal,Grocery,Beverages,64.21,3,0.0,192.63,Debit Card,"Brownside, Pennsylvania",,False,True
TXN01740,2023-09-25,09:50:22,bfd22288,53,Female,PROD9536,Reactive explicit neural-net,Electronics,Cameras,479.11,1,0.0,479.11,Bank Transfer,"East Benjaminfort, South Carolina",,False,True
TXN01741,2023-02-18,09:50:22,de06b2f5,22,Female,PROD9908,Fundamental interactive ability,Beauty,Tools,26.62,1,0.21,21.03,Debit Card,"East Debbie, Rhode Island",2.3,False,False
TXN01742,2022-11-20,09:50:22,cef624c2,63,Male,PROD8266,Cross-group background orchestration,Home & Kitchen,Bedding,124.9,1,0.0,124.9,Debit Card,"East Mollyshire, Colorado",1.2,False,True
TXN01743,2022-08-17,09:50:22,18db91c1,26,Male,PROD8030,Polarized multimedia interface,Toys,Educational,53.24,2,0.0,106.48,Credit Card,"New Christine, Wisconsin",,False,False
TXN01744,2023-12-21,09:50:22,66be122e,40,Male,PROD2206,Multi-lateral eco-centric firmware,Health,Medical,11.45,4,0.0,45.8,Cash,"Davidfort, Colorado",,False,False
TXN01745,2024-06-30,09:50:22,78e5f9db,18,Female,PROD9146,Automated dynamic moderator,Clothing,Men,57.15,3,0.0,171.45,Debit Card,"East Brandonfurt, Kansas",,False,False
TXN01746,2024-09-08,09:50:22,fea9be65,65,Female,PROD3292,Multi-channeled coherent installation,Health,Wellness,49.5,3,0.0,148.5,Credit Card,"Port Katherinebury, Maryland",,False,False
TXN01747,2023-09-26,09:50:22,da72d974,45,Female,PROD2610,Optimized full-range intranet,Books,Educational,40.02,3,0.0,120.06,Credit Card,"New Brett, Michigan",2.6,False,False
TXN01748,2023-03-29,09:50:22,a334ad34,45,Female,PROD1402,Virtual zero tolerance structure,Home & Kitchen,Bedding,133.27,5,0.0,666.35,Debit Card,"Randallton, New Hampshire",,False,False
TXN01749,2024-03-06,09:50:22,5f5605f9,50,Male,PROD4190,Programmable national circuit,Home & Kitchen,Decor,190.07,4,0.09,691.85,E-Wallet,"South Kurt, Utah",2.7,False,False
TXN01750,2024-02-05,09:50:22,73170ec4,47,Female,PROD4962,Balanced 3rdgeneration instruction set,Toys,Games,1.99,2,0.28,2.87,Bank Transfer,"Port Brianside, Iowa",,False,False
TXN01751,2023-05-29,09:50:22,ed6cee02,45,Female,PROD9126,Diverse logistical neural-net,Clothing,Women,70.34,3,0.0,211.02,E-Wallet,"South Jacobberg, Oregon",,False,True
TXN01752,2023-03-28,09:50:22,bf3a2138,22,Female,PROD3044,Profound maximized matrix,Grocery,Bakery,16.92,3,0.0,50.76,Bank Transfer,"Lake Anthony, Tennessee",,False,True
TXN01753,2025-02-19,09:50:22,dfa141e9,55,Female,PROD7495,Future-proofed motivating workforce,Toys,Games,1.99,4,0.0,7.96,Debit Card,"Palmerfort, Michigan",,False,True
TXN01754,2025-03-25,09:50:22,682f6a80,21,Female,PROD1714,Front-line holistic database,Automotive,Car Care,40.22,1,0.0,40.22,Cash,"Holmesville, Colorado",,True,False
TXN01755,2024-12-17,09:50:22,6bc40082,53,Female,PROD6727,Future-proofed optimal architecture,Beauty,Haircare,57.47,5,0.0,287.35,Debit Card,"Starkside, Indiana",3.1,False,False
TXN01756,2025-02-20,09:50:22,3a2e39d7,39,Male,PROD2045,Optional national middleware,Grocery,Snacks,27.25,2,0.0,54.5,Credit Card,"Reneetown, Hawaii",,False,False
TXN01757,2024-01-27,09:50:22,f7320f6e,27,Male,PROD3655,Upgradable cohesive neural-net,Electronics,Headphones,690.57,3,0.24,1574.5,Credit Card,"Richardsonville, Wisconsin",2.6,False,True
TXN01758,2025-02-17,09:50:22,72321b7b,18,Female,PROD4204,Mandatory system-worthy website,Health,Supplements,62.25,1,0.0,62.25,Credit Card,"Kaitlinfurt, Michigan",,True,True
TXN01759,2022-06-22,09:50:22,fd59cfdb,41,Male,PROD8693,Polarized eco-centric methodology,Beauty,Makeup,56.3,4,0.0,225.2,E-Wallet,"Port Derrickville, Iowa",1.6,False,False
TXN01760,2022-11-06,09:50:22,68abdc2d,37,Female,PROD7020,Integrated dedicated standardization,Beauty,Skincare,62.8,3,0.0,188.4,Credit Card,"West Samuelstad, North Carolina",4.2,False,False
TXN01761,2024-07-19,09:50:22,a0bcd31b,41,Female,PROD5147,Multi-lateral incremental architecture,Books,Children,44.84,1,0.0,44.84,Bank Transfer,"Carterborough, Missouri",,False,True
TXN01762,2025-03-06,09:50:22,0fbd1c32,40,Male,PROD5385,Universal radical success,Sports,Fitness,31.51,3,0.0,94.53,E-Wallet,"Bruceport, Illinois",4.6,False,False
TXN01763,2024-11-27,09:50:22,c9cd90a2,49,Male,PROD8113,Upgradable background project,Automotive,Accessories,1.99,3,0.0,5.97,E-Wallet,"Ortizberg, Oregon",3.5,False,False
TXN01764,2023-09-11,09:50:22,ed74c997,18,Female,PROD4992,Front-line asynchronous extranet,Automotive,Parts,25.08,2,0.27,36.62,E-Wallet,"Lake Mariaville, Missouri",2.9,False,False
TXN01765,2023-07-20,09:50:22,bca2cc39,56,Female,PROD9774,Monitored intermediate forecast,Toys,Puzzles,13.14,5,0.0,65.7,Cash,"Larryville, Illinois",2.2,True,True
TXN01766,2024-04-27,09:50:22,b12bfffc,43,Female,PROD3706,Secured homogeneous migration,Beauty,Haircare,73.42,1,0.0,73.42,Credit Card,"Jeffersonland, Oklahoma",3.4,False,True
TXN01767,2022-08-13,09:50:22,89db13e6,62,Female,PROD8320,Multi-lateral user-facing algorithm,Books,Non-Fiction,26.48,3,0.3,55.61,Bank Transfer,"Bushborough, Connecticut",,False,False
TXN01768,2022-08-17,09:50:22,ebc7721e,33,Male,PROD2039,Self-enabling secondary algorithm,Home & Kitchen,Bedding,128.62,3,0.0,385.86,Cash,"Martinezhaven, Georgia",,False,False
TXN01769,2023-12-03,09:50:22,39898fef,19,Male,PROD2543,Persevering empowering software,Sports,Fitness,41.03,3,0.08,113.24,Credit Card,"Foxshire, Rhode Island",2.2,False,False
TXN01770,2025-02-12,09:50:22,d43337c4,57,Female,PROD4081,Business-focused grid-enabled alliance,Clothing,Women,51.31,4,0.0,205.24,Debit Card,"Hernandezmouth, Wisconsin",4.3,False,False
TXN01771,2024-12-24,09:50:22,0bd013e9,28,Female,PROD6864,Fully-configurable systemic protocol,Clothing,Men,100.85,2,0.0,201.7,Cash,"West Steven, Vermont",3.3,False,False
TXN01772,2023-12-12,09:50:22,6bff94fd,25,Male,PROD9578,Extended homogeneous complexity,Beauty,Makeup,17.55,5,0.0,87.75,E-Wallet,"Charlesstad, Missouri",4.6,False,True
TXN01773,2022-05-22,09:50:22,a70b014c,58,Female,PROD1671,Streamlined content-based leverage,Grocery,Bakery,33.89,3,0.0,101.67,Cash,"Wayneshire, Wyoming",4.8,False,False
TXN01774,2022-12-12,09:50:22,06338598,40,Female,PROD6122,User-friendly hybrid pricing structure,Clothing,Accessories,27.73,2,0.0,55.46,Credit Card,"Millerport, Arizona",2.9,False,True
TXN01775,2024-10-04,09:50:22,3febfb9d,33,Female,PROD5098,Future-proofed intermediate time-frame,Books,Fiction,3.6,4,0.1,12.96,Credit Card,"Lake Ronnie, Arkansas",,False,False
TXN01776,2023-02-04,09:50:22,ec2f02ce,66,Female,PROD5216,Team-oriented dynamic pricing structure,Home & Kitchen,Furniture,77.18,3,0.0,231.54,Cash,"Jasonbury, Idaho",,False,True
TXN01777,2023-10-29,09:50:22,b50884ef,43,Male,PROD1231,Assimilated clear-thinking functionalities,Toys,Action Figures,29.26,5,0.0,146.3,Credit Card,"Mcguireton, Connecticut",3.0,False,False
TXN01778,2024-05-24,09:50:22,cff30acc,57,Female,PROD2208,Adaptive national groupware,Toys,Puzzles,21.41,2,0.26,31.69,Debit Card,"Johnsonmouth, Rhode Island",,False,False
TXN01779,2024-08-08,09:50:22,83c244a7,70,Male,PROD7861,Networked solution-oriented time-frame,Electronics,TVs,361.52,3,0.13,943.57,Bank Transfer,"South Robinside, Arizona",,False,False
TXN01780,2024-05-24,09:50:22,52ab107d,37,Female,PROD2481,Operative tangible concept,Clothing,Women,7.81,2,0.0,15.62,Debit Card,"New Jessicaburgh, Texas",,False,False
TXN01781,2022-08-06,09:50:22,7e0ac4dd,20,Male,PROD3878,Switchable background architecture,Electronics,Laptops,483.38,3,0.0,1450.14,Debit Card,"East Nicolemouth, West Virginia",2.6,False,True
TXN01782,2024-08-03,09:50:22,9300be75,29,Male,PROD2805,Multi-lateral context-sensitive interface,Grocery,Canned Goods,1.99,2,0.0,3.98,Cash,"North Julia, Nevada",2.8,False,True
TXN01783,2022-08-18,09:50:22,7a798fec,45,Female,PROD4686,Team-oriented stable Graphical User Interface,Electronics,TVs,652.01,3,0.07,1819.11,Debit Card,"West Victoria, Kansas",,False,True
TXN01784,2023-06-08,09:50:22,644117b3,38,Male,PROD7684,Extended asynchronous core,Electronics,Laptops,516.49,5,0.0,2582.45,Credit Card,"Lake Philipborough, South Carolina",,False,False
TXN01785,2024-05-17,09:50:22,6ec5572d,31,Male,PROD9343,Reduced disintermediate focus group,Books,Cookbooks,1.99,2,0.0,3.98,Cash,"Markbury, Montana",4.2,False,False
TXN01786,2023-12-18,09:50:22,f407595b,28,Male,PROD5033,Inverse incremental middleware,Health,Vitamins,23.82,1,0.0,23.82,E-Wallet,"Destinyborough, Delaware",,False,False
TXN01787,2022-10-03,09:50:22,8748f649,67,Male,PROD6881,Organic human-resource strategy,Sports,Yoga,14.96,2,0.0,29.92,E-Wallet,"North Stephanieville, Iowa",,False,False
TXN01788,2024-07-05,09:50:22,d942bbc0,41,Male,PROD1925,Grass-roots homogeneous architecture,Books,Educational,36.38,1,0.0,36.38,Cash,"North Denise, California",,False,False
TXN01789,2025-03-03,09:50:22,55326f76,53,Male,PROD4490,Total actuating help-desk,Electronics,Laptops,768.09,1,0.21,606.79,Bank Transfer,"Michellehaven, Hawaii",2.0,False,False
TXN01790,2024-11-13,09:50:22,3e245e74,21,Male,PROD1778,Enhanced secondary core,Sports,Fitness,1.99,2,0.0,3.98,Bank Transfer,"South Jenniferburgh, California",2.6,False,False
TXN01791,2023-11-29,09:50:22,21e347c5,58,Male,PROD9789,Right-sized context-sensitive migration,Grocery,Canned Goods,32.3,4,0.0,129.2,E-Wallet,"North Joseburgh, Wyoming",3.7,False,True
TXN01792,2023-01-04,09:50:22,78a34103,46,Male,PROD2174,Configurable bottom-line algorithm,Toys,Puzzles,26.8,5,0.07,124.62,Debit Card,"North Nathanielstad, Montana",,True,False
TXN01793,2023-01-24,09:50:22,84263b23,28,Male,PROD1047,Grass-roots responsive budgetary management,Clothing,Women,70.14,2,0.0,140.28,Credit Card,"Parkerborough, Florida",1.4,False,False
TXN01794,2022-11-20,09:50:22,cba870c4,61,Male,PROD7336,Progressive needs-based instruction set,Automotive,Accessories,34.26,3,0.0,102.78,Debit Card,"Pamelaside, Utah",,False,False
TXN01795,2024-07-20,09:50:22,ea03d080,59,Female,PROD5022,Team-oriented composite task-force,Toys,Dolls,14.96,4,0.0,59.84,Debit Card,"Traciborough, New Mexico",,False,False
TXN01796,2024-06-08,09:50:22,13ae3ef9,20,Male,PROD1379,Open-architected composite synergy,Books,Cookbooks,23.62,5,0.0,118.1,E-Wallet,"Tammyfurt, Nevada",,False,True
TXN01797,2024-03-30,09:50:22,99de8aeb,35,Female,PROD1451,Assimilated grid-enabled firmware,Clothing,Men,26.12,4,0.0,104.48,E-Wallet,"Lake Antonio, Kentucky",,False,False
TXN01798,2024-05-23,09:50:22,8b9c1120,67,Male,PROD5338,Enterprise-wide actuating orchestration,Health,Medical,51.52,1,0.16,43.28,Bank Transfer,"Torresshire, Minnesota",,False,False
TXN01799,2023-02-25,09:50:22,5c486a35,39,Female,PROD2882,Self-enabling analyzing service-desk,Beauty,Haircare,30.43,4,0.0,121.72,Debit Card,"Morrisview, Maryland",3.5,False,False
TXN01800,2023-06-17,09:50:22,10ca16a0,66,Male,PROD7973,Phased static support,Books,Fiction,68.02,2,0.0,136.04,Credit Card,"Nancyberg, Vermont",3.8,False,False
TXN01801,2025-03-13,09:50:22,65430a7c,52,Male,PROD1413,Public-key logistical neural-net,Clothing,Women,48.18,4,0.0,192.72,E-Wallet,"Lake Amandastad, Kentucky",4.7,False,False
TXN01802,2024-08-05,09:50:22,6a748f75,70,Male,PROD3717,Fundamental disintermediate database,Books,Fiction,15.83,2,0.0,31.66,Bank Transfer,"New Jennifer, Pennsylvania",2.9,False,True
TXN01803,2025-02-23,09:50:22,ebbdab63,49,Female,PROD4355,Expanded intermediate Internet solution,Beauty,Fragrances,1.99,1,0.0,1.99,E-Wallet,"North Ashleyshire, Wisconsin",,False,True
TXN01804,2022-07-27,09:50:22,609011a0,58,Male,PROD7137,Universal coherent budgetary management,Clothing,Men,1.99,4,0.0,7.96,Credit Card,"Turnermouth, Nebraska",,False,False
TXN01805,2022-08-06,09:50:22,8ae9f28c,34,Female,PROD1445,Business-focused maximized concept,Clothing,Accessories,2.48,4,0.0,9.92,E-Wallet,"Mirandafort, Illinois",1.8,False,False
TXN01806,2022-07-24,09:50:22,12cd698f,31,Female,PROD4790,Cloned content-based adapter,Toys,Puzzles,35.34,5,0.0,176.7,Bank Transfer,"Lake Amyburgh, Pennsylvania",,True,True
TXN01807,2023-02-10,09:50:22,f5f1cc20,62,Male,PROD6644,Horizontal well-modulated implementation,Grocery,Dairy,40.17,5,0.0,200.85,Debit Card,"Stephanieland, Texas",,False,True
TXN01808,2024-03-18,09:50:22,44b35e7d,42,Female,PROD4654,Managed upward-trending Graphic Interface,Home & Kitchen,Bedding,9.32,1,0.0,9.32,Debit Card,"Lake Jonathanfurt, Virginia",,False,True
TXN01809,2024-12-31,09:50:22,98265ec5,52,Female,PROD3790,Programmable high-level alliance,Beauty,Skincare,47.9,4,0.0,191.6,Debit Card,"New Kevin, Alaska",,False,True
TXN01810,2025-04-03,09:50:22,1f3a45fa,59,Male,PROD8871,Synergized reciprocal knowledgebase,Books,Fiction,20.34,5,0.07,94.58,Credit Card,"Port Brianna, North Carolina",2.8,False,False
TXN01811,2024-11-26,09:50:22,65b1dfb0,57,Male,PROD6172,Decentralized exuding pricing structure,Health,Wellness,32.94,3,0.0,98.82,E-Wallet,"Port Coryland, Utah",4.6,False,False
TXN01812,2023-03-07,09:50:22,29de9f93,40,Male,PROD9757,Exclusive composite moratorium,Clothing,Shoes,98.37,1,0.19,79.68,E-Wallet,"New Isaacside, Ohio",4.2,False,False
TXN01813,2025-03-26,09:50:22,927e2f7b,24,Female,PROD4278,Automated maximized conglomeration,Electronics,Headphones,679.37,1,0.0,679.37,Cash,"West Shaunbury, Kansas",,False,True
TXN01814,2023-02-16,09:50:22,aab67968,24,Female,PROD5998,Synergistic real-time definition,Books,Children,24.63,3,0.0,73.89,Debit Card,"Port Mark, Nebraska",4.0,False,True
TXN01815,2024-03-07,09:50:22,54c4f777,43,Male,PROD1775,Grass-roots directional extranet,Automotive,Electronics,12.18,1,0.26,9.01,Debit Card,"Torreschester, Pennsylvania",,False,True
TXN01816,2024-02-17,09:50:22,58b9fe7f,25,Female,PROD4634,Face-to-face intermediate concept,Electronics,Headphones,69.64,1,0.0,69.64,E-Wallet,"Garciastad, Kansas",,False,False
TXN01817,2023-04-03,09:50:22,80315826,66,Male,PROD6086,Reduced bifurcated architecture,Toys,Action Figures,15.62,2,0.2,24.99,Bank Transfer,"Sheltonville, Maryland",,False,False
TXN01818,2024-07-18,09:50:22,a5a4360c,50,Male,PROD6599,Universal object-oriented groupware,Grocery,Dairy,25.78,2,0.0,51.56,Cash,"Jonesberg, North Dakota",2.5,False,False
TXN01819,2024-01-08,09:50:22,eb7eceea,64,Male,PROD3525,Digitized analyzing Graphic Interface,Grocery,Bakery,10.26,5,0.0,51.3,Credit Card,"Hicksville, North Dakota",1.6,False,False
TXN01820,2024-03-24,09:50:22,27b127de,38,Male,PROD5162,Cross-platform maximized moratorium,Sports,Fitness,27.37,4,0.0,109.48,Credit Card,"Port Danielport, Massachusetts",,False,False
TXN01821,2025-03-09,09:50:22,eb6526b3,62,Female,PROD4821,Synchronized high-level hardware,Home & Kitchen,Furniture,125.38,2,0.0,250.76,E-Wallet,"New David, South Carolina",,False,True
TXN01822,2025-03-14,09:50:22,2ef000a8,24,Female,PROD7383,Decentralized transitional complexity,Beauty,Skincare,25.5,2,0.0,51.0,Bank Transfer,"Jamieshire, Florida",,False,True
TXN01823,2025-04-30,09:50:22,cfb67722,67,Male,PROD8022,Monitored multi-tasking project,Grocery,Snacks,17.0,4,0.0,68.0,Bank Transfer,"West Tammy, Montana",3.6,False,False
TXN01824,2025-02-02,09:50:22,2ae89179,62,Male,PROD8551,Multi-tiered next generation open architecture,Health,Wellness,33.37,4,0.12,117.46,Credit Card,"South Crystalberg, Montana",,False,False
TXN01825,2024-01-09,09:50:22,90c2db1d,31,Female,PROD4147,Function-based 3rdgeneration frame,Grocery,Canned Goods,38.84,1,0.0,38.84,Bank Transfer,"Donnachester, Hawaii",,False,False
TXN01826,2025-01-02,09:50:22,35aac601,63,Male,PROD6007,Assimilated intangible encryption,Books,Non-Fiction,8.19,1,0.0,8.19,Debit Card,"North Zachary, South Dakota",,False,True
TXN01827,2022-06-09,09:50:22,3891f7c5,69,Male,PROD7746,Inverse dedicated alliance,Home & Kitchen,Cookware,218.77,1,0.0,218.77,Bank Transfer,"East Seth, North Carolina",,False,True
TXN01828,2024-05-29,09:50:22,2275367a,59,Female,PROD5754,Devolved content-based standardization,Grocery,Dairy,28.03,3,0.0,84.09,Credit Card,"Jacquelinefurt, Delaware",,False,True
TXN01829,2024-03-14,09:50:22,a02d07c4,33,Female,PROD1119,Multi-layered object-oriented superstructure,Automotive,Parts,30.38,2,0.0,60.76,Credit Card,"Lake Tannerbury, North Carolina",1.6,False,False
TXN01830,2022-12-16,09:50:22,7977879f,44,Female,PROD1132,Self-enabling 6thgeneration conglomeration,Toys,Games,44.16,1,0.23,34.0,E-Wallet,"Robinsonview, Rhode Island",3.6,False,False
TXN01831,2024-09-05,09:50:22,bf9361aa,30,Female,PROD1637,Self-enabling well-modulated info-mediaries,Clothing,Kids,57.0,4,0.0,228.0,Bank Transfer,"Thomasview, Texas",,False,False
TXN01832,2024-01-26,09:50:22,fd11aa3c,42,Male,PROD2156,Universal 5thgeneration paradigm,Home & Kitchen,Cookware,186.72,3,0.0,560.16,Bank Transfer,"Port Michael, Idaho",,True,True
TXN01833,2022-06-29,09:50:22,ab640ff4,20,Male,PROD4962,Implemented coherent attitude,Toys,Games,35.74,5,0.0,178.7,Bank Transfer,"Glassview, Oklahoma",,False,False
TXN01834,2025-01-01,09:50:22,0d238cb5,32,Female,PROD2528,Stand-alone content-based strategy,Toys,Puzzles,17.75,4,0.0,71.0,Debit Card,"Stacyburgh, California",,False,True
TXN01835,2023-10-31,09:50:22,d4ed87d4,68,Female,PROD3077,Synergistic motivating website,Clothing,Accessories,60.85,2,0.0,121.7,Credit Card,"Alexfurt, Virginia",,False,False
TXN01836,2023-08-15,09:50:22,e8feb5ff,35,Female,PROD4134,Open-architected bandwidth-monitored capacity,Home & Kitchen,Cookware,39.94,1,0.0,39.94,Debit Card,"Latoyaport, Arizona",,False,True
TXN01837,2022-08-19,09:50:22,67591c16,41,Male,PROD9631,Synchronized fresh-thinking secured line,Automotive,Electronics,32.17,5,0.0,160.85,Debit Card,"Tomfurt, Nevada",2.0,False,False
TXN01838,2025-01-13,09:50:22,dd325ed1,36,Male,PROD3893,Cross-platform system-worthy complexity,Beauty,Skincare,29.34,5,0.0,146.7,Cash,"Castillofort, Alabama",,False,False
TXN01839,2023-04-20,09:50:22,c0f02284,70,Male,PROD6691,Optional empowering product,Home & Kitchen,Bedding,105.43,3,0.0,316.29,E-Wallet,"South Janice, New Jersey",2.1,False,False
TXN01840,2025-04-13,09:50:22,cfd766c3,58,Male,PROD5075,Ergonomic neutral strategy,Automotive,Electronics,27.43,5,0.0,137.15,Bank Transfer,"Lake Lesliechester, Tennessee",2.1,False,False
TXN01841,2024-06-22,09:50:22,698f45f2,43,Female,PROD1734,Cross-group interactive moderator,Health,First Aid,1.99,3,0.0,5.97,Cash,"Ericton, Delaware",3.4,False,True
TXN01842,2023-03-04,09:50:22,c3c873d3,53,Female,PROD4477,Monitored mission-critical matrix,Automotive,Electronics,19.03,2,0.24,28.93,Bank Transfer,"Bernardborough, Arizona",,False,False
TXN01843,2023-09-14,09:50:22,10ebd0ae,47,Male,PROD7694,Progressive foreground open system,Health,First Aid,31.86,4,0.0,127.44,E-Wallet,"Amandamouth, Colorado",2.7,False,False
TXN01844,2022-07-09,09:50:22,cda4e371,23,Male,PROD4520,Self-enabling content-based moderator,Electronics,Headphones,531.97,5,0.26,1968.29,Bank Transfer,"Lake Cameronfort, Louisiana",,False,True
TXN01845,2022-12-17,09:50:22,00017ab9,18,Female,PROD2254,Advanced interactive toolset,Books,Fiction,9.45,3,0.0,28.35,Cash,"Port Samuelview, South Carolina",2.7,False,False
TXN01846,2023-05-31,09:50:22,733e6bb9,31,Female,PROD4399,Adaptive human-resource application,Electronics,Smartphones,753.14,4,0.0,3012.56,Cash,"South Ronald, Oklahoma",,False,False
TXN01847,2022-06-13,09:50:22,d24ef9e2,59,Female,PROD7700,Switchable web-enabled flexibility,Toys,Puzzles,12.68,5,0.0,63.4,Cash,"Jacksonfort, Alabama",,False,False
TXN01848,2024-10-25,09:50:22,e0ec8284,29,Female,PROD2181,Streamlined multimedia challenge,Grocery,Dairy,49.39,3,0.0,148.17,Debit Card,"North Ryan, Oklahoma",4.3,False,False
TXN01849,2024-02-07,09:50:22,4b171e72,26,Female,PROD1912,Universal interactive functionalities,Health,Supplements,38.54,3,0.0,115.62,Credit Card,"Kramerview, Tennessee",,False,False
TXN01850,2024-09-09,09:50:22,ce401651,66,Female,PROD5929,Reduced attitude-oriented process improvement,Grocery,Bakery,17.08,3,0.0,51.24,E-Wallet,"Michaelfort, Arizona",,False,False
TXN01851,2023-03-12,09:50:22,961f36fd,53,Male,PROD7313,Grass-roots multi-tasking attitude,Toys,Dolls,65.51,5,0.0,327.55,Bank Transfer,"North Benjaminshire, Hawaii",2.0,False,False
TXN01852,2024-08-28,09:50:22,7cf80e18,56,Female,PROD2377,Reverse-engineered holistic neural-net,Grocery,Snacks,6.13,1,0.07,5.7,Debit Card,"South Patriciaview, South Carolina",2.8,False,False
TXN01853,2023-06-27,09:50:22,4976600e,63,Female,PROD8531,Persistent holistic function,Grocery,Snacks,48.38,3,0.0,145.14,Bank Transfer,"Parkerberg, Washington",,False,False
TXN01854,2024-08-23,09:50:22,5e6142a0,65,Female,PROD4532,Polarized 24hour budgetary management,Books,Fiction,50.01,2,0.0,100.02,E-Wallet,"North Tina, Massachusetts",,False,False
TXN01855,2025-02-26,09:50:22,9e42862a,32,Male,PROD9801,Mandatory holistic synergy,Grocery,Bakery,16.59,3,0.0,49.77,Bank Transfer,"West Marcus, Missouri",,False,False
TXN01856,2024-12-26,09:50:22,0f178a1d,46,Male,PROD3032,Centralized upward-trending attitude,Grocery,Beverages,57.85,3,0.0,173.55,E-Wallet,"Lanceberg, Wisconsin",,False,False
TXN01857,2022-09-10,09:50:22,e4107a65,42,Male,PROD7429,Re-engineered 4thgeneration service-desk,Sports,Yoga,25.0,4,0.0,100.0,Debit Card,"Colefort, Alaska",,False,False
TXN01858,2023-02-12,09:50:22,8c68e103,70,Female,PROD5341,Down-sized system-worthy model,Electronics,Cameras,557.74,5,0.0,2788.7,Bank Transfer,"North Ashleymouth, Michigan",4.7,False,False
TXN01859,2025-04-02,09:50:22,a1ad39f0,26,Female,PROD4117,Phased incremental system engine,Sports,Cycling,35.21,3,0.0,105.63,Debit Card,"New Anthonymouth, Florida",4.8,False,False
TXN01860,2023-07-04,09:50:22,8b8a9606,36,Male,PROD5344,Stand-alone intermediate artificial intelligence,Beauty,Skincare,27.31,2,0.0,54.62,E-Wallet,"West Samanthamouth, Arizona",2.7,False,True
TXN01861,2024-03-01,09:50:22,f0696d33,30,Female,PROD2446,User-centric intermediate pricing structure,Books,Educational,46.22,4,0.0,184.88,Cash,"Cynthialand, Missouri",3.4,False,False
TXN01862,2025-01-09,09:50:22,29951ae1,54,Female,PROD1548,User-friendly optimizing project,Grocery,Beverages,45.87,1,0.0,45.87,Credit Card,"Parkerland, California",,False,False
TXN01863,2025-04-16,09:50:22,abe90759,33,Female,PROD7924,Monitored eco-centric analyzer,Sports,Cycling,1.99,2,0.0,3.98,Cash,"Port Dianafort, Nebraska",3.9,False,False
TXN01864,2024-06-15,09:50:22,29494e7f,20,Female,PROD8641,Re-contextualized asynchronous portal,Home & Kitchen,Appliances,211.3,2,0.0,422.6,E-Wallet,"Lake Gary, Indiana",,True,False
TXN01865,2024-02-07,09:50:22,a13e0f35,70,Female,PROD2274,Team-oriented bottom-line neural-net,Clothing,Men,1.99,1,0.0,1.99,Cash,"Port Heathershire, Alabama",3.3,False,False
TXN01866,2023-04-25,09:50:22,dd977b7b,23,Male,PROD6214,Organic content-based methodology,Health,Wellness,50.65,5,0.0,253.25,E-Wallet,"Port Markport, Connecticut",,False,False
TXN01867,2024-12-02,09:50:22,efa4716a,46,Female,PROD2523,Profound tertiary approach,Books,Children,52.53,4,0.0,210.12,Cash,"North Ralphport, Georgia",3.9,False,False
TXN01868,2025-05-01,09:50:22,b6d2768f,43,Female,PROD9971,Up-sized actuating application,Toys,Puzzles,8.18,4,0.0,32.72,Cash,"North Stevetown, Idaho",3.9,False,False
TXN01869,2024-04-06,09:50:22,0e803c26,19,Male,PROD5525,Configurable 6thgeneration support,Electronics,TVs,417.84,2,0.0,835.68,Cash,"South Patrickburgh, New Jersey",4.9,False,False
TXN01870,2024-04-30,09:50:22,73b073be,19,Female,PROD5558,Multi-layered static frame,Grocery,Snacks,7.89,2,0.0,15.78,Debit Card,"Davidtown, Hawaii",3.0,False,False
TXN01871,2023-10-29,09:50:22,d2699f98,31,Male,PROD9715,Centralized cohesive initiative,Health,Wellness,25.7,4,0.09,93.55,Cash,"East Matthewmouth, Arkansas",,False,True
TXN01872,2025-01-21,09:50:22,99a43c83,34,Female,PROD9197,Quality-focused full-range superstructure,Books,Children,23.84,4,0.0,95.36,Debit Card,"Amandaburgh, Colorado",,False,True
TXN01873,2023-06-03,09:50:22,8de447fc,65,Male,PROD4701,Self-enabling regional attitude,Beauty,Haircare,45.59,2,0.13,79.33,Cash,"Jackville, New Jersey",,False,False
TXN01874,2023-09-22,09:50:22,9a44e7e5,48,Female,PROD2564,Persistent encompassing model,Grocery,Canned Goods,56.21,1,0.0,56.21,E-Wallet,"Brittneyfurt, Vermont",2.7,False,False
TXN01875,2023-11-28,09:50:22,718c8432,30,Female,PROD7855,Ergonomic modular intranet,Sports,Fitness,57.91,5,0.0,289.55,Credit Card,"Port Jessica, Maine",1.6,False,False
TXN01876,2024-01-07,09:50:22,0c5514ed,58,Male,PROD2948,Team-oriented 4thgeneration circuit,Clothing,Kids,33.13,2,0.0,66.26,Bank Transfer,"Lake Daniel, Massachusetts",4.1,False,False
TXN01877,2023-08-09,09:50:22,77985d12,28,Female,PROD6411,Distributed background throughput,Sports,Cycling,25.82,5,0.19,104.57,Cash,"Pettyfurt, Kentucky",,False,False
TXN01878,2024-01-05,09:50:22,d600c9eb,24,Male,PROD6096,Integrated reciprocal challenge,Clothing,Shoes,1.99,4,0.0,7.96,Bank Transfer,"Cherylhaven, Montana",,False,False
TXN01879,2023-12-18,09:50:22,4f087345,70,Female,PROD7310,De-engineered responsive task-force,Clothing,Accessories,25.82,1,0.0,25.82,Debit Card,"South Daniel, Oregon",,False,True
TXN01880,2023-07-04,09:50:22,fd328444,54,Female,PROD4967,Profit-focused bi-directional extranet,Health,Supplements,49.3,3,0.0,147.9,Credit Card,"Lake Chelsea, Alaska",3.8,False,False
TXN01881,2025-01-31,09:50:22,93c7108f,23,Male,PROD5845,Visionary systematic architecture,Health,Vitamins,62.31,2,0.13,108.42,E-Wallet,"Jenniferfort, Mississippi",4.6,False,True
TXN01882,2024-02-14,09:50:22,5685f547,22,Female,PROD4661,Customer-focused bifurcated solution,Grocery,Snacks,5.31,3,0.0,15.93,Cash,"Carterton, New Mexico",,True,True
TXN01883,2025-01-12,09:50:22,5d74b7ea,21,Female,PROD6907,Reduced regional definition,Beauty,Haircare,18.15,1,0.0,18.15,Bank Transfer,"Port Michelle, Wyoming",,False,False
TXN01884,2024-04-19,09:50:22,6422b0e5,38,Female,PROD2960,Phased global Internet solution,Sports,Team Sports,29.47,4,0.0,117.88,E-Wallet,"South Nataliefort, New York",1.9,False,False
TXN01885,2023-11-17,09:50:22,b0f71753,39,Male,PROD1902,Optional zero administration paradigm,Home & Kitchen,Bedding,139.61,5,0.15,593.34,Bank Transfer,"New Jeremyland, Tennessee",4.4,False,False
TXN01886,2023-12-16,09:50:22,431a178a,59,Female,PROD2528,Switchable uniform synergy,Health,Vitamins,13.81,1,0.0,13.81,Credit Card,"South Diana, Virginia",4.7,True,False
TXN01887,2023-01-10,09:50:22,fdc102bd,43,Male,PROD7838,Sharable multimedia firmware,Automotive,Accessories,38.48,2,0.0,76.96,Debit Card,"Lake Joseph, Tennessee",,False,False
TXN01888,2024-06-21,09:50:22,16f088c4,57,Female,PROD3392,Realigned tertiary moderator,Home & Kitchen,Furniture,86.83,4,0.0,347.32,E-Wallet,"East Susan, Texas",1.7,True,True
TXN01889,2024-07-22,09:50:22,cf62397e,40,Male,PROD3279,Function-based upward-trending hardware,Beauty,Fragrances,29.71,5,0.0,148.55,Credit Card,"Port Toddton, Kentucky",,False,False
TXN01890,2024-04-11,09:50:22,29b178c1,63,Male,PROD3587,Down-sized empowering capacity,Sports,Yoga,40.93,2,0.0,81.86,Bank Transfer,"Kimberlychester, North Carolina",,False,True
TXN01891,2023-03-01,09:50:22,3f37e6a8,69,Male,PROD8587,Focused interactive capacity,Books,Children,30.13,5,0.0,150.65,E-Wallet,"Lake Nicholasberg, Mississippi",3.9,False,True
TXN01892,2023-12-21,09:50:22,edc677ba,63,Male,PROD9454,Open-architected needs-based implementation,Sports,Fitness,21.27,3,0.0,63.81,Credit Card,"Rosston, Louisiana",,False,False
TXN01893,2022-07-31,09:50:22,f52ca1a7,68,Female,PROD5922,Public-key static alliance,Electronics,TVs,478.08,5,0.25,1792.8,Debit Card,"North Lisastad, Hawaii",2.0,False,True
TXN01894,2023-12-16,09:50:22,28306e0b,45,Female,PROD5253,Profound system-worthy projection,Toys,Puzzles,28.23,3,0.19,68.6,Cash,"Markhaven, Arkansas",4.5,False,True
TXN01895,2022-10-14,09:50:22,e284e30a,51,Female,PROD7240,Realigned foreground contingency,Toys,Games,22.6,3,0.0,67.8,Debit Card,"Loveberg, Nevada",1.9,False,False
TXN01896,2024-04-14,09:50:22,39c1299f,26,Male,PROD2444,Realigned heuristic migration,Health,Wellness,24.82,2,0.15,42.19,Credit Card,"West Jamesburgh, West Virginia",,False,False
TXN01897,2024-10-27,09:50:22,3f252e86,23,Male,PROD4511,Persevering non-volatile task-force,Grocery,Bakery,61.97,4,0.12,218.13,Bank Transfer,"South Lynnland, North Carolina",2.1,False,True
TXN01898,2023-10-13,09:50:22,7dc364ab,63,Female,PROD6046,Optional web-enabled help-desk,Clothing,Kids,66.83,5,0.0,334.15,Cash,"North Vincent, Alabama",,False,False
TXN01899,2025-01-11,09:50:22,5883fa28,37,Female,PROD3099,Seamless radical solution,Clothing,Kids,41.14,4,0.0,164.56,Credit Card,"Port Danielview, Kentucky",,False,False
TXN01900,2023-07-18,09:50:22,8050907d,64,Male,PROD3065,User-friendly national superstructure,Clothing,Shoes,70.91,4,0.0,283.64,Credit Card,"Patrickstad, Alaska",4.3,False,False
TXN01901,2023-06-23,09:50:22,97d65ba7,69,Female,PROD7225,Open-source optimizing superstructure,Electronics,Cameras,433.24,3,0.0,1299.72,Bank Transfer,"Davidside, Kentucky",2.6,False,True
TXN01902,2023-11-12,09:50:22,65089e1f,63,Male,PROD2815,Distributed system-worthy encryption,Home & Kitchen,Cookware,202.12,5,0.0,1010.6,Debit Card,"Port Jessica, Colorado",,False,True
TXN01903,2023-11-13,09:50:22,153eb50f,52,Female,PROD7920,Secured well-modulated Internet solution,Sports,Outdoor,37.39,1,0.0,37.39,Bank Transfer,"Lake Kimberly, Wyoming",3.1,False,False
TXN01904,2023-02-11,09:50:22,6fe6ff05,48,Female,PROD5599,Networked reciprocal product,Books,Cookbooks,27.85,1,0.0,27.85,E-Wallet,"Haleyfurt, Alaska",,False,False
TXN01905,2022-12-15,09:50:22,0840568b,38,Female,PROD6402,Programmable directional approach,Books,Children,38.95,2,0.14,66.99,Debit Card,"Walterland, Missouri",1.3,False,True
TXN01906,2023-09-08,09:50:22,99e7d645,61,Male,PROD5769,Switchable systemic application,Automotive,Electronics,1.99,4,0.0,7.96,E-Wallet,"Sextonfurt, Oregon",,False,False
TXN01907,2023-09-14,09:50:22,4ad8e1c7,68,Female,PROD7953,Up-sized 24hour forecast,Home & Kitchen,Decor,41.13,4,0.0,164.52,Credit Card,"Jameshaven, Oklahoma",,False,True
TXN01908,2022-08-17,09:50:22,08fd48a4,37,Male,PROD7607,Monitored bifurcated alliance,Health,First Aid,6.12,3,0.0,18.36,Credit Card,"Andersonstad, Massachusetts",4.1,False,False
TXN01909,2025-04-27,09:50:22,f9f7cbc9,21,Male,PROD7488,Synergistic mission-critical protocol,Grocery,Snacks,32.86,1,0.0,32.86,Debit Card,"Leonardton, Maryland",,False,False
TXN01910,2023-08-11,09:50:22,b938bbfd,27,Male,PROD9590,Compatible 24hour data-warehouse,Clothing,Kids,101.98,5,0.0,509.9,Debit Card,"Laurashire, California",1.7,False,False
TXN01911,2023-08-25,09:50:22,66ec0cb7,45,Male,PROD2356,Configurable multi-tasking extranet,Grocery,Canned Goods,74.63,5,0.15,317.18,Bank Transfer,"West Courtneyport, Delaware",1.2,False,False
TXN01912,2022-08-21,09:50:22,34f154d8,22,Female,PROD4590,Function-based uniform application,Electronics,TVs,627.61,1,0.0,627.61,Debit Card,"Wyattton, Arkansas",,False,True
TXN01913,2022-11-27,09:50:22,48ad9f8c,38,Female,PROD5465,Universal content-based hub,Automotive,Car Care,40.02,4,0.0,160.08,E-Wallet,"North Felicia, Virginia",1.4,False,True
TXN01914,2024-08-29,09:50:22,b717e46c,49,Female,PROD7601,Fully-configurable scalable synergy,Grocery,Bakery,1.99,2,0.0,3.98,Credit Card,"Kimberlymouth, Nevada",3.5,False,True
TXN01915,2024-03-12,09:50:22,8a53df6e,57,Male,PROD2754,Managed local policy,Home & Kitchen,Furniture,82.01,3,0.0,246.03,E-Wallet,"Port Anthony, South Dakota",4.7,False,True
TXN01916,2024-12-28,09:50:22,387d178e,65,Male,PROD3796,Re-contextualized regional software,Automotive,Parts,14.24,4,0.0,56.96,Debit Card,"Garciamouth, Louisiana",4.2,False,False
TXN01917,2022-11-27,09:50:22,48c55329,39,Female,PROD9995,Multi-lateral composite benchmark,Sports,Team Sports,17.58,2,0.0,35.16,Credit Card,"Port Danielle, Arkansas",3.7,False,False
TXN01918,2023-02-11,09:50:22,13b40b3d,59,Female,PROD5727,Advanced context-sensitive infrastructure,Toys,Dolls,26.64,4,0.0,106.56,Bank Transfer,"Robertschester, Oregon",2.5,False,True
TXN01919,2022-05-16,09:50:22,2b58ab90,56,Male,PROD8472,Visionary national service-desk,Automotive,Electronics,20.56,1,0.0,20.56,Cash,"West Alanborough, Louisiana",,False,False
TXN01920,2023-03-25,09:50:22,3f192fb9,39,Male,PROD2643,Mandatory multi-tasking installation,Home & Kitchen,Bedding,1.99,3,0.0,5.97,Cash,"Cainborough, Tennessee",,False,True
TXN01921,2024-08-16,09:50:22,cc00fc78,60,Female,PROD5458,Triple-buffered zero administration database,Automotive,Accessories,44.96,5,0.0,224.8,Debit Card,"Floresstad, Mississippi",3.1,False,False
TXN01922,2025-01-04,09:50:22,94af6cb7,37,Female,PROD4444,Vision-oriented zero administration concept,Toys,Games,8.55,5,0.0,42.75,E-Wallet,"Lake Brenda, Utah",1.1,False,False
TXN01923,2025-01-07,09:50:22,61f7a7a5,69,Male,PROD3307,Up-sized client-driven info-mediaries,Toys,Puzzles,34.78,4,0.0,139.12,Credit Card,"South Jonburgh, New Jersey",2.3,False,False
TXN01924,2023-06-18,09:50:22,db5269bc,40,Male,PROD6897,Profound next generation framework,Beauty,Tools,71.48,1,0.0,71.48,Debit Card,"East Jasonchester, Nebraska",,False,False
TXN01925,2023-12-15,09:50:22,7f9a487b,67,Female,PROD5306,Grass-roots homogeneous emulation,Electronics,Smartphones,316.12,1,0.13,275.02,Cash,"Graychester, Maryland",,False,True
TXN01926,2024-02-22,09:50:22,e77a5783,43,Female,PROD2701,Reactive object-oriented migration,Beauty,Tools,1.99,4,0.14,6.85,Cash,"Lake Christopherton, Delaware",2.9,False,True
TXN01927,2023-12-11,09:50:22,f9c0e477,47,Male,PROD6145,Assimilated value-added complexity,Books,Children,24.28,1,0.0,24.28,Cash,"New Kristinaborough, New York",4.5,False,False
TXN01928,2022-09-04,09:50:22,490558a5,49,Female,PROD8992,Open-source impactful pricing structure,Automotive,Parts,52.02,3,0.0,156.06,Credit Card,"Gabriellechester, Indiana",4.3,False,False
TXN01929,2022-11-05,09:50:22,bcbad759,58,Male,PROD4168,Robust optimal groupware,Toys,Educational,69.17,1,0.27,50.49,Bank Transfer,"Lauraton, Louisiana",4.1,False,True
TXN01930,2023-08-24,09:50:22,c7feb8d6,69,Female,PROD2573,Balanced bifurcated database,Beauty,Fragrances,5.41,1,0.0,5.41,E-Wallet,"New Christopherborough, Oregon",1.4,False,False
TXN01931,2025-05-05,09:50:22,efe88ba3,54,Female,PROD1683,Customizable even-keeled middleware,Health,First Aid,39.93,2,0.0,79.86,Credit Card,"Christopherborough, Kansas",3.2,False,True
TXN01932,2022-07-21,09:50:22,12aba58a,24,Male,PROD2275,Progressive responsive service-desk,Beauty,Haircare,20.69,4,0.17,68.69,Debit Card,"Martinezhaven, Connecticut",3.4,False,False
TXN01933,2023-04-29,09:50:22,ab8577d2,54,Female,PROD1547,Streamlined cohesive project,Electronics,Smartphones,478.81,1,0.0,478.81,Credit Card,"New Karimouth, Oregon",4.8,False,False
TXN01934,2024-09-07,09:50:22,adebd89e,25,Female,PROD4872,Visionary transitional toolset,Health,Supplements,82.89,5,0.0,414.45,Credit Card,"Lake Christinaside, Virginia",,False,False
TXN01935,2023-05-01,09:50:22,01ab2248,68,Female,PROD8975,Managed composite groupware,Health,First Aid,1.99,4,0.0,7.96,Debit Card,"Port Christopher, Alabama",,False,False
TXN01936,2022-07-19,09:50:22,46f030b7,26,Male,PROD5425,User-friendly leadingedge moratorium,Sports,Cycling,35.07,5,0.0,175.35,E-Wallet,"West Matthew, Maryland",,False,False
TXN01937,2024-07-27,09:50:22,4697afea,30,Male,PROD8669,Customizable eco-centric methodology,Grocery,Canned Goods,39.35,1,0.0,39.35,Bank Transfer,"Millermouth, Pennsylvania",1.0,False,False
TXN01938,2025-02-13,09:50:22,c30688df,38,Female,PROD7783,Devolved optimizing complexity,Books,Children,51.72,5,0.0,258.6,E-Wallet,"East Christophermouth, Louisiana",,False,False
TXN01939,2023-05-22,09:50:22,a2b58adb,60,Male,PROD8475,Implemented analyzing software,Clothing,Kids,52.94,5,0.0,264.7,Debit Card,"Fowlerview, Maryland",,False,True
TXN01940,2023-12-19,09:50:22,9e7c08ff,50,Male,PROD6614,Enterprise-wide maximized throughput,Sports,Yoga,36.16,3,0.0,108.48,Debit Card,"Pagetown, Michigan",,False,False
TXN01941,2022-07-21,09:50:22,a3be5975,27,Female,PROD8031,Phased asymmetric migration,Toys,Dolls,22.17,4,0.0,88.68,Cash,"Greenborough, Kentucky",,False,True
TXN01942,2022-05-24,09:50:22,d6e7df3d,38,Male,PROD7186,Implemented static circuit,Home & Kitchen,Appliances,138.84,2,0.0,277.68,Debit Card,"Jonesmouth, Alaska",,False,True
TXN01943,2024-01-07,09:50:22,8bd9b379,43,Female,PROD8397,Cross-platform encompassing solution,Books,Cookbooks,23.14,5,0.0,115.7,Debit Card,"Hillberg, Connecticut",4.4,False,False
TXN01944,2022-12-11,09:50:22,dacfc168,35,Female,PROD2251,Fully-configurable analyzing throughput,Beauty,Fragrances,42.43,3,0.0,127.29,Debit Card,"New Thomas, California",2.5,False,True
TXN01945,2024-03-22,09:50:22,f63a612c,61,Female,PROD3365,Innovative client-driven open architecture,Automotive,Parts,22.61,1,0.0,22.61,E-Wallet,"East Maria, Minnesota",,False,False
TXN01946,2023-12-09,09:50:22,d4c67df4,52,Female,PROD9137,De-engineered user-facing analyzer,Automotive,Tools,37.54,5,0.0,187.7,E-Wallet,"Williamsland, Oklahoma",,False,True
TXN01947,2024-11-21,09:50:22,442a3146,30,Male,PROD6302,Networked transitional initiative,Home & Kitchen,Appliances,117.95,1,0.0,117.95,Cash,"South Jennifer, New Jersey",,False,True
TXN01948,2025-04-13,09:50:22,7bd09be5,18,Male,PROD1026,User-friendly 3rdgeneration encryption,Clothing,Men,83.78,2,0.0,167.56,Bank Transfer,"East John, Iowa",1.8,False,False
TXN01949,2025-02-10,09:50:22,898b777f,44,Female,PROD8135,Diverse content-based Graphical User Interface,Toys,Games,28.97,4,0.0,115.88,Credit Card,"North Rickymouth, Indiana",,False,False
TXN01950,2023-02-04,09:50:22,54f0c625,59,Female,PROD2076,Operative responsive success,Books,Educational,1.99,2,0.0,3.98,Cash,"East Toni, North Carolina",1.0,False,True
TXN01951,2025-03-03,09:50:22,eba71ab2,60,Female,PROD2687,Ergonomic mobile extranet,Clothing,Shoes,87.86,2,0.19,142.33,Bank Transfer,"Port Josephstad, Hawaii",,False,False
TXN01952,2024-12-19,09:50:22,015c726b,59,Female,PROD7563,Stand-alone static artificial intelligence,Grocery,Snacks,11.89,2,0.0,23.78,Debit Card,"Lake Jessicachester, Alabama",2.5,False,False
TXN01953,2023-11-15,09:50:22,b1dee6ee,56,Male,PROD7339,Stand-alone demand-driven contingency,Beauty,Skincare,16.92,5,0.0,84.6,E-Wallet,"East Christopher, Texas",,False,True
TXN01954,2023-06-04,09:50:22,4215289e,37,Male,PROD6509,Cross-platform cohesive customer loyalty,Health,Vitamins,18.09,5,0.0,90.45,E-Wallet,"East Brandonmouth, Wyoming",,False,False
TXN01955,2022-12-22,09:50:22,d32aa66c,30,Female,PROD9926,Multi-channeled directional pricing structure,Health,First Aid,57.49,1,0.07,53.47,Cash,"South Lanceside, South Dakota",,False,False
TXN01956,2024-03-13,09:50:22,0f0033cb,58,Female,PROD3269,Programmable 24hour neural-net,Electronics,Headphones,72.87,3,0.29,155.21,Debit Card,"Huangview, North Dakota",,False,False
TXN01957,2023-04-03,09:50:22,fdc32720,53,Female,PROD7010,De-engineered background benchmark,Home & Kitchen,Decor,339.64,1,0.08,312.47,Bank Transfer,"South Jeffreymouth, California",,False,False
TXN01958,2024-11-30,09:50:22,9f4a2055,30,Male,PROD1069,Cross-group optimal leverage,Home & Kitchen,Bedding,193.92,2,0.3,271.49,Bank Transfer,"East Williamborough, Oklahoma",1.9,False,False
TXN01959,2023-10-14,09:50:22,a8021a29,67,Female,PROD3000,Seamless holistic function,Sports,Fitness,34.46,4,0.0,137.84,Cash,"Rodriguezmouth, Rhode Island",,True,True
TXN01960,2023-05-22,09:50:22,1fb11322,30,Male,PROD6413,Optional zero administration capacity,Clothing,Kids,48.35,1,0.0,48.35,Credit Card,"Bernardstad, Kentucky",,False,False
TXN01961,2022-06-03,09:50:22,6527a750,24,Female,PROD9076,Optimized multi-tasking system engine,Health,First Aid,35.71,5,0.0,178.55,Debit Card,"Ellischester, Arizona",2.4,False,False
TXN01962,2024-03-26,09:50:22,7d2476ec,54,Female,PROD2207,Diverse bandwidth-monitored migration,Electronics,Laptops,604.22,1,0.0,604.22,Bank Transfer,"Colemanhaven, Wisconsin",,False,False
TXN01963,2023-12-31,09:50:22,f5b442cf,31,Male,PROD8343,Digitized neutral concept,Toys,Action Figures,42.9,3,0.15,109.39,Bank Transfer,"Lambertfort, Mississippi",4.2,False,True
TXN01964,2023-06-05,09:50:22,3d3a40e1,42,Female,PROD4677,Seamless incremental knowledge user,Automotive,Car Care,41.11,4,0.0,164.44,E-Wallet,"Owenstown, Maine",,False,False
TXN01965,2023-04-30,09:50:22,e0d19254,32,Male,PROD3900,Right-sized neutral forecast,Health,First Aid,31.79,2,0.0,63.58,E-Wallet,"South Henry, Colorado",,False,False
TXN01966,2024-08-13,09:50:22,fb1c6eaa,25,Male,PROD5951,User-friendly web-enabled standardization,Books,Children,26.05,4,0.0,104.2,Cash,"Kimberlyburgh, Florida",5.0,False,False
TXN01967,2024-09-27,09:50:22,c82f78c5,25,Male,PROD6643,Right-sized demand-driven parallelism,Electronics,Cameras,469.75,3,0.0,1409.25,E-Wallet,"Ashleyshire, Georgia",,False,False
TXN01968,2025-03-26,09:50:22,99a2d82e,70,Female,PROD8820,Assimilated 5thgeneration budgetary management,Beauty,Makeup,26.1,4,0.2,83.52,Bank Transfer,"South Andrew, Hawaii",4.6,False,True
TXN01969,2024-03-07,09:50:22,f7b8217c,46,Female,PROD5750,Total bandwidth-monitored throughput,Clothing,Men,84.01,4,0.0,336.04,Bank Transfer,"Lake John, Georgia",2.9,False,False
TXN01970,2022-10-30,09:50:22,77f19d4e,61,Male,PROD5850,Pre-emptive national Internet solution,Sports,Yoga,41.87,2,0.0,83.74,E-Wallet,"Freemanton, Wisconsin",1.6,False,True
TXN01971,2024-08-03,09:50:22,26af32b3,65,Female,PROD1186,Public-key global matrices,Electronics,Laptops,1.99,5,0.18,8.16,E-Wallet,"East Helenland, Louisiana",3.1,False,False
TXN01972,2022-11-17,09:50:22,a65b4869,44,Female,PROD1553,Switchable attitude-oriented database,Health,Wellness,43.12,2,0.0,86.24,E-Wallet,"West George, North Carolina",,False,False
TXN01973,2023-05-19,09:50:22,4edee1c8,54,Female,PROD3364,Distributed solution-oriented throughput,Books,Educational,33.89,4,0.0,135.56,E-Wallet,"East Raymondland, Idaho",,False,False
TXN01974,2023-02-17,09:50:22,538f9319,40,Male,PROD3130,Re-engineered intangible help-desk,Health,Supplements,29.63,4,0.25,88.89,Credit Card,"Alexandriaberg, South Carolina",,False,False
TXN01975,2025-01-07,09:50:22,629ff3e8,32,Male,PROD4962,Adaptive discrete middleware,Home & Kitchen,Furniture,92.8,4,0.0,371.2,Debit Card,"Nataliebury, Kentucky",,False,True
TXN01976,2024-02-27,09:50:22,1ae02b57,70,Male,PROD7190,Future-proofed client-server pricing structure,Health,Wellness,52.48,2,0.0,104.96,E-Wallet,"Barbaramouth, Pennsylvania",1.1,False,False
TXN01977,2023-09-26,09:50:22,0b352cc5,52,Female,PROD6293,Optional 24/7 time-frame,Grocery,Snacks,48.95,4,0.0,195.8,Debit Card,"Saraview, Minnesota",1.8,False,False
TXN01978,2022-05-19,09:50:22,2c2553ec,20,Female,PROD5340,Persistent 3rdgeneration synergy,Clothing,Women,26.81,5,0.0,134.05,E-Wallet,"Kathrynchester, Mississippi",,False,False
TXN01979,2023-10-22,09:50:22,98adc546,55,Male,PROD5193,Proactive needs-based portal,Automotive,Parts,38.14,3,0.0,114.42,Cash,"Wilsonburgh, Kansas",,False,False
TXN01980,2024-06-29,09:50:22,3992cb70,44,Female,PROD3162,Public-key 3rdgeneration knowledgebase,Beauty,Makeup,10.57,5,0.0,52.85,Cash,"North Douglas, Kansas",2.0,False,False
TXN01981,2023-08-31,09:50:22,407f5494,61,Male,PROD1688,Reduced holistic firmware,Books,Cookbooks,2.41,4,0.0,9.64,E-Wallet,"Bakerchester, New Mexico",,False,False
TXN01982,2024-11-05,09:50:22,b4b7f4ac,23,Female,PROD7574,Cross-group cohesive Internet solution,Home & Kitchen,Appliances,76.13,1,0.0,76.13,Credit Card,"Fishershire, Maine",,False,False
TXN01983,2023-11-03,09:50:22,cee5fcb4,28,Female,PROD4325,Multi-layered didactic customer loyalty,Health,Wellness,47.25,2,0.0,94.5,E-Wallet,"South Williamside, Vermont",3.3,False,False
TXN01984,2024-03-11,09:50:22,45b2f7ef,48,Female,PROD6074,User-friendly even-keeled solution,Beauty,Makeup,49.06,3,0.0,147.18,E-Wallet,"Port Lisa, Hawaii",,False,False
TXN01985,2024-01-14,09:50:22,05351ec4,19,Female,PROD2287,Quality-focused client-server service-desk,Grocery,Beverages,40.26,2,0.0,80.52,Bank Transfer,"South Peter, Kansas",,False,True
TXN01986,2022-05-29,09:50:22,708389dc,61,Male,PROD1059,Networked transitional time-frame,Books,Children,44.5,3,0.0,133.5,Debit Card,"Port Anthonyton, Georgia",,False,False
TXN01987,2023-10-23,09:50:22,1ef94269,57,Male,PROD2116,Triple-buffered zero administration architecture,Sports,Team Sports,40.32,3,0.0,120.96,Credit Card,"Port Natalie, Illinois",2.6,False,False
TXN01988,2024-05-11,09:50:22,4afdd63e,67,Male,PROD6824,Automated clear-thinking infrastructure,Toys,Educational,17.17,2,0.0,34.34,Cash,"East Richard, Arizona",,False,False
TXN01989,2023-09-01,09:50:22,07f440aa,21,Female,PROD9758,Triple-buffered scalable knowledge user,Health,First Aid,38.64,3,0.0,115.92,Credit Card,"Hubbardshire, Michigan",1.9,False,False
TXN01990,2022-09-10,09:50:22,8d777a6d,33,Male,PROD7519,Fully-configurable multi-tasking product,Automotive,Accessories,46.01,2,0.29,65.33,Bank Transfer,"Wesleyfort, Indiana",,False,False
TXN01991,2023-01-03,09:50:22,4c9cde1e,32,Male,PROD7575,Polarized user-facing superstructure,Toys,Action Figures,45.09,1,0.0,45.09,Cash,"Dennismouth, Massachusetts",,False,True
TXN01992,2024-12-14,09:50:22,9b76e15d,24,Female,PROD1725,Open-architected user-facing Local Area Network,Automotive,Parts,53.78,5,0.0,268.9,Bank Transfer,"Robinsonland, Nevada",,False,False
TXN01993,2024-01-24,09:50:22,5d72bd63,22,Male,PROD1757,Customizable scalable functionalities,Books,Cookbooks,44.17,4,0.0,176.68,Credit Card,"West Christinestad, Idaho",3.5,False,False
TXN01994,2023-03-29,09:50:22,7bb9c948,18,Female,PROD4239,Up-sized motivating approach,Automotive,Parts,37.03,2,0.0,74.06,Debit Card,"New Brian, South Carolina",4.9,False,False
TXN01995,2024-08-13,09:50:22,0aa08233,38,Male,PROD2266,Mandatory needs-based intranet,Automotive,Accessories,51.4,5,0.0,257.0,Cash,"Onealtown, Wisconsin",3.1,False,True
TXN01996,2025-02-28,09:50:22,ed15d78b,39,Female,PROD5959,Open-architected static architecture,Health,First Aid,29.47,1,0.0,29.47,Debit Card,"New Brandy, Louisiana",4.9,False,True
TXN01997,2024-02-01,09:50:22,880a97dc,28,Female,PROD3134,Phased intangible Internet solution,Beauty,Makeup,12.36,3,0.0,37.08,E-Wallet,"Kristiview, Illinois",4.3,False,True
TXN01998,2023-01-01,09:50:22,48f5f1ec,66,Female,PROD8554,Down-sized leadingedge Graphic Interface,Automotive,Accessories,26.74,1,0.21,21.12,E-Wallet,"Jerryview, Ohio",,False,False
TXN01999,2023-12-31,09:50:22,b787a1c7,37,Female,PROD9501,User-friendly secondary framework,Beauty,Haircare,15.1,2,0.0,30.2,Debit Card,"New Rachelfort, Connecticut",3.5,False,False
TXN02000,2024-05-27,09:50:22,e4fef727,28,Male,PROD4709,Open-architected system-worthy conglomeration,Toys,Games,16.5,4,0.28,47.52,Cash,"Danielland, Wisconsin",,False,False
TXN02001,2023-08-01,09:50:22,371209fc,58,Male,PROD1816,Down-sized cohesive protocol,Electronics,TVs,471.1,2,0.0,942.2,Bank Transfer,"East Jasonberg, Colorado",,False,True
TXN02002,2023-07-28,09:50:22,bc8a2921,28,Female,PROD7257,Programmable user-facing attitude,Clothing,Shoes,26.23,3,0.0,78.69,E-Wallet,"Wilkinsside, Arkansas",2.7,False,False
TXN02003,2023-02-03,09:50:22,6ceea3df,44,Male,PROD1869,Mandatory attitude-oriented productivity,Home & Kitchen,Appliances,98.44,3,0.0,295.32,Debit Card,"Turnerchester, South Dakota",,False,True
TXN02004,2025-01-09,09:50:22,9bda76b2,63,Male,PROD8538,Reactive 5thgeneration paradigm,Beauty,Skincare,1.99,1,0.0,1.99,Debit Card,"Port Jason, Oklahoma",,False,True
TXN02005,2023-03-15,09:50:22,8ed305f5,18,Male,PROD9547,Reverse-engineered attitude-oriented matrix,Beauty,Skincare,34.27,3,0.0,102.81,Cash,"Brianfurt, Minnesota",,False,False
TXN02006,2024-11-22,09:50:22,57af68a1,28,Male,PROD9826,Mandatory asynchronous hierarchy,Grocery,Beverages,30.02,3,0.0,90.06,Cash,"Sanchezside, Indiana",2.8,False,False
TXN02007,2024-06-09,09:50:22,d4f6a9c3,40,Male,PROD1325,Upgradable real-time leverage,Sports,Cycling,13.66,4,0.0,54.64,E-Wallet,"Christopherstad, Mississippi",,False,True
TXN02008,2024-09-03,09:50:22,0fa22c69,20,Male,PROD3347,Seamless stable firmware,Home & Kitchen,Cookware,166.15,4,0.0,664.6,Debit Card,"West Christophermouth, New York",,False,True
TXN02009,2024-12-25,09:50:22,d0eb389e,37,Male,PROD8399,Stand-alone high-level collaboration,Electronics,Smartphones,687.51,4,0.0,2750.04,E-Wallet,"Brownland, Louisiana",2.6,False,True
TXN02010,2023-07-27,09:50:22,ca0825cb,29,Male,PROD3047,Multi-layered motivating open system,Sports,Team Sports,1.99,3,0.0,5.97,Credit Card,"Lammouth, Kentucky",3.9,False,False
TXN02011,2023-09-24,09:50:22,c696656d,54,Male,PROD4218,Synchronized tangible algorithm,Home & Kitchen,Furniture,66.61,4,0.0,266.44,Cash,"Angelmouth, North Dakota",4.2,False,True
TXN02012,2022-10-20,09:50:22,6147f220,68,Female,PROD3859,Versatile maximized array,Health,First Aid,14.62,5,0.13,63.6,Debit Card,"Johnsonmouth, Nevada",,False,False
TXN02013,2025-04-16,09:50:22,26e0ec72,33,Male,PROD8887,Digitized logistical service-desk,Grocery,Canned Goods,11.2,4,0.26,33.15,Bank Transfer,"Port Sarahshire, South Carolina",,False,False
TXN02014,2024-11-05,09:50:22,61a7b67f,27,Female,PROD8793,Proactive client-server initiative,Grocery,Snacks,46.59,2,0.0,93.18,E-Wallet,"South Douglasmouth, North Dakota",,False,True
TXN02015,2025-04-21,09:50:22,ed2a257b,40,Male,PROD6311,Seamless empowering contingency,Health,Wellness,26.12,3,0.25,58.77,Debit Card,"North Markville, Ohio",,False,False
TXN02016,2024-05-15,09:50:22,ed82a128,41,Female,PROD6312,Proactive 24/7 middleware,Home & Kitchen,Appliances,101.48,2,0.0,202.96,Credit Card,"East Jeffrey, Virginia",,False,False
TXN02017,2022-10-12,09:50:22,3e2a3582,39,Female,PROD6006,Synergistic bandwidth-monitored product,Health,Medical,1.99,1,0.0,1.99,Debit Card,"New Marktown, Minnesota",4.6,False,False
TXN02018,2022-12-21,09:50:22,1ce50ca3,49,Male,PROD2493,Phased hybrid migration,Home & Kitchen,Cookware,164.48,3,0.0,493.44,Debit Card,"Lake Melindatown, Mississippi",,False,False
TXN02019,2022-09-09,09:50:22,532980a3,57,Female,PROD2120,Vision-oriented impactful throughput,Sports,Fitness,5.21,3,0.0,15.63,Debit Card,"Hallfort, North Carolina",3.9,False,False
TXN02020,2025-03-06,09:50:22,3eeb7764,43,Female,PROD4778,Persevering hybrid capacity,Clothing,Kids,51.8,4,0.0,207.2,Cash,"Blackwellbury, Kentucky",,False,False
TXN02021,2023-06-24,09:50:22,0eeea510,26,Male,PROD9789,Pre-emptive reciprocal software,Home & Kitchen,Cookware,139.42,4,0.0,557.68,E-Wallet,"Craigside, New Hampshire",1.5,False,False
TXN02022,2023-03-08,09:50:22,2cbe717e,38,Male,PROD5737,Synergized full-range groupware,Toys,Dolls,57.21,3,0.27,125.29,Credit Card,"New Christopher, Mississippi",,False,False
TXN02023,2023-04-07,09:50:22,313bf06c,22,Female,PROD4110,Integrated systematic encoding,Automotive,Car Care,3.82,5,0.0,19.1,E-Wallet,"Flemingmouth, Wyoming",3.4,False,False
TXN02024,2024-03-07,09:50:22,a1bb17b0,36,Female,PROD2573,Exclusive multi-tasking alliance,Toys,Action Figures,1.99,5,0.24,7.56,Credit Card,"Wilsonton, Hawaii",,False,False
TXN02025,2025-04-05,09:50:22,ad0f0019,52,Male,PROD1626,Advanced composite neural-net,Health,Supplements,33.68,4,0.0,134.72,Bank Transfer,"Haleyberg, Kansas",,False,False
TXN02026,2024-10-26,09:50:22,56107817,50,Female,PROD9776,Adaptive analyzing moratorium,Toys,Action Figures,66.01,4,0.0,264.04,Bank Transfer,"South Ericfort, Utah",3.1,False,True
TXN02027,2022-12-30,09:50:22,c8f093a2,39,Female,PROD9786,Multi-channeled motivating protocol,Sports,Yoga,54.78,5,0.14,235.55,Credit Card,"Jasminefort, Tennessee",3.6,False,False
TXN02028,2023-06-30,09:50:22,364355f4,64,Male,PROD5757,Cross-platform reciprocal Graphic Interface,Home & Kitchen,Bedding,134.68,1,0.29,95.62,E-Wallet,"New Sergio, Oklahoma",,False,False
TXN02029,2025-01-31,09:50:22,e7fceafd,64,Male,PROD9740,Persistent secondary knowledgebase,Books,Non-Fiction,20.17,3,0.0,60.51,Credit Card,"New Davidborough, Idaho",,False,False
TXN02030,2022-11-08,09:50:22,0c562a35,24,Female,PROD6679,Robust disintermediate policy,Health,First Aid,46.14,5,0.0,230.7,Bank Transfer,"Port Kathryn, Alabama",3.5,False,False
TXN02031,2025-03-16,09:50:22,6281031f,54,Male,PROD8123,Configurable fresh-thinking hierarchy,Grocery,Dairy,10.53,4,0.0,42.12,Cash,"Lisastad, Missouri",2.6,False,False
TXN02032,2024-11-03,09:50:22,02886010,45,Female,PROD6805,Multi-layered motivating concept,Toys,Educational,39.53,3,0.19,96.06,E-Wallet,"Annmouth, North Dakota",,False,False
TXN02033,2022-08-27,09:50:22,303134f5,50,Male,PROD8190,Visionary static access,Health,Medical,40.11,4,0.0,160.44,Cash,"Russellfort, New York",,False,False
TXN02034,2024-11-19,09:50:22,410c8328,33,Female,PROD8812,Profound optimizing attitude,Electronics,Smartphones,712.04,2,0.0,1424.08,Cash,"Jamesbury, Maine",,False,True
TXN02035,2023-01-31,09:50:22,2bd3fb9d,44,Male,PROD7081,Re-contextualized background workforce,Grocery,Snacks,85.19,4,0.0,340.76,Bank Transfer,"New Nathanside, Pennsylvania",,False,False
TXN02036,2025-03-22,09:50:22,a2f653a4,39,Female,PROD1389,Public-key tangible implementation,Home & Kitchen,Furniture,147.47,1,0.22,115.03,Debit Card,"North Russell, North Carolina",4.8,False,False
TXN02037,2024-09-02,09:50:22,e50941f6,54,Female,PROD7577,Profit-focused clear-thinking model,Beauty,Tools,19.82,1,0.0,19.82,Credit Card,"West Elizabeth, Utah",,False,True
TXN02038,2024-11-26,09:50:22,bca175c7,30,Female,PROD5075,Cross-group maximized workforce,Automotive,Car Care,29.49,2,0.0,58.98,Credit Card,"North Amber, Pennsylvania",,False,False
TXN02039,2022-09-01,09:50:22,c682bca8,57,Female,PROD4703,Streamlined actuating pricing structure,Electronics,Smartphones,146.18,1,0.0,146.18,Cash,"Walkerfurt, Florida",,False,False
TXN02040,2024-12-07,09:50:22,931b6118,38,Female,PROD7771,Synergistic stable benchmark,Beauty,Skincare,16.11,4,0.0,64.44,Bank Transfer,"Melissaside, Georgia",4.8,False,True
TXN02041,2024-01-27,09:50:22,02fc2588,28,Male,PROD6518,Cloned empowering methodology,Health,First Aid,21.81,2,0.0,43.62,Bank Transfer,"Newmanfurt, New Jersey",3.4,False,False
TXN02042,2022-06-19,09:50:22,6e7ad2de,20,Female,PROD7262,Grass-roots static Internet solution,Toys,Action Figures,19.52,1,0.11,17.37,Debit Card,"Johnhaven, Kansas",1.9,False,False
TXN02043,2024-07-24,09:50:22,60bb7e33,24,Male,PROD9304,Multi-lateral client-server contingency,Clothing,Women,54.57,3,0.14,140.79,Bank Transfer,"Gutierrezland, New Mexico",3.9,False,True
TXN02044,2023-10-09,09:50:22,0e72a83a,31,Male,PROD8992,Intuitive maximized interface,Clothing,Shoes,25.33,4,0.0,101.32,Bank Transfer,"Kingmouth, Texas",,False,True
TXN02045,2022-05-12,09:50:22,126c21a0,26,Female,PROD7404,Universal heuristic software,Beauty,Fragrances,52.42,5,0.19,212.3,Debit Card,"Stevenside, Nebraska",2.7,False,False
TXN02046,2023-07-26,09:50:22,bacedc42,34,Female,PROD4135,Persistent explicit open system,Beauty,Haircare,30.0,3,0.09,81.9,Cash,"East Jamesbury, Kentucky",,False,True
TXN02047,2022-10-02,09:50:22,4697e6ff,52,Male,PROD3498,Quality-focused modular knowledgebase,Books,Non-Fiction,29.81,4,0.14,102.55,Debit Card,"North Ronald, Hawaii",,False,False
TXN02048,2022-08-06,09:50:22,6e0b1776,18,Female,PROD2397,Horizontal demand-driven flexibility,Health,Vitamins,23.44,3,0.0,70.32,Bank Transfer,"North Lisa, Georgia",4.0,True,False
TXN02049,2024-09-19,09:50:22,ad19cccc,64,Female,PROD7199,Virtual empowering forecast,Clothing,Accessories,54.66,5,0.0,273.3,Credit Card,"East Rachelmouth, North Dakota",,False,False
TXN02050,2024-04-10,09:50:22,1da3b883,36,Male,PROD1741,Operative multimedia budgetary management,Home & Kitchen,Cookware,177.76,4,0.0,711.04,Bank Transfer,"Port Natalieside, Idaho",,False,True
TXN02051,2022-09-13,09:50:22,6dc292d2,37,Male,PROD6600,Implemented fresh-thinking alliance,Clothing,Women,23.99,1,0.0,23.99,Credit Card,"New Amber, Kentucky",,False,False
TXN02052,2022-09-06,09:50:22,a95c4652,37,Female,PROD8379,Cross-platform uniform moratorium,Grocery,Beverages,16.84,3,0.0,50.52,E-Wallet,"Sabrinafurt, Arkansas",,True,False
TXN02053,2022-09-24,09:50:22,eeb3f7d2,60,Female,PROD9627,Reduced interactive moderator,Electronics,Cameras,439.25,3,0.0,1317.75,E-Wallet,"Mistyshire, Missouri",2.8,False,True
TXN02054,2024-12-27,09:50:22,056e7b28,26,Male,PROD8499,Upgradable interactive adapter,Clothing,Kids,9.62,3,0.0,28.86,E-Wallet,"New Christine, Vermont",2.1,False,False
TXN02055,2022-07-09,09:50:22,f9ed343a,46,Female,PROD5231,Networked 24/7 capability,Health,Medical,13.61,1,0.0,13.61,Cash,"East Dana, Louisiana",,False,False
TXN02056,2023-12-14,09:50:22,544ddd3b,63,Male,PROD7441,Sharable neutral complexity,Automotive,Car Care,20.48,1,0.0,20.48,Debit Card,"Perkinsborough, South Carolina",,False,False
TXN02057,2024-08-20,09:50:22,e1fcb2a6,18,Female,PROD1277,Synchronized 24/7 intranet,Beauty,Skincare,47.49,2,0.0,94.98,E-Wallet,"West Bryanburgh, Iowa",,False,False
TXN02058,2023-05-09,09:50:22,aefdf39e,43,Male,PROD2435,Advanced analyzing extranet,Books,Children,35.25,2,0.0,70.5,Bank Transfer,"Fordview, Oklahoma",1.2,False,True
TXN02059,2023-02-07,09:50:22,22bd6c09,28,Female,PROD4700,Centralized explicit intranet,Electronics,Cameras,538.72,5,0.0,2693.6,Cash,"Jacobmouth, Maryland",,False,False
TXN02060,2024-09-12,09:50:22,3bdbd54e,47,Female,PROD7202,Function-based systemic collaboration,Beauty,Skincare,47.02,1,0.0,47.02,Cash,"Peterberg, Delaware",4.8,False,False
TXN02061,2024-06-10,09:50:22,474d0378,59,Male,PROD7640,Synchronized bandwidth-monitored neural-net,Automotive,Electronics,27.25,3,0.0,81.75,Bank Transfer,"Port Robert, Michigan",,False,True
TXN02062,2024-06-27,09:50:22,3872d476,59,Female,PROD6131,Implemented solution-oriented knowledge user,Electronics,Headphones,578.09,4,0.07,2150.49,E-Wallet,"Donaldfort, Wyoming",,False,False
TXN02063,2024-11-09,09:50:22,a5d95f05,46,Male,PROD7932,Progressive demand-driven process improvement,Grocery,Beverages,27.94,1,0.0,27.94,Credit Card,"North Jesuschester, Colorado",,False,False
TXN02064,2024-06-17,09:50:22,e5ed4963,39,Female,PROD8335,Exclusive executive encoding,Beauty,Tools,35.31,1,0.07,32.84,Cash,"Christinaview, New York",2.2,False,True
TXN02065,2024-06-13,09:50:22,d7994499,32,Male,PROD8865,Exclusive multimedia forecast,Automotive,Parts,18.34,5,0.0,91.7,Cash,"North Timothyshire, Alabama",,False,True
TXN02066,2022-10-17,09:50:22,413a384a,37,Male,PROD7303,Synchronized zero administration open architecture,Grocery,Beverages,1.99,3,0.0,5.97,Credit Card,"Crystalview, Alaska",,False,False
TXN02067,2023-02-02,09:50:22,c86c7b10,33,Male,PROD8445,De-engineered upward-trending interface,Grocery,Dairy,27.31,1,0.0,27.31,Bank Transfer,"Heidihaven, Maryland",2.9,False,False
TXN02068,2024-04-17,09:50:22,c4df143e,30,Female,PROD9618,Customizable human-resource attitude,Beauty,Fragrances,58.45,2,0.0,116.9,E-Wallet,"Wigginsland, Colorado",,False,False
TXN02069,2023-01-03,09:50:22,e65f799a,34,Male,PROD4955,Digitized well-modulated frame,Grocery,Bakery,48.52,2,0.0,97.04,E-Wallet,"Ryanberg, Nevada",,False,True
TXN02070,2023-05-06,09:50:22,9bf60179,41,Male,PROD8826,Assimilated background infrastructure,Clothing,Shoes,78.96,5,0.0,394.8,Credit Card,"Susanstad, Illinois",2.7,False,False
TXN02071,2024-07-18,09:50:22,3e4f5a1a,43,Male,PROD7078,Managed incremental process improvement,Books,Cookbooks,54.72,2,0.23,84.27,E-Wallet,"Danaport, Delaware",,False,False
TXN02072,2025-04-23,09:50:22,7af5718b,36,Female,PROD6908,Networked attitude-oriented open system,Toys,Dolls,31.77,5,0.0,158.85,Bank Transfer,"New Michaelview, California",,False,False
TXN02073,2023-01-21,09:50:22,35df222b,64,Female,PROD7513,Multi-lateral systematic matrices,Grocery,Bakery,33.95,2,0.0,67.9,Debit Card,"New Anthony, Idaho",,False,False
TXN02074,2023-08-05,09:50:22,72b6d5fd,42,Male,PROD1116,Re-engineered disintermediate superstructure,Home & Kitchen,Cookware,76.76,3,0.26,170.41,Credit Card,"New Todd, Georgia",,True,True
TXN02075,2022-05-13,09:50:22,6b81e956,55,Female,PROD4154,Cross-platform transitional projection,Clothing,Men,40.52,1,0.0,40.52,E-Wallet,"Taylorfurt, Hawaii",,False,False
TXN02076,2022-06-21,09:50:22,734813c4,59,Male,PROD9697,Sharable object-oriented policy,Health,Wellness,42.32,1,0.07,39.36,Debit Card,"Nguyenton, Connecticut",,False,False
TXN02077,2024-01-07,09:50:22,e2811687,26,Male,PROD4572,Innovative responsive capacity,Toys,Puzzles,54.08,5,0.22,210.91,Bank Transfer,"Clarkside, Wisconsin",4.4,False,True
TXN02078,2024-12-09,09:50:22,d922652f,58,Female,PROD6944,Digitized reciprocal hierarchy,Beauty,Tools,27.21,1,0.0,27.21,E-Wallet,"East Philipchester, South Dakota",,False,False
TXN02079,2024-09-20,09:50:22,71aec425,19,Female,PROD4495,Digitized 4thgeneration success,Clothing,Accessories,36.49,2,0.07,67.87,Bank Transfer,"Laurenfurt, Minnesota",,False,False
TXN02080,2025-04-29,09:50:22,1173285a,19,Male,PROD4106,Pre-emptive demand-driven Local Area Network,Toys,Games,30.01,1,0.0,30.01,Credit Card,"West Victoria, Connecticut",,False,False
TXN02081,2024-06-20,09:50:22,a9cf1d51,44,Female,PROD8119,Re-contextualized 24/7 adapter,Toys,Puzzles,42.02,2,0.0,84.04,Debit Card,"Peterborough, Montana",,False,False
TXN02082,2023-08-19,09:50:22,c9fec8e0,39,Male,PROD9743,Front-line exuding product,Home & Kitchen,Appliances,18.93,5,0.0,94.65,Bank Transfer,"West Kellystad, West Virginia",,False,False
TXN02083,2023-09-24,09:50:22,92d137cb,56,Female,PROD3710,Grass-roots hybrid throughput,Toys,Educational,1.99,1,0.27,1.45,Debit Card,"Port Craig, South Dakota",2.8,False,False
TXN02084,2024-12-04,09:50:22,dc9cc895,69,Female,PROD9882,Secured attitude-oriented knowledgebase,Health,First Aid,18.99,3,0.0,56.97,Bank Transfer,"East Josephshire, Mississippi",,False,True
TXN02085,2024-04-13,09:50:22,05e482b6,34,Male,PROD9515,Synchronized asynchronous protocol,Clothing,Men,13.38,3,0.0,40.14,Debit Card,"East Rebecca, Utah",1.9,True,False
TXN02086,2023-03-19,09:50:22,aa0a02c4,67,Female,PROD3734,Streamlined bifurcated forecast,Books,Fiction,19.84,3,0.0,59.52,Cash,"North Brett, Alabama",,False,False
TXN02087,2023-11-21,09:50:22,777a5531,19,Female,PROD7392,Secured disintermediate protocol,Health,Vitamins,27.04,2,0.0,54.08,Bank Transfer,"Patriciafurt, Washington",,False,False
TXN02088,2023-05-27,09:50:22,ae179d53,31,Male,PROD4117,Phased composite time-frame,Clothing,Shoes,36.4,2,0.0,72.8,E-Wallet,"Boydmouth, Maryland",,False,True
TXN02089,2022-12-23,09:50:22,a56f7b8c,47,Male,PROD8460,Switchable fresh-thinking structure,Automotive,Tools,59.05,2,0.0,118.1,Cash,"Moraport, New Mexico",3.6,False,False
TXN02090,2022-07-10,09:50:22,be84d223,22,Male,PROD5175,Reverse-engineered explicit software,Grocery,Bakery,36.53,3,0.0,109.59,Bank Transfer,"Julieview, Illinois",2.3,False,True
TXN02091,2024-09-10,09:50:22,3ce10d6f,18,Male,PROD9645,Enterprise-wide non-volatile hardware,Clothing,Men,59.01,1,0.0,59.01,Debit Card,"East Sharonshire, South Carolina",5.0,False,False
TXN02092,2022-06-07,09:50:22,13393bc4,31,Male,PROD1501,Organic executive application,Toys,Educational,42.44,4,0.09,154.48,Bank Transfer,"West Natalie, Montana",,False,False
TXN02093,2023-09-10,09:50:22,a00759db,58,Female,PROD3282,Implemented 24/7 conglomeration,Sports,Yoga,7.22,2,0.29,10.25,Debit Card,"Port Mariaport, Montana",,False,True
TXN02094,2023-07-02,09:50:22,4a137108,28,Female,PROD4760,Exclusive reciprocal productivity,Home & Kitchen,Furniture,192.74,1,0.0,192.74,Bank Transfer,"Lewisstad, Vermont",,False,False
TXN02095,2022-09-20,09:50:22,534a47f5,19,Female,PROD3256,Customer-focused grid-enabled software,Beauty,Tools,28.48,3,0.05,81.17,Debit Card,"North Saraport, Nebraska",1.0,False,True
TXN02096,2022-11-28,09:50:22,fb894e3e,58,Female,PROD6345,Devolved context-sensitive success,Clothing,Shoes,70.11,2,0.0,140.22,E-Wallet,"Robinsonfort, Oregon",,False,False
TXN02097,2022-07-13,09:50:22,6f3f623b,20,Male,PROD5973,Focused value-added flexibility,Sports,Team Sports,8.56,3,0.23,19.77,Credit Card,"Flemingchester, Maryland",,False,False
TXN02098,2024-11-05,09:50:22,3b408f67,31,Female,PROD1175,Grass-roots methodical forecast,Home & Kitchen,Appliances,11.24,4,0.0,44.96,Debit Card,"West Andrew, Mississippi",,False,True
TXN02099,2022-08-13,09:50:22,3160a305,60,Female,PROD3332,Operative disintermediate analyzer,Grocery,Canned Goods,46.36,1,0.21,36.62,Debit Card,"Port Nicole, South Dakota",,False,False
TXN02100,2023-09-19,09:50:22,12c7aeea,67,Male,PROD1493,Function-based eco-centric Graphical User Interface,Grocery,Dairy,37.53,3,0.0,112.59,Bank Transfer,"Harrisport, Alabama",1.5,False,True
TXN02101,2022-08-04,09:50:22,97d943be,64,Female,PROD1151,Public-key intangible success,Toys,Educational,11.96,2,0.26,17.7,E-Wallet,"Jameston, Minnesota",3.4,False,False
TXN02102,2024-08-06,09:50:22,6f2112d8,24,Female,PROD7405,Total analyzing Local Area Network,Beauty,Haircare,12.61,3,0.0,37.83,Credit Card,"New Cameron, Michigan",4.8,False,False
TXN02103,2024-10-20,09:50:22,f8ef99e9,39,Male,PROD9024,Cross-group intermediate groupware,Electronics,Cameras,725.09,3,0.0,2175.27,Cash,"Port Jamesberg, Texas",,False,True
TXN02104,2023-08-28,09:50:22,ddd5065e,38,Male,PROD7683,Multi-lateral fresh-thinking algorithm,Toys,Dolls,6.21,5,0.08,28.57,Credit Card,"Justinview, Nevada",,False,False
TXN02105,2023-07-24,09:50:22,bd607274,62,Male,PROD3181,Persistent global capacity,Toys,Action Figures,62.85,2,0.26,93.02,Cash,"East Bryanchester, Rhode Island",,False,False
TXN02106,2022-08-29,09:50:22,1b0ba91d,58,Female,PROD4850,Reduced 24/7 capability,Electronics,TVs,319.88,5,0.0,1599.4,Debit Card,"New Alexander, Oregon",4.9,False,True
TXN02107,2023-02-16,09:50:22,248caa2b,56,Female,PROD1765,Ergonomic uniform info-mediaries,Electronics,TVs,627.68,4,0.0,2510.72,Debit Card,"East Austin, Alabama",,False,True
TXN02108,2025-03-02,09:50:22,ef510172,46,Male,PROD7584,Multi-tiered non-volatile task-force,Sports,Outdoor,23.43,3,0.0,70.29,E-Wallet,"Barnesfurt, South Carolina",4.3,True,True
TXN02109,2023-12-19,09:50:22,5d4f00c9,69,Male,PROD8715,Function-based foreground success,Books,Children,42.06,5,0.0,210.3,Debit Card,"New Christopher, Idaho",1.1,False,False
TXN02110,2023-08-28,09:50:22,f948c2f7,62,Female,PROD6971,Customer-focused 3rdgeneration adapter,Clothing,Kids,33.68,2,0.3,47.15,Debit Card,"New Racheltown, Pennsylvania",2.5,False,True
TXN02111,2024-02-18,09:50:22,ee4d754e,24,Male,PROD8359,Multi-channeled exuding encryption,Sports,Team Sports,26.74,5,0.0,133.7,Cash,"Sanchezton, Texas",,False,False
TXN02112,2024-02-21,09:50:22,78906888,46,Female,PROD6327,Persevering grid-enabled knowledgebase,Grocery,Snacks,30.82,3,0.0,92.46,E-Wallet,"South Marymouth, Kentucky",,False,False
TXN02113,2023-09-03,09:50:22,f4b3e91a,20,Male,PROD6711,Multi-layered user-facing encoding,Clothing,Shoes,19.93,1,0.0,19.93,Cash,"Careyburgh, North Carolina",4.9,False,False
TXN02114,2024-01-14,09:50:22,6b898e81,21,Male,PROD9421,Horizontal impactful hub,Home & Kitchen,Furniture,171.86,2,0.0,343.72,Bank Transfer,"North Ruth, Oregon",3.4,False,False
TXN02115,2023-02-23,09:50:22,1e21ac38,18,Female,PROD5600,Universal systemic attitude,Clothing,Women,34.6,5,0.0,173.0,Bank Transfer,"Lake John, Arizona",,False,True
TXN02116,2025-04-07,09:50:22,f216d8ff,47,Male,PROD6379,Realigned modular paradigm,Clothing,Women,43.14,5,0.0,215.7,E-Wallet,"West Kara, Virginia",,False,False
TXN02117,2023-08-01,09:50:22,eb3569a2,27,Female,PROD9390,Total mission-critical architecture,Grocery,Beverages,10.11,5,0.0,50.55,Bank Transfer,"Deannashire, Kentucky",4.5,False,False
TXN02118,2024-08-29,09:50:22,1c94494e,21,Male,PROD1066,Persevering stable secured line,Automotive,Parts,1.99,2,0.0,3.98,E-Wallet,"Burnsview, Iowa",,False,False
TXN02119,2024-01-11,09:50:22,f6baad96,47,Female,PROD6074,Fully-configurable even-keeled website,Beauty,Tools,26.18,5,0.0,130.9,Cash,"Lucasport, Connecticut",4.1,False,False
TXN02120,2023-11-20,09:50:22,6ae2d3cc,42,Female,PROD5666,Triple-buffered logistical middleware,Electronics,Headphones,982.52,4,0.0,3930.08,Debit Card,"Paigeburgh, Massachusetts",,False,True
TXN02121,2022-09-07,09:50:22,846d62f7,57,Female,PROD1887,Inverse background middleware,Books,Children,45.69,5,0.15,194.18,Cash,"West Daniel, Rhode Island",,False,False
TXN02122,2023-04-29,09:50:22,1e2e6095,61,Female,PROD6404,Grass-roots directional hub,Health,First Aid,29.61,3,0.0,88.83,Cash,"New Bethport, New York",,False,False
TXN02123,2024-09-26,09:50:22,eb2ac987,37,Male,PROD9008,Profound coherent extranet,Automotive,Tools,24.74,4,0.0,98.96,Cash,"East Crystal, Nebraska",,False,False
TXN02124,2025-02-14,09:50:22,e931ae55,24,Male,PROD6182,Implemented executive methodology,Electronics,Headphones,504.49,1,0.0,504.49,E-Wallet,"South Andrewhaven, Nevada",2.9,False,False
TXN02125,2022-08-10,09:50:22,617bfcb5,30,Male,PROD9209,Quality-focused 4thgeneration matrix,Electronics,Headphones,609.42,5,0.0,3047.1,E-Wallet,"South Christopherport, New York",,False,True
TXN02126,2024-04-10,09:50:22,7772c176,61,Male,PROD4068,Visionary global analyzer,Grocery,Dairy,6.38,5,0.0,31.9,Cash,"South Victoria, Minnesota",1.5,False,False
TXN02127,2024-06-24,09:50:22,599e2b7c,69,Male,PROD5665,Reduced eco-centric artificial intelligence,Home & Kitchen,Decor,198.0,3,0.16,498.96,Cash,"Gouldburgh, Vermont",3.8,False,True
TXN02128,2025-04-14,09:50:22,f9ca10e5,36,Female,PROD6402,Multi-channeled directional product,Health,Vitamins,44.31,2,0.08,81.53,Cash,"Joshuatown, Delaware",,False,False
TXN02129,2024-02-17,09:50:22,9e50a63e,27,Male,PROD1670,Fully-configurable high-level migration,Sports,Team Sports,44.36,3,0.0,133.08,E-Wallet,"East Kellyborough, Ohio",,False,False
TXN02130,2024-09-04,09:50:22,37a4673c,54,Female,PROD8702,Team-oriented content-based challenge,Clothing,Women,63.15,4,0.0,252.6,Cash,"East Miguel, Oklahoma",4.7,False,True
TXN02131,2024-08-19,09:50:22,c51793ee,48,Male,PROD7856,Focused content-based open architecture,Home & Kitchen,Furniture,121.37,5,0.0,606.85,Bank Transfer,"Port Christopher, Georgia",,False,False
TXN02132,2023-03-07,09:50:22,efbe71b2,41,Female,PROD5850,Self-enabling bifurcated contingency,Toys,Action Figures,43.46,2,0.09,79.1,Bank Transfer,"Snyderview, Massachusetts",,False,False
TXN02133,2024-01-10,09:50:22,4cd85126,55,Female,PROD1836,Focused fresh-thinking attitude,Sports,Outdoor,41.84,1,0.0,41.84,Cash,"Heidibury, Nebraska",2.5,False,False
TXN02134,2024-06-14,09:50:22,07781088,68,Male,PROD4802,Reverse-engineered regional monitoring,Sports,Yoga,22.92,1,0.0,22.92,E-Wallet,"Lake Denise, Virginia",4.1,False,False
TXN02135,2023-05-17,09:50:22,28565e17,62,Male,PROD7558,Balanced 24hour analyzer,Grocery,Bakery,18.53,5,0.22,72.27,E-Wallet,"Justinburgh, Pennsylvania",,False,False
TXN02136,2024-12-30,09:50:22,6078723c,41,Female,PROD1382,Extended systematic Graphical User Interface,Home & Kitchen,Decor,127.13,5,0.29,451.31,Debit Card,"Kevintown, Idaho",1.6,False,False
TXN02137,2023-09-11,09:50:22,b516ba53,39,Male,PROD3828,Organic uniform orchestration,Health,Vitamins,60.98,4,0.0,243.92,E-Wallet,"Brooksberg, Tennessee",,True,True
TXN02138,2023-08-10,09:50:22,e1e71393,28,Male,PROD7265,Reactive transitional structure,Grocery,Canned Goods,5.22,3,0.0,15.66,E-Wallet,"East Wendyfurt, Nebraska",2.7,False,True
TXN02139,2024-01-11,09:50:22,21a83fdd,54,Female,PROD3403,Horizontal bandwidth-monitored definition,Grocery,Beverages,1.99,2,0.0,3.98,Credit Card,"Youngville, South Carolina",,False,False
TXN02140,2023-02-25,09:50:22,df8fd8d9,53,Male,PROD3380,Self-enabling user-facing protocol,Grocery,Snacks,33.3,4,0.09,121.21,E-Wallet,"Harringtonside, Missouri",,False,False
TXN02141,2024-12-09,09:50:22,ad887e22,49,Female,PROD3728,Total fresh-thinking knowledge user,Books,Children,31.02,2,0.0,62.04,Credit Card,"Maryfurt, New Mexico",2.3,False,False
TXN02142,2022-09-01,09:50:22,1d900abc,23,Male,PROD7904,Multi-layered bi-directional project,Electronics,Headphones,534.67,2,0.22,834.09,Bank Transfer,"Simsberg, North Carolina",,False,False
TXN02143,2024-08-28,09:50:22,18dfd454,26,Female,PROD9045,Devolved coherent middleware,Beauty,Haircare,34.88,4,0.0,139.52,Cash,"Jefferychester, Kansas",3.0,False,False
TXN02144,2024-09-05,09:50:22,8fc93304,70,Female,PROD3898,Synergistic exuding concept,Toys,Action Figures,25.54,4,0.0,102.16,Cash,"Robertstad, Pennsylvania",2.8,False,True
TXN02145,2025-04-25,09:50:22,754a6198,18,Female,PROD1059,Phased responsive ability,Automotive,Car Care,59.8,3,0.0,179.4,Bank Transfer,"Kristaburgh, Illinois",4.6,False,False
TXN02146,2023-02-04,09:50:22,4372977c,45,Male,PROD3331,Function-based local encryption,Beauty,Fragrances,1.99,3,0.0,5.97,E-Wallet,"Ortizstad, Delaware",,False,False
TXN02147,2024-07-09,09:50:22,13c86013,68,Male,PROD9399,Organic high-level conglomeration,Health,First Aid,13.43,2,0.0,26.86,Debit Card,"Sabrinabury, Utah",,False,True
TXN02148,2023-09-15,09:50:22,9c447578,30,Female,PROD2221,Synchronized asynchronous Internet solution,Toys,Action Figures,27.93,4,0.0,111.72,E-Wallet,"Erinchester, New York",1.1,False,False
TXN02149,2023-10-10,09:50:22,cd589a29,68,Male,PROD2216,Synchronized transitional hub,Electronics,TVs,171.36,4,0.0,685.44,E-Wallet,"Victoriastad, New Hampshire",,False,False
TXN02150,2023-06-26,09:50:22,971509ba,27,Female,PROD9580,Multi-layered hybrid moderator,Toys,Educational,26.48,3,0.0,79.44,Bank Transfer,"Cortezside, Arizona",,False,True
TXN02151,2024-03-12,09:50:22,7ce51e89,61,Female,PROD2363,Horizontal logistical ability,Home & Kitchen,Cookware,236.3,2,0.0,472.6,Cash,"Crystalfurt, California",2.0,False,False
TXN02152,2022-10-14,09:50:22,a200e31f,18,Male,PROD8721,Right-sized heuristic monitoring,Clothing,Accessories,50.63,5,0.2,202.52,Cash,"North Richard, Idaho",3.2,True,False
TXN02153,2024-11-12,09:50:22,70aaa24b,64,Male,PROD8721,Multi-layered value-added alliance,Toys,Educational,34.61,1,0.0,34.61,Credit Card,"Pattybury, Kansas",,False,True
TXN02154,2024-06-03,09:50:22,8f9742a7,56,Female,PROD8422,Adaptive full-range neural-net,Grocery,Beverages,4.8,4,0.0,19.2,Bank Transfer,"Alvareztown, Vermont",2.5,False,False
TXN02155,2022-11-11,09:50:22,db80e045,20,Male,PROD1839,Synchronized upward-trending attitude,Beauty,Fragrances,17.67,1,0.0,17.67,Cash,"Muellerville, South Carolina",,False,True
TXN02156,2023-05-31,09:50:22,d129d8d5,41,Male,PROD3434,Horizontal scalable projection,Clothing,Shoes,38.74,5,0.0,193.7,Credit Card,"New Maryborough, California",,False,True
TXN02157,2022-08-19,09:50:22,a4e3a4f1,18,Male,PROD8711,Total 6thgeneration product,Books,Non-Fiction,23.65,2,0.0,47.3,Bank Transfer,"East Samantha, Delaware",,False,False
TXN02158,2023-11-06,09:50:22,5f64a389,38,Female,PROD6066,Programmable explicit utilization,Health,First Aid,55.63,3,0.0,166.89,Cash,"Perezview, Montana",3.6,False,False
TXN02159,2024-06-16,09:50:22,7b4e2674,60,Male,PROD1920,Synergistic radical parallelism,Sports,Outdoor,41.15,4,0.0,164.6,Bank Transfer,"Kristyton, North Dakota",4.1,False,False
TXN02160,2022-07-25,09:50:22,bef07331,23,Male,PROD4905,Re-contextualized client-server algorithm,Clothing,Kids,16.66,2,0.0,33.32,Credit Card,"Lake Jose, Kansas",4.8,False,False
TXN02161,2022-10-02,09:50:22,003c86d0,42,Male,PROD7172,Adaptive encompassing help-desk,Health,Supplements,34.93,4,0.0,139.72,E-Wallet,"Port Nathanstad, New Jersey",4.0,False,True
TXN02162,2023-05-26,09:50:22,5b112727,37,Male,PROD6950,Public-key impactful pricing structure,Automotive,Parts,39.96,3,0.0,119.88,Credit Card,"Jenniferview, Oregon",4.2,False,False
TXN02163,2023-07-24,09:50:22,e6ae16ad,31,Female,PROD9246,Grass-roots homogeneous forecast,Toys,Puzzles,52.8,5,0.12,232.32,Bank Transfer,"East Ryanmouth, Georgia",,False,True
TXN02164,2025-01-11,09:50:22,1b62a87f,31,Male,PROD5234,De-engineered background open architecture,Electronics,TVs,816.11,4,0.0,3264.44,Cash,"North Kimberlyfort, Maine",1.1,False,True
TXN02165,2023-07-07,09:50:22,39234b50,62,Female,PROD2160,De-engineered empowering task-force,Home & Kitchen,Decor,48.94,5,0.28,176.18,Credit Card,"South Sharonside, Pennsylvania",,False,True
TXN02166,2024-03-17,09:50:22,67ca115d,22,Male,PROD6848,Cloned non-volatile secured line,Toys,Puzzles,13.78,5,0.0,68.9,Cash,"South Austinville, Vermont",,False,False
TXN02167,2024-01-16,09:50:22,29096a2e,59,Female,PROD9714,Phased clear-thinking workforce,Automotive,Accessories,4.85,1,0.0,4.85,E-Wallet,"Simpsonville, South Dakota",,True,False
TXN02168,2022-06-06,09:50:22,e359c91a,60,Male,PROD1141,Robust heuristic superstructure,Home & Kitchen,Appliances,103.62,4,0.0,414.48,Cash,"Knoxborough, Georgia",3.5,False,False
TXN02169,2023-07-13,09:50:22,b47bef46,63,Male,PROD2052,User-centric stable implementation,Automotive,Accessories,39.33,5,0.0,196.65,E-Wallet,"Guerreromouth, New Hampshire",,False,False
TXN02170,2023-05-30,09:50:22,7819682c,18,Female,PROD3859,Re-contextualized didactic contingency,Books,Children,49.75,5,0.0,248.75,Cash,"Port Misty, South Dakota",2.8,False,False
TXN02171,2023-01-01,09:50:22,8a35a697,23,Female,PROD8041,Total object-oriented array,Clothing,Shoes,47.72,5,0.0,238.6,E-Wallet,"West Phyllis, New Mexico",,False,True
TXN02172,2025-01-10,09:50:22,337c47ac,45,Female,PROD8010,Polarized transitional hierarchy,Sports,Cycling,23.6,1,0.0,23.6,Cash,"Lake Margaretbury, Colorado",,False,False
TXN02173,2023-09-14,09:50:22,e3a5c3a2,39,Female,PROD5567,Optimized explicit service-desk,Health,First Aid,33.04,5,0.0,165.2,Bank Transfer,"Matthewview, Arkansas",2.8,False,True
TXN02174,2023-06-28,09:50:22,94dbf6eb,64,Male,PROD7814,Managed methodical parallelism,Books,Children,13.3,1,0.0,13.3,Credit Card,"Zimmermanshire, South Carolina",,False,False
TXN02175,2024-07-26,09:50:22,ea97f465,34,Female,PROD5082,Exclusive bi-directional orchestration,Sports,Cycling,71.79,4,0.16,241.21,Credit Card,"Port Brenda, Kansas",,False,True
TXN02176,2023-09-08,09:50:22,486c867b,45,Female,PROD7670,Mandatory zero tolerance workforce,Home & Kitchen,Cookware,7.46,5,0.0,37.3,Cash,"North Emily, Louisiana",,False,False
TXN02177,2024-02-23,09:50:22,99847204,21,Female,PROD1462,Optional radical intranet,Sports,Yoga,33.69,5,0.0,168.45,Debit Card,"Lake Christopher, West Virginia",,False,False
TXN02178,2023-12-06,09:50:22,02aceef8,26,Male,PROD8364,Progressive maximized encoding,Beauty,Tools,70.47,1,0.0,70.47,Debit Card,"Arnoldmouth, Michigan",,False,True
TXN02179,2024-06-23,09:50:22,655cd2f0,22,Female,PROD3653,Mandatory cohesive functionalities,Grocery,Snacks,30.14,2,0.0,60.28,Debit Card,"East Brandon, Georgia",4.2,False,False
TXN02180,2024-12-15,09:50:22,717da29e,31,Male,PROD9053,Realigned multi-state workforce,Sports,Yoga,26.2,2,0.0,52.4,Credit Card,"Jonathanberg, Missouri",,False,True
TXN02181,2025-05-02,09:50:22,e109b160,40,Female,PROD9414,Stand-alone mission-critical process improvement,Books,Cookbooks,22.85,1,0.0,22.85,E-Wallet,"Parkerville, Idaho",1.3,False,True
TXN02182,2024-05-10,09:50:22,2fd289dc,39,Male,PROD2245,Versatile didactic approach,Toys,Games,26.39,3,0.28,57.0,Debit Card,"Mccarthymouth, New York",,False,False
TXN02183,2024-01-27,09:50:22,54b72ce4,57,Female,PROD7391,Progressive impactful database,Automotive,Electronics,57.46,4,0.0,229.84,Credit Card,"South Sean, Hawaii",4.6,False,False
TXN02184,2023-10-23,09:50:22,6cf712c6,46,Male,PROD6379,Seamless clear-thinking pricing structure,Automotive,Parts,1.99,2,0.0,3.98,Debit Card,"Lake Lauren, Washington",5.0,False,True
TXN02185,2024-05-11,09:50:22,4c0efad8,31,Male,PROD1274,Seamless homogeneous neural-net,Grocery,Beverages,60.67,5,0.0,303.35,E-Wallet,"Hatfieldmouth, Texas",,False,False
TXN02186,2025-03-21,09:50:22,ac6bb8a1,52,Female,PROD3231,Quality-focused modular process improvement,Toys,Puzzles,1.99,4,0.0,7.96,Debit Card,"Olsenfort, Oregon",4.2,False,False
TXN02187,2025-02-17,09:50:22,a0e28fcd,27,Male,PROD9287,Visionary 5thgeneration portal,Sports,Outdoor,24.67,4,0.17,81.9,E-Wallet,"Jonathanfort, Minnesota",,False,False
TXN02188,2024-12-15,09:50:22,e7297595,44,Male,PROD9797,Switchable coherent service-desk,Automotive,Accessories,21.42,3,0.0,64.26,Credit Card,"Williamsborough, Pennsylvania",,False,True
TXN02189,2022-11-23,09:50:22,1d5da549,69,Female,PROD9187,Horizontal demand-driven Graphic Interface,Sports,Team Sports,41.77,4,0.0,167.08,E-Wallet,"New Jaimefurt, Massachusetts",,False,False
TXN02190,2024-12-22,09:50:22,5daf6d88,31,Male,PROD3061,Organized uniform matrices,Electronics,TVs,180.38,3,0.0,541.14,Bank Transfer,"South Bonnie, Missouri",2.4,False,True
TXN02191,2024-02-20,09:50:22,8f403526,37,Male,PROD5170,Grass-roots bifurcated help-desk,Home & Kitchen,Appliances,152.35,5,0.0,761.75,E-Wallet,"East Joeltown, Alabama",,True,False
TXN02192,2023-06-26,09:50:22,4dcb9432,55,Female,PROD8506,Function-based 4thgeneration artificial intelligence,Home & Kitchen,Cookware,261.7,3,0.0,785.1,E-Wallet,"Port Jillstad, North Dakota",,False,True
TXN02193,2024-06-03,09:50:22,2af0b42e,41,Female,PROD5677,Right-sized maximized support,Clothing,Shoes,9.1,4,0.0,36.4,Bank Transfer,"Burkebury, Louisiana",,False,False
TXN02194,2024-02-05,09:50:22,edb0fa11,37,Female,PROD9436,Reverse-engineered directional product,Grocery,Bakery,33.79,4,0.0,135.16,Cash,"Watkinstown, Vermont",,False,False
TXN02195,2024-08-30,09:50:22,9399046b,62,Male,PROD5643,Function-based neutral standardization,Toys,Educational,16.76,2,0.0,33.52,Debit Card,"North Davidhaven, Mississippi",,False,False
TXN02196,2022-08-07,09:50:22,4ee5342a,61,Female,PROD6124,De-engineered well-modulated service-desk,Automotive,Car Care,38.52,4,0.21,121.72,E-Wallet,"Taylorland, Hawaii",,False,False
TXN02197,2023-08-02,09:50:22,f2fdb3bc,31,Male,PROD2394,Mandatory asymmetric synergy,Beauty,Makeup,30.38,4,0.0,121.52,E-Wallet,"North Anthony, New Hampshire",2.7,False,False
TXN02198,2023-02-28,09:50:22,35b4dc60,23,Female,PROD3355,Cloned empowering protocol,Grocery,Beverages,17.17,5,0.0,85.85,Credit Card,"Edwardsstad, Tennessee",2.0,False,True
TXN02199,2022-06-08,09:50:22,de484d0f,20,Male,PROD2916,Realigned scalable orchestration,Toys,Puzzles,39.76,5,0.27,145.12,Bank Transfer,"Port Robertton, Wyoming",,False,True
TXN02200,2023-10-22,09:50:22,1ca265df,49,Male,PROD9380,Synchronized directional definition,Books,Children,66.09,2,0.0,132.18,E-Wallet,"Michaelfurt, Florida",1.1,False,True
TXN02201,2024-09-07,09:50:22,a28e7e65,40,Female,PROD6580,Seamless stable attitude,Sports,Yoga,26.18,3,0.0,78.54,Bank Transfer,"Mcgeeville, Minnesota",2.5,False,False
TXN02202,2023-12-31,09:50:22,21207b12,62,Female,PROD3195,User-centric mission-critical utilization,Sports,Team Sports,44.4,1,0.0,44.4,Cash,"West Rebekahfurt, Virginia",,False,False
TXN02203,2023-03-14,09:50:22,7addc05c,57,Female,PROD3628,Organic dynamic conglomeration,Books,Fiction,4.13,3,0.0,12.39,Cash,"New Rubenfurt, West Virginia",,False,True
TXN02204,2023-06-11,09:50:22,80b54202,67,Male,PROD7461,Operative local artificial intelligence,Sports,Outdoor,10.87,1,0.0,10.87,Bank Transfer,"Curryhaven, North Dakota",,False,True
TXN02205,2024-03-11,09:50:22,c35bb387,38,Male,PROD1983,Reactive intermediate toolset,Clothing,Accessories,64.17,2,0.26,94.97,Cash,"Port Seanchester, Maryland",3.0,False,True
TXN02206,2023-08-20,09:50:22,56a5e707,50,Male,PROD5918,Re-contextualized solution-oriented moderator,Home & Kitchen,Decor,223.89,4,0.0,895.56,Cash,"New Coryfort, Ohio",,False,True
TXN02207,2024-06-21,09:50:22,5d9d0f38,36,Male,PROD3832,Business-focused non-volatile leverage,Sports,Outdoor,37.11,2,0.0,74.22,Credit Card,"Riceside, Hawaii",4.1,False,False
TXN02208,2023-09-21,09:50:22,188bdcb0,29,Male,PROD1635,Diverse systemic knowledge user,Toys,Dolls,23.74,3,0.0,71.22,Credit Card,"Brookeburgh, Wyoming",,False,False
TXN02209,2025-02-21,09:50:22,984f36fc,36,Female,PROD5143,Self-enabling holistic system engine,Home & Kitchen,Cookware,119.95,4,0.0,479.8,Bank Transfer,"Christopherton, California",,False,False
TXN02210,2024-03-27,09:50:22,181738e8,68,Male,PROD4341,Up-sized maximized knowledge user,Grocery,Beverages,4.99,3,0.0,14.97,Credit Card,"Alberttown, South Dakota",,False,False
TXN02211,2023-10-15,09:50:22,b698081c,56,Female,PROD3881,Cross-group optimizing product,Grocery,Canned Goods,42.09,5,0.0,210.45,E-Wallet,"Tranton, North Dakota",,False,False
TXN02212,2025-01-30,09:50:22,e7dff4fc,67,Male,PROD3469,Robust fresh-thinking hardware,Toys,Action Figures,47.65,2,0.0,95.3,Cash,"Oconnorshire, Virginia",,True,True
TXN02213,2025-02-03,09:50:22,aa3ffe7a,53,Male,PROD3666,Intuitive clear-thinking moratorium,Clothing,Women,36.44,5,0.11,162.16,Credit Card,"Brooksbury, Arkansas",2.2,False,False
TXN02214,2024-12-04,09:50:22,cf521f6c,37,Female,PROD3585,De-engineered context-sensitive encoding,Electronics,Cameras,405.99,5,0.0,2029.95,Credit Card,"Palmerchester, Mississippi",3.3,False,False
TXN02215,2023-04-15,09:50:22,d9a46731,53,Male,PROD2541,Devolved modular collaboration,Clothing,Accessories,57.98,5,0.09,263.81,Debit Card,"New Logan, New Jersey",1.8,False,True
TXN02216,2024-04-26,09:50:22,0c4ce222,18,Male,PROD9976,Configurable upward-trending adapter,Toys,Educational,21.27,4,0.13,74.02,Credit Card,"Reynoldsburgh, Pennsylvania",,False,True
TXN02217,2023-04-17,09:50:22,1b9d25a7,25,Male,PROD4374,Future-proofed 24hour data-warehouse,Clothing,Accessories,48.02,4,0.0,192.08,Cash,"Lake Karenchester, Utah",,False,True
TXN02218,2023-02-16,09:50:22,e14a8a73,22,Female,PROD9507,Adaptive zero tolerance task-force,Grocery,Canned Goods,71.99,3,0.0,215.97,E-Wallet,"Kleinmouth, Florida",1.1,False,False
TXN02219,2025-01-30,09:50:22,ffa6173a,27,Male,PROD2232,Persistent methodical architecture,Electronics,Headphones,450.59,4,0.0,1802.36,Debit Card,"Loriview, Arkansas",2.4,False,False
TXN02220,2023-05-17,09:50:22,e43e1f3c,23,Male,PROD6168,Organized impactful archive,Grocery,Snacks,22.83,4,0.1,82.19,E-Wallet,"Lake Corychester, Virginia",,False,False
TXN02221,2022-09-03,09:50:22,aa4140c1,21,Female,PROD7536,Innovative bi-directional system engine,Books,Fiction,17.05,2,0.0,34.1,Bank Transfer,"Beckerville, Oklahoma",,False,True
TXN02222,2025-04-13,09:50:22,78350eb7,43,Male,PROD3243,Cross-platform needs-based migration,Sports,Cycling,44.88,5,0.0,224.4,Bank Transfer,"New Emily, Pennsylvania",4.5,False,True
TXN02223,2022-07-14,09:50:22,0ebec3fc,68,Male,PROD9117,Expanded intangible extranet,Books,Fiction,26.38,1,0.0,26.38,Cash,"New Jenniferburgh, Nebraska",,False,True
TXN02224,2022-10-05,09:50:22,707e83f2,69,Female,PROD6531,Organized scalable interface,Electronics,Cameras,370.13,4,0.1,1332.47,Cash,"New Stephanie, Missouri",,False,False
TXN02225,2022-08-13,09:50:22,9f31b995,33,Female,PROD6489,Operative value-added success,Beauty,Haircare,56.43,5,0.0,282.15,Bank Transfer,"Davidview, Ohio",,False,True
TXN02226,2022-05-19,09:50:22,d3d83dfe,61,Female,PROD6532,Fully-configurable holistic core,Health,First Aid,58.39,2,0.26,86.42,Cash,"Port Sarah, North Carolina",,False,False
TXN02227,2024-08-27,09:50:22,29ff751d,31,Female,PROD9509,Upgradable 3rdgeneration time-frame,Clothing,Women,31.99,5,0.0,159.95,Bank Transfer,"Katherinemouth, Wyoming",,False,False
TXN02228,2023-02-11,09:50:22,58549211,30,Female,PROD4154,Digitized optimizing challenge,Grocery,Dairy,1.99,4,0.0,7.96,Debit Card,"Jaredmouth, New Jersey",3.2,False,True
TXN02229,2023-08-22,09:50:22,543fe3af,51,Female,PROD7771,Persistent demand-driven protocol,Electronics,Smartphones,701.5,3,0.0,2104.5,E-Wallet,"South Monicaborough, New Hampshire",2.0,False,False
TXN02230,2022-09-22,09:50:22,09efe152,49,Male,PROD3134,Programmable executive access,Automotive,Car Care,16.31,4,0.0,65.24,Cash,"Edwardsside, Colorado",,True,True
TXN02231,2023-03-11,09:50:22,1dc22c33,20,Male,PROD5262,Robust value-added model,Books,Children,45.81,3,0.0,137.43,Bank Transfer,"Millsfurt, Illinois",2.8,False,False
TXN02232,2022-05-24,09:50:22,b0cf6a05,41,Female,PROD3920,Realigned dynamic throughput,Automotive,Tools,1.99,1,0.0,1.99,Cash,"Terriburgh, North Carolina",,False,False
TXN02233,2023-07-27,09:50:22,f31614ba,19,Male,PROD7144,Profit-focused asynchronous monitoring,Grocery,Dairy,47.85,1,0.18,39.24,Credit Card,"Deleonmouth, New Hampshire",1.4,False,False
TXN02234,2025-03-06,09:50:22,e89d9b79,42,Female,PROD5230,Face-to-face leadingedge Graphical User Interface,Home & Kitchen,Decor,35.22,1,0.0,35.22,Cash,"Lake Amanda, Nebraska",2.4,False,False
TXN02235,2024-11-24,09:50:22,ad81f08c,35,Male,PROD4250,Multi-layered intangible initiative,Grocery,Dairy,44.62,5,0.0,223.1,Debit Card,"East Katherineside, Pennsylvania",,False,False
TXN02236,2024-06-08,09:50:22,9457dfa6,68,Female,PROD1469,Down-sized bandwidth-monitored portal,Beauty,Haircare,30.29,3,0.0,90.87,Bank Transfer,"Angelafort, Georgia",2.4,True,False
TXN02237,2022-09-06,09:50:22,7ec1d4e7,32,Female,PROD8726,Total clear-thinking complexity,Clothing,Men,21.38,5,0.0,106.9,Debit Card,"Timothytown, North Carolina",,False,False
TXN02238,2025-01-19,09:50:22,0bc3ef9e,60,Male,PROD6322,Down-sized static Local Area Network,Clothing,Shoes,37.79,2,0.0,75.58,Bank Transfer,"Nancychester, Delaware",1.9,False,False
TXN02239,2025-01-29,09:50:22,8582cb8b,61,Female,PROD1543,Intuitive scalable contingency,Electronics,Cameras,637.26,2,0.0,1274.52,Bank Transfer,"Holmeston, North Carolina",3.3,False,True
TXN02240,2022-06-07,09:50:22,f35322e9,30,Female,PROD8592,Re-engineered optimizing database,Toys,Games,32.12,1,0.0,32.12,Bank Transfer,"Williamston, Utah",3.5,True,False
TXN02241,2022-05-19,09:50:22,5e5fa2c7,37,Male,PROD6822,User-centric dynamic structure,Home & Kitchen,Decor,160.91,5,0.0,804.55,Bank Transfer,"Ashleymouth, Montana",,False,False
TXN02242,2025-04-29,09:50:22,26c9937a,62,Female,PROD8129,Inverse optimal throughput,Toys,Educational,69.53,5,0.0,347.65,Debit Card,"East April, New Hampshire",4.3,False,False
TXN02243,2024-08-25,09:50:22,22e8cbec,31,Female,PROD6014,Seamless web-enabled conglomeration,Automotive,Tools,1.99,1,0.29,1.41,Credit Card,"Georgebury, Pennsylvania",3.6,False,False
TXN02244,2022-05-30,09:50:22,81f9df6a,53,Male,PROD3659,Synergistic solution-oriented Graphical User Interface,Beauty,Haircare,62.34,5,0.13,271.18,Credit Card,"North Jamesside, Wisconsin",,False,False
TXN02245,2022-06-09,09:50:22,a5ca0780,18,Female,PROD2694,Triple-buffered systemic complexity,Automotive,Electronics,32.09,4,0.0,128.36,Credit Card,"Leehaven, Nevada",1.2,False,False
TXN02246,2025-04-24,09:50:22,af9d8f14,20,Female,PROD5943,Synchronized 3rdgeneration function,Beauty,Haircare,12.02,4,0.0,48.08,Credit Card,"Whiteport, Mississippi",,False,True
TXN02247,2023-11-19,09:50:22,222ff052,58,Male,PROD8919,Open-source solution-oriented productivity,Beauty,Makeup,3.39,2,0.0,6.78,Cash,"Barbaraberg, Wisconsin",,False,False
TXN02248,2023-12-14,09:50:22,0951edf9,60,Male,PROD1790,Innovative tangible protocol,Books,Children,26.22,4,0.0,104.88,Bank Transfer,"Amandaland, Kentucky",,False,False
TXN02249,2022-06-10,09:50:22,da996ad5,39,Male,PROD2060,Automated maximized encryption,Sports,Yoga,48.43,3,0.0,145.29,E-Wallet,"Mallorytown, Indiana",,False,False
TXN02250,2025-02-27,09:50:22,a1d2db7c,49,Male,PROD2900,Exclusive actuating emulation,Books,Fiction,27.45,5,0.0,137.25,Cash,"New Jenniferside, Kentucky",,False,True
TXN02251,2024-10-03,09:50:22,38af5ca0,21,Female,PROD6951,Proactive local collaboration,Beauty,Fragrances,60.22,3,0.0,180.66,Credit Card,"East Maxwellmouth, New Jersey",,False,True
TXN02252,2023-05-08,09:50:22,5fffe87d,63,Male,PROD4951,Centralized clear-thinking framework,Beauty,Fragrances,1.99,2,0.0,3.98,Bank Transfer,"Jessicafort, Iowa",4.7,False,False
TXN02253,2022-12-11,09:50:22,eb489f8f,48,Male,PROD3408,Cross-group secondary groupware,Books,Children,29.76,5,0.0,148.8,E-Wallet,"Johnmouth, Vermont",,False,True
TXN02254,2022-11-19,09:50:22,6de0cdef,66,Male,PROD7654,Business-focused logistical orchestration,Clothing,Women,12.43,1,0.0,12.43,Bank Transfer,"North Joshuashire, New York",,False,False
TXN02255,2025-04-13,09:50:22,755e752b,52,Female,PROD6907,Grass-roots leadingedge hardware,Electronics,Cameras,572.73,4,0.0,2290.92,E-Wallet,"Rachelmouth, North Carolina",,False,False
TXN02256,2023-03-06,09:50:22,17402bf2,37,Female,PROD9677,Front-line demand-driven solution,Automotive,Accessories,47.74,5,0.0,238.7,Cash,"Beckfurt, Maryland",2.8,False,True
TXN02257,2023-09-11,09:50:22,9763c05f,46,Male,PROD5029,Fundamental tertiary knowledgebase,Electronics,Smartphones,415.85,2,0.0,831.7,E-Wallet,"Jonesberg, Pennsylvania",,False,False
TXN02258,2023-06-03,09:50:22,50c9f050,28,Male,PROD9170,Realigned object-oriented solution,Automotive,Electronics,1.99,4,0.0,7.96,E-Wallet,"South Debbieport, Florida",,False,False
TXN02259,2025-04-18,09:50:22,0ee9d086,61,Female,PROD9056,Persistent 3rdgeneration challenge,Electronics,Cameras,539.79,5,0.0,2698.95,Bank Transfer,"Dannyfurt, Pennsylvania",,False,False
TXN02260,2023-10-04,09:50:22,7e3f7c64,61,Female,PROD6575,Digitized zero tolerance structure,Toys,Dolls,38.73,5,0.0,193.65,Credit Card,"New Patrickhaven, Alaska",4.4,False,False
TXN02261,2024-04-30,09:50:22,907b78d7,50,Male,PROD8319,Virtual global interface,Toys,Educational,38.09,4,0.0,152.36,Cash,"Christophermouth, Oklahoma",,False,True
TXN02262,2023-11-04,09:50:22,56e427ec,66,Male,PROD3443,Secured non-volatile middleware,Books,Cookbooks,54.72,3,0.28,118.2,Credit Card,"South Davidfort, Iowa",1.8,False,False
TXN02263,2024-07-26,09:50:22,f8e9b7e8,65,Female,PROD5189,Networked analyzing array,Home & Kitchen,Decor,45.03,5,0.0,225.15,Debit Card,"Wilsonland, Ohio",,False,False
TXN02264,2022-10-14,09:50:22,18ae9473,47,Female,PROD1642,Balanced fresh-thinking moderator,Sports,Yoga,43.6,2,0.0,87.2,Bank Transfer,"Davidport, Arkansas",,False,True
TXN02265,2024-06-08,09:50:22,320b741d,65,Female,PROD7030,Fully-configurable logistical infrastructure,Clothing,Shoes,85.78,5,0.0,428.9,Debit Card,"New Whitneymouth, Alaska",2.1,False,False
TXN02266,2024-08-14,09:50:22,a49a6042,21,Female,PROD4439,Monitored human-resource knowledgebase,Automotive,Accessories,1.99,4,0.0,7.96,Bank Transfer,"East Nicholashaven, Utah",,False,False
TXN02267,2024-12-01,09:50:22,3af39b96,26,Male,PROD9729,Customer-focused mission-critical benchmark,Toys,Puzzles,36.39,2,0.17,60.41,Debit Card,"West Rebekah, Virginia",1.9,False,False
TXN02268,2023-09-16,09:50:22,e28882ea,29,Female,PROD4406,Customer-focused multi-tasking neural-net,Home & Kitchen,Bedding,84.71,2,0.0,169.42,Debit Card,"Barbarafort, Rhode Island",,False,True
TXN02269,2023-08-11,09:50:22,d73de2f8,34,Male,PROD4349,Persevering high-level knowledgebase,Grocery,Dairy,28.37,1,0.22,22.13,Cash,"South Brianafort, Oklahoma",,False,True
TXN02270,2024-01-10,09:50:22,d6bd8374,52,Female,PROD7015,Horizontal content-based moratorium,Grocery,Beverages,36.95,2,0.0,73.9,Debit Card,"Hollyborough, South Carolina",,False,False
TXN02271,2022-10-18,09:50:22,f4eba4ca,35,Female,PROD4590,Ergonomic 3rdgeneration Internet solution,Clothing,Women,35.38,3,0.0,106.14,Bank Transfer,"Port Eric, New Hampshire",,False,False
TXN02272,2022-07-09,09:50:22,c4a1d7b9,59,Female,PROD5846,Phased coherent analyzer,Sports,Fitness,16.49,4,0.0,65.96,Bank Transfer,"Millerside, Alaska",,False,False
TXN02273,2022-11-13,09:50:22,1e3b5a7a,57,Male,PROD8128,Profit-focused bandwidth-monitored software,Beauty,Haircare,30.68,2,0.17,50.93,Bank Transfer,"Kurtland, Washington",4.2,False,False
TXN02274,2024-08-13,09:50:22,722b00c9,57,Male,PROD5310,Virtual static collaboration,Home & Kitchen,Decor,43.89,2,0.0,87.78,Bank Transfer,"Allenfort, California",2.7,False,True
TXN02275,2024-06-20,09:50:22,10b57e31,61,Male,PROD4460,Grass-roots multi-state function,Automotive,Accessories,8.28,5,0.2,33.12,Bank Transfer,"Weaverfurt, Utah",4.6,False,False
TXN02276,2024-06-16,09:50:22,5a015608,40,Female,PROD2322,User-centric multi-state Local Area Network,Grocery,Beverages,43.59,1,0.0,43.59,Cash,"North Rachaelfurt, Alaska",4.0,False,False
TXN02277,2025-01-04,09:50:22,3de0f4b2,58,Male,PROD7607,Automated object-oriented array,Home & Kitchen,Cookware,39.58,1,0.0,39.58,E-Wallet,"Toddmouth, South Carolina",4.5,False,True
TXN02278,2022-08-28,09:50:22,0e221534,33,Male,PROD6871,Assimilated directional hub,Beauty,Fragrances,43.33,4,0.0,173.32,Cash,"East April, Illinois",4.3,False,True
TXN02279,2022-05-25,09:50:22,e122ac91,42,Male,PROD3501,Digitized web-enabled approach,Electronics,Laptops,592.52,5,0.0,2962.6,Cash,"Anthonyton, Missouri",1.6,False,False
TXN02280,2023-04-21,09:50:22,3e0c1aab,32,Female,PROD6518,Organized full-range adapter,Toys,Dolls,1.99,4,0.0,7.96,Bank Transfer,"North Lisabury, Washington",3.7,False,True
TXN02281,2022-10-22,09:50:22,068b46e1,67,Female,PROD4250,Profit-focused local circuit,Grocery,Bakery,16.45,5,0.0,82.25,Cash,"West Edgarside, Ohio",2.7,False,True
TXN02282,2025-02-22,09:50:22,2fb4daa7,65,Female,PROD4342,Horizontal system-worthy workforce,Books,Non-Fiction,53.88,1,0.23,41.49,Credit Card,"Moralesview, Kansas",,False,False
TXN02283,2024-10-10,09:50:22,7b645e78,28,Male,PROD5670,Exclusive object-oriented product,Home & Kitchen,Cookware,51.32,4,0.0,205.28,E-Wallet,"Quinnborough, West Virginia",,False,False
TXN02284,2024-03-14,09:50:22,42d827f3,69,Male,PROD3029,Expanded optimizing matrix,Health,Supplements,20.71,5,0.0,103.55,E-Wallet,"Jacobsberg, Nevada",,True,True
TXN02285,2022-11-17,09:50:22,226982a1,65,Male,PROD7772,Front-line mission-critical superstructure,Automotive,Electronics,39.24,4,0.0,156.96,Credit Card,"Mariahaven, Alaska",,False,False
TXN02286,2025-04-21,09:50:22,c87fbc31,57,Female,PROD5577,Balanced uniform emulation,Books,Cookbooks,45.67,5,0.0,228.35,Debit Card,"Lopezton, Minnesota",3.7,False,False
TXN02287,2022-08-01,09:50:22,b3538eb6,36,Female,PROD2760,Quality-focused analyzing task-force,Electronics,Cameras,449.69,1,0.0,449.69,E-Wallet,"North David, Pennsylvania",1.4,True,False
TXN02288,2023-08-19,09:50:22,6398d291,49,Male,PROD4830,Grass-roots national analyzer,Books,Non-Fiction,18.05,3,0.0,54.15,Bank Transfer,"West Nathan, Oklahoma",4.3,False,False
TXN02289,2023-07-12,09:50:22,2e32a5d3,42,Female,PROD6648,Integrated stable encoding,Electronics,TVs,784.47,2,0.0,1568.94,Bank Transfer,"Vegaside, Oklahoma",1.1,False,True
TXN02290,2025-01-03,09:50:22,d92245f4,23,Male,PROD8291,Cloned asynchronous implementation,Grocery,Dairy,64.78,5,0.0,323.9,Cash,"North Johnton, Maryland",4.0,False,False
TXN02291,2023-11-12,09:50:22,1c890ef7,50,Male,PROD7472,Streamlined regional approach,Sports,Fitness,49.58,5,0.0,247.9,Bank Transfer,"Jonathonmouth, Minnesota",,False,False
TXN02292,2022-08-09,09:50:22,b85ff2c9,35,Female,PROD3709,Extended zero-defect matrices,Home & Kitchen,Appliances,125.97,1,0.0,125.97,Bank Transfer,"Christinamouth, Missouri",3.6,False,True
TXN02293,2022-10-05,09:50:22,78a33714,29,Male,PROD6827,Diverse zero-defect function,Grocery,Canned Goods,13.83,3,0.0,41.49,Bank Transfer,"New Sharon, Tennessee",,False,False
TXN02294,2023-12-01,09:50:22,7f0a951f,44,Female,PROD7254,Centralized impactful attitude,Automotive,Car Care,13.39,1,0.19,10.85,Debit Card,"Rebekahfort, Illinois",2.3,False,False
TXN02295,2022-07-12,09:50:22,7d4fd7f2,45,Male,PROD2342,Fundamental next generation benchmark,Health,Vitamins,40.45,2,0.0,80.9,Cash,"East Jasonborough, Nevada",2.8,False,True
TXN02296,2023-05-08,09:50:22,6281bfce,62,Female,PROD6753,Assimilated encompassing solution,Clothing,Kids,62.55,1,0.0,62.55,Debit Card,"North Gregoryburgh, Minnesota",3.9,False,False
TXN02297,2024-02-09,09:50:22,ca09f6c6,25,Female,PROD9538,Open-architected eco-centric core,Automotive,Tools,58.03,5,0.0,290.15,Credit Card,"East Paulstad, Vermont",1.2,False,True
TXN02298,2022-06-07,09:50:22,63f42d63,50,Female,PROD6171,Versatile foreground methodology,Sports,Outdoor,43.01,5,0.0,215.05,E-Wallet,"Lake James, Nebraska",,False,False
TXN02299,2023-07-04,09:50:22,cff8d655,24,Male,PROD2123,Public-key zero-defect core,Electronics,Laptops,199.38,5,0.0,996.9,E-Wallet,"New Caitlyn, Arizona",,False,True
TXN02300,2023-02-25,09:50:22,dfa492a6,42,Male,PROD5836,Face-to-face 24/7 architecture,Sports,Yoga,51.04,1,0.0,51.04,Credit Card,"Port Amandafort, California",,False,False
TXN02301,2024-07-29,09:50:22,9ce87184,39,Male,PROD2554,Ergonomic system-worthy matrix,Clothing,Women,20.06,4,0.0,80.24,Cash,"Sanchezborough, Kentucky",1.1,False,False
TXN02302,2022-10-10,09:50:22,4d53ef86,68,Female,PROD2258,Grass-roots local data-warehouse,Health,Supplements,22.32,5,0.0,111.6,E-Wallet,"Caseton, Tennessee",1.3,False,False
TXN02303,2024-01-08,09:50:22,08d0936d,19,Female,PROD2661,Visionary hybrid software,Beauty,Tools,35.0,2,0.0,70.0,Debit Card,"Staceyfort, Wisconsin",3.8,False,True
TXN02304,2023-04-03,09:50:22,6c961bb1,54,Female,PROD3673,Persistent solution-oriented matrix,Health,Supplements,69.91,2,0.0,139.82,Credit Card,"South Joseborough, Mississippi",4.0,False,True
TXN02305,2023-09-10,09:50:22,d1cae263,48,Female,PROD6950,Seamless real-time concept,Beauty,Skincare,92.2,1,0.0,92.2,Debit Card,"Port Andrew, Wyoming",,False,False
TXN02306,2024-07-10,09:50:22,152429b9,62,Male,PROD7791,Horizontal logistical methodology,Home & Kitchen,Decor,162.47,3,0.0,487.41,E-Wallet,"Stricklandchester, Iowa",,False,False
TXN02307,2024-03-15,09:50:22,71e4796a,22,Female,PROD6210,Reverse-engineered responsive standardization,Electronics,Laptops,463.36,1,0.0,463.36,Bank Transfer,"Lake Jessica, Alaska",5.0,False,True
TXN02308,2024-06-30,09:50:22,4d59447e,60,Male,PROD4768,Devolved bifurcated forecast,Clothing,Men,66.04,5,0.0,330.2,Credit Card,"Port John, Virginia",,False,False
TXN02309,2023-02-16,09:50:22,e2f2580e,55,Male,PROD1975,Profit-focused bottom-line orchestration,Health,Supplements,47.75,2,0.13,83.08,Bank Transfer,"South Randallburgh, New York",4.5,False,True
TXN02310,2022-10-13,09:50:22,14fab738,19,Female,PROD2765,Progressive mobile capability,Clothing,Kids,40.38,3,0.0,121.14,Bank Transfer,"Andrewport, South Dakota",,False,False
TXN02311,2025-02-24,09:50:22,0d3eb6c3,27,Male,PROD4557,Proactive even-keeled customer loyalty,Automotive,Tools,65.9,3,0.0,197.7,Cash,"West Angela, Oklahoma",,False,True
TXN02312,2024-04-13,09:50:22,8de03652,34,Female,PROD1696,Polarized real-time Internet solution,Clothing,Shoes,56.9,3,0.0,170.7,Bank Transfer,"Port Richardhaven, Oklahoma",4.1,False,False
TXN02313,2022-08-23,09:50:22,20ba326a,45,Female,PROD5319,Seamless multimedia workforce,Health,First Aid,39.95,1,0.0,39.95,Bank Transfer,"New Danielbury, Utah",4.4,False,False
TXN02314,2022-11-22,09:50:22,6c7dd618,44,Male,PROD8483,Persistent content-based pricing structure,Electronics,Headphones,633.18,1,0.0,633.18,Cash,"Brianstad, Nevada",,False,False
TXN02315,2024-10-17,09:50:22,53c5cf6f,54,Male,PROD8980,Organic optimizing moratorium,Health,Wellness,38.43,2,0.0,76.86,Bank Transfer,"New Miranda, Utah",4.7,False,False
TXN02316,2023-08-24,09:50:22,466c122d,47,Female,PROD8062,Open-source tangible help-desk,Beauty,Skincare,46.78,3,0.2,112.27,Credit Card,"Muellershire, Arkansas",2.2,False,False
TXN02317,2022-10-08,09:50:22,75e60fe3,30,Male,PROD2568,Total composite process improvement,Automotive,Parts,17.65,4,0.0,70.6,E-Wallet,"Andrewborough, Utah",3.4,False,False
TXN02318,2024-04-02,09:50:22,6245d878,61,Female,PROD9499,Switchable full-range algorithm,Beauty,Fragrances,18.83,2,0.0,37.66,E-Wallet,"New Ashley, South Dakota",1.5,False,False
TXN02319,2024-07-26,09:50:22,2703edb1,25,Female,PROD7339,Multi-layered empowering parallelism,Home & Kitchen,Decor,42.99,2,0.0,85.98,E-Wallet,"Angelhaven, Indiana",,False,False
TXN02320,2024-03-04,09:50:22,aed1e2bf,35,Female,PROD9984,Universal full-range moderator,Toys,Educational,38.79,1,0.0,38.79,Cash,"Jenkinsmouth, Alabama",,False,False
TXN02321,2022-07-05,09:50:22,70041cb1,70,Female,PROD1734,Exclusive bifurcated data-warehouse,Toys,Educational,45.58,1,0.14,39.2,Debit Card,"Nelsonborough, Florida",4.4,False,False
TXN02322,2023-11-16,09:50:22,54d47d9e,30,Female,PROD3480,De-engineered user-facing protocol,Books,Non-Fiction,39.16,2,0.28,56.39,Cash,"West Paul, Kentucky",,False,False
TXN02323,2024-11-13,09:50:22,334d9716,56,Female,PROD2024,Devolved system-worthy definition,Electronics,Smartphones,834.9,5,0.0,4174.5,Bank Transfer,"Mariemouth, Georgia",4.4,False,True
TXN02324,2025-02-03,09:50:22,13c1c6e0,30,Male,PROD9438,Polarized interactive Graphic Interface,Electronics,TVs,498.88,2,0.14,858.07,Debit Card,"Port Mistymouth, Kansas",,False,False
TXN02325,2023-08-16,09:50:22,aea887e1,33,Male,PROD3078,Re-engineered bifurcated service-desk,Electronics,TVs,633.75,5,0.0,3168.75,Bank Transfer,"East Charlesbury, South Carolina",,False,False
TXN02326,2024-05-03,09:50:22,6fa439e0,65,Male,PROD2785,Synergized maximized array,Electronics,Cameras,281.66,1,0.0,281.66,Bank Transfer,"Lake Allisonton, Idaho",2.1,False,True
TXN02327,2024-06-12,09:50:22,c2a5f016,50,Male,PROD5345,Seamless fault-tolerant help-desk,Clothing,Kids,38.39,1,0.0,38.39,Bank Transfer,"Gainesville, South Dakota",4.7,False,False
TXN02328,2024-10-06,09:50:22,5faf0cb0,20,Male,PROD2583,Up-sized responsive monitoring,Grocery,Dairy,43.91,4,0.0,175.64,Bank Transfer,"South Melissa, Indiana",1.6,False,False
TXN02329,2023-05-21,09:50:22,ae43ee39,50,Male,PROD1253,Phased multi-state conglomeration,Automotive,Accessories,46.98,2,0.17,77.99,Bank Transfer,"South Christopherburgh, California",,False,False
TXN02330,2024-06-22,09:50:22,d072a981,47,Female,PROD4556,Team-oriented web-enabled task-force,Health,First Aid,24.12,2,0.0,48.24,Debit Card,"Port Haileyland, South Carolina",4.9,False,False
TXN02331,2022-10-28,09:50:22,39823c6c,31,Female,PROD9229,Focused context-sensitive contingency,Books,Educational,28.57,3,0.0,85.71,Cash,"East Rebecca, Virginia",4.5,False,False
TXN02332,2023-12-31,09:50:22,082568fc,58,Female,PROD4319,Open-architected motivating benchmark,Grocery,Dairy,1.99,2,0.0,3.98,Cash,"North Joshua, Wyoming",,False,True
TXN02333,2023-09-22,09:50:22,d3d2d24d,33,Female,PROD6511,Exclusive exuding conglomeration,Books,Cookbooks,22.86,5,0.0,114.3,Bank Transfer,"Port Paula, Massachusetts",,False,False
TXN02334,2022-10-03,09:50:22,5201986f,46,Female,PROD8746,Customer-focused full-range archive,Automotive,Accessories,47.81,5,0.0,239.05,Debit Card,"Nicholasfurt, Connecticut",1.0,False,False
TXN02335,2022-10-21,09:50:22,d38922e5,23,Male,PROD1911,Reactive homogeneous customer loyalty,Electronics,Cameras,615.04,2,0.0,1230.08,E-Wallet,"Gabriellatown, Arkansas",2.2,False,False
TXN02336,2023-11-05,09:50:22,58f8e5fd,67,Male,PROD7490,Vision-oriented attitude-oriented adapter,Clothing,Women,65.02,4,0.0,260.08,Bank Transfer,"Smithchester, North Carolina",1.8,False,False
TXN02337,2023-03-17,09:50:22,b7103556,32,Male,PROD2995,Virtual dedicated archive,Electronics,Headphones,509.95,3,0.0,1529.85,Credit Card,"Charlenehaven, Illinois",2.0,True,False
TXN02338,2024-06-22,09:50:22,f85a33c7,40,Female,PROD6109,Cross-group needs-based project,Beauty,Haircare,30.14,3,0.25,67.81,Bank Transfer,"Derrickton, California",2.5,False,True
TXN02339,2023-03-17,09:50:22,af35c901,32,Male,PROD4981,Reactive asynchronous database,Clothing,Accessories,30.19,5,0.0,150.95,Credit Card,"Murrayberg, Wyoming",4.2,False,False
TXN02340,2024-07-11,09:50:22,56d7b07d,19,Male,PROD4375,Devolved mobile hardware,Books,Non-Fiction,43.98,5,0.0,219.9,Bank Transfer,"South Victorchester, New York",,False,False
TXN02341,2024-02-13,09:50:22,e4f001c5,70,Female,PROD2127,Re-engineered interactive moderator,Beauty,Haircare,38.42,5,0.0,192.1,Cash,"East Emilymouth, Illinois",4.0,False,False
TXN02342,2024-05-13,09:50:22,dd7daa42,49,Female,PROD4561,Mandatory 24/7 monitoring,Clothing,Shoes,64.76,5,0.0,323.8,Debit Card,"New April, Connecticut",,False,False
TXN02343,2022-12-10,09:50:22,6dbd6b87,31,Male,PROD2925,Object-based scalable contingency,Grocery,Bakery,19.48,2,0.0,38.96,Cash,"North Brendaberg, Alabama",,False,True
TXN02344,2022-11-09,09:50:22,8e8611bd,31,Male,PROD6115,Enhanced bottom-line framework,Health,Medical,1.99,3,0.0,5.97,E-Wallet,"New Amberburgh, Georgia",1.1,False,False
TXN02345,2022-05-16,09:50:22,6a695fda,34,Male,PROD8520,Customizable explicit interface,Automotive,Accessories,51.94,4,0.0,207.76,Cash,"Waynechester, Vermont",2.8,True,False
TXN02346,2024-01-27,09:50:22,7205def5,28,Male,PROD2968,Realigned global Graphic Interface,Toys,Games,20.42,4,0.22,63.71,E-Wallet,"Elaineland, Ohio",,False,True
TXN02347,2024-11-01,09:50:22,05f48f6d,52,Male,PROD8876,Innovative executive standardization,Automotive,Accessories,12.74,1,0.0,12.74,Debit Card,"Lake Amandaview, Indiana",4.4,False,True
TXN02348,2024-05-12,09:50:22,209a55c6,18,Female,PROD6900,Diverse incremental matrices,Books,Non-Fiction,43.87,4,0.0,175.48,Debit Card,"Velasquezshire, Vermont",,False,False
TXN02349,2023-11-09,09:50:22,73b30f17,60,Female,PROD1531,Expanded regional secured line,Toys,Puzzles,22.16,2,0.0,44.32,Credit Card,"North Lance, Idaho",4.6,False,False
TXN02350,2022-12-01,09:50:22,9c672687,51,Female,PROD2500,Face-to-face zero tolerance archive,Grocery,Snacks,51.2,2,0.0,102.4,Cash,"South Christopherview, Wisconsin",1.8,False,False
TXN02351,2023-02-01,09:50:22,05706877,65,Male,PROD8662,Customizable maximized solution,Beauty,Fragrances,42.34,3,0.29,90.18,Debit Card,"Port Sara, Texas",1.5,False,True
TXN02352,2022-10-31,09:50:22,b7626be4,58,Male,PROD2362,Open-source upward-trending groupware,Electronics,TVs,636.71,5,0.0,3183.55,Debit Card,"Fernandezburgh, Colorado",4.2,False,False
TXN02353,2023-05-24,09:50:22,008f3d1a,54,Female,PROD3734,Synchronized dedicated knowledge user,Health,Medical,2.68,3,0.0,8.04,Bank Transfer,"North Catherinestad, Hawaii",4.2,False,True
TXN02354,2024-10-04,09:50:22,2a119ff0,39,Female,PROD3904,Synergistic attitude-oriented policy,Health,Supplements,54.24,1,0.0,54.24,E-Wallet,"East Tyler, Iowa",1.8,False,False
TXN02355,2024-11-10,09:50:22,6ba5b34c,22,Male,PROD6056,Cloned explicit archive,Automotive,Car Care,35.23,4,0.0,140.92,Bank Transfer,"South Christine, Florida",1.8,False,True
TXN02356,2025-03-20,09:50:22,50a4efd0,29,Female,PROD9050,User-friendly multi-tasking neural-net,Health,Vitamins,22.61,5,0.0,113.05,Bank Transfer,"Port Hannahton, Maryland",1.1,False,True
TXN02357,2024-08-18,09:50:22,3198ff9c,41,Male,PROD1543,Extended impactful moderator,Health,Wellness,32.87,1,0.0,32.87,E-Wallet,"North Zachary, Utah",,False,True
TXN02358,2022-12-03,09:50:22,9fa819d4,65,Male,PROD7761,Total composite access,Health,Vitamins,1.99,3,0.0,5.97,Credit Card,"Snowfort, Mississippi",,False,False
TXN02359,2022-06-28,09:50:22,aaa61986,64,Female,PROD2593,Mandatory fault-tolerant definition,Home & Kitchen,Furniture,148.61,3,0.0,445.83,Bank Transfer,"Newmanhaven, Nebraska",,False,False
TXN02360,2022-11-05,09:50:22,242bec28,39,Female,PROD4672,Organized attitude-oriented encoding,Beauty,Fragrances,9.41,5,0.26,34.82,Bank Transfer,"Lindaport, New York",,False,False
TXN02361,2024-04-29,09:50:22,41aa49a7,42,Female,PROD3973,Enhanced background software,Toys,Educational,2.95,5,0.0,14.75,E-Wallet,"Port Dominiqueside, Minnesota",,False,False
TXN02362,2022-11-12,09:50:22,9d50aeb3,37,Male,PROD3841,Diverse directional secured line,Toys,Action Figures,1.99,1,0.0,1.99,Debit Card,"Schwartzshire, Tennessee",2.8,False,False
TXN02363,2024-02-29,09:50:22,fa4d14ae,57,Female,PROD2696,Open-source 4thgeneration moratorium,Toys,Puzzles,52.25,5,0.0,261.25,Debit Card,"Jamesside, Oklahoma",4.6,False,False
TXN02364,2024-07-02,09:50:22,3dfd78bb,47,Male,PROD2942,Triple-buffered heuristic website,Sports,Team Sports,17.41,4,0.0,69.64,Debit Card,"Robertland, Iowa",4.1,False,False
TXN02365,2022-05-31,09:50:22,398e86f8,64,Female,PROD1075,Triple-buffered fault-tolerant encoding,Health,Vitamins,60.67,4,0.0,242.68,Debit Card,"Barbarachester, New Hampshire",,False,False
TXN02366,2023-12-24,09:50:22,ea6da356,66,Male,PROD1572,Re-engineered interactive portal,Automotive,Parts,19.28,4,0.0,77.12,Bank Transfer,"South Joseph, North Dakota",4.5,False,False
TXN02367,2024-08-30,09:50:22,e4853052,70,Female,PROD4482,Total asymmetric solution,Health,First Aid,1.99,2,0.0,3.98,Bank Transfer,"Ethanmouth, Wisconsin",2.5,False,False
TXN02368,2024-07-08,09:50:22,bc7b2dd4,27,Female,PROD7481,Cross-platform methodical methodology,Toys,Games,7.67,3,0.0,23.01,Credit Card,"Harpermouth, Alabama",,False,False
TXN02369,2022-10-26,09:50:22,24ac9b8f,59,Female,PROD7308,Distributed contextually-based complexity,Sports,Cycling,54.72,4,0.0,218.88,Cash,"West Andreaport, Washington",3.9,False,False
TXN02370,2023-09-15,09:50:22,e2b7a39b,34,Female,PROD1591,Virtual disintermediate workforce,Beauty,Fragrances,26.88,1,0.0,26.88,Debit Card,"New Stephanie, North Dakota",2.1,False,True
TXN02371,2025-04-07,09:50:22,57838bd7,53,Female,PROD9588,Proactive foreground customer loyalty,Electronics,TVs,390.34,2,0.0,780.68,Debit Card,"West Christopher, North Carolina",,False,False
TXN02372,2023-04-18,09:50:22,0e0023ff,35,Male,PROD8897,Multi-lateral leadingedge throughput,Grocery,Bakery,33.2,3,0.0,99.6,Credit Card,"New Teresa, Tennessee",1.9,False,False
TXN02373,2024-06-23,09:50:22,6d7f581a,29,Male,PROD5057,De-engineered actuating architecture,Automotive,Accessories,40.04,2,0.0,80.08,Cash,"North Rachelshire, Oregon",,False,False
TXN02374,2023-04-18,09:50:22,88e77bdc,31,Male,PROD5502,Business-focused scalable collaboration,Automotive,Tools,52.35,3,0.0,157.05,Credit Card,"West Donnaborough, Kansas",2.9,False,True
TXN02375,2023-02-14,09:50:22,a5074b80,24,Male,PROD3312,Reduced user-facing database,Toys,Dolls,58.97,2,0.0,117.94,Cash,"Lake Tracy, Georgia",4.4,False,False
TXN02376,2023-11-07,09:50:22,645ffa9a,47,Female,PROD7996,Open-source analyzing success,Automotive,Car Care,22.8,5,0.0,114.0,Debit Card,"Hernandeztown, South Dakota",4.6,False,False
TXN02377,2024-01-12,09:50:22,0d0825aa,70,Female,PROD5332,Face-to-face scalable time-frame,Toys,Educational,3.48,1,0.0,3.48,Debit Card,"Campbellside, Michigan",,False,False
TXN02378,2023-11-06,09:50:22,10ebefbf,19,Male,PROD9015,Progressive fault-tolerant framework,Electronics,Cameras,417.31,3,0.0,1251.93,Credit Card,"Cherryberg, Hawaii",,False,False
TXN02379,2025-02-08,09:50:22,3757b099,55,Female,PROD8795,Fully-configurable analyzing challenge,Automotive,Tools,35.21,5,0.0,176.05,E-Wallet,"Alexanderfort, Texas",2.2,False,False
TXN02380,2023-02-28,09:50:22,76239df6,34,Male,PROD6266,Open-source intangible open architecture,Automotive,Accessories,10.72,2,0.0,21.44,Credit Card,"Port Lisaberg, Wyoming",2.7,False,False
TXN02381,2022-09-12,09:50:22,75495639,60,Male,PROD7715,Reduced dedicated alliance,Beauty,Fragrances,10.86,5,0.0,54.3,Cash,"East Billyberg, Ohio",1.1,True,False
TXN02382,2023-04-13,09:50:22,ce2c2479,48,Male,PROD9876,Inverse impactful success,Electronics,Headphones,568.76,5,0.0,2843.8,E-Wallet,"Wongbury, Maryland",,False,True
TXN02383,2024-10-12,09:50:22,1b91e89f,54,Male,PROD3086,Intuitive 6thgeneration productivity,Home & Kitchen,Bedding,116.59,2,0.0,233.18,E-Wallet,"Lake Ginafurt, Florida",,False,False
TXN02384,2023-11-22,09:50:22,06068897,62,Male,PROD5070,Function-based coherent concept,Sports,Cycling,30.66,5,0.0,153.3,Cash,"Jacksonberg, Washington",,False,False
TXN02385,2024-09-14,09:50:22,e910b6d3,49,Male,PROD1735,Customizable zero tolerance encryption,Books,Fiction,14.83,3,0.0,44.49,Bank Transfer,"Martinfurt, Arkansas",,False,False
TXN02386,2024-01-09,09:50:22,d9c6006a,47,Male,PROD9812,Open-architected grid-enabled projection,Sports,Fitness,25.39,1,0.0,25.39,Cash,"West Jennifer, Alaska",,False,False
TXN02387,2025-01-21,09:50:22,3d961242,47,Male,PROD8091,Multi-tiered incremental methodology,Automotive,Parts,11.52,5,0.0,57.6,Credit Card,"Jamesside, Michigan",1.9,False,False
TXN02388,2022-10-10,09:50:22,6c08d51b,50,Male,PROD1162,Vision-oriented empowering monitoring,Beauty,Skincare,47.8,3,0.0,143.4,Bank Transfer,"Jennifermouth, Washington",,False,False
TXN02389,2024-05-14,09:50:22,f493d728,33,Male,PROD8012,Persistent background budgetary management,Automotive,Electronics,50.7,2,0.0,101.4,E-Wallet,"Bakerside, West Virginia",4.2,False,False
TXN02390,2023-10-03,09:50:22,e4eec422,65,Male,PROD1392,Synergized heuristic standardization,Health,Wellness,1.99,3,0.0,5.97,Cash,"Riveraburgh, Tennessee",4.6,False,True
TXN02391,2023-09-23,09:50:22,1c0cfb35,25,Female,PROD3604,Diverse client-driven extranet,Electronics,Headphones,314.1,3,0.0,942.3,Cash,"Brownland, North Carolina",,False,False
TXN02392,2025-02-14,09:50:22,7911f650,32,Male,PROD3705,Pre-emptive 3rdgeneration process improvement,Electronics,Laptops,200.69,5,0.0,1003.45,Bank Transfer,"New Lisastad, Delaware",,False,False
TXN02393,2023-06-10,09:50:22,3d2de64b,69,Female,PROD5508,Object-based stable model,Toys,Games,17.0,3,0.0,51.0,Debit Card,"Johnsonburgh, Nevada",,False,False
TXN02394,2024-11-28,09:50:22,51263377,31,Male,PROD6347,Exclusive web-enabled contingency,Home & Kitchen,Decor,114.16,2,0.0,228.32,Credit Card,"Desireeshire, North Carolina",1.5,True,True
TXN02395,2022-12-11,09:50:22,5606c109,69,Male,PROD5930,Re-engineered well-modulated contingency,Grocery,Snacks,1.99,5,0.06,9.35,E-Wallet,"Jeffreystad, Massachusetts",,False,True
TXN02396,2023-02-07,09:50:22,ec11ab69,37,Female,PROD8344,Multi-layered bi-directional installation,Electronics,Cameras,315.63,2,0.0,631.26,Credit Card,"West Josephborough, Oklahoma",4.6,False,False
TXN02397,2024-01-19,09:50:22,204d0c14,35,Female,PROD6364,Reverse-engineered radical process improvement,Books,Educational,9.92,5,0.0,49.6,Debit Card,"South Anthonyview, Georgia",,False,False
TXN02398,2022-05-19,09:50:22,f1bec240,45,Female,PROD3154,User-centric web-enabled interface,Sports,Fitness,34.15,5,0.09,155.38,Debit Card,"North Markborough, Wisconsin",,False,False
TXN02399,2024-07-24,09:50:22,701942f0,39,Female,PROD1672,Synergistic discrete toolset,Clothing,Accessories,52.08,3,0.14,134.37,E-Wallet,"West Jacobhaven, Mississippi",,False,False
TXN02400,2024-03-16,09:50:22,9d8b55dd,34,Female,PROD7351,Function-based grid-enabled structure,Clothing,Accessories,28.35,4,0.0,113.4,Bank Transfer,"Port Noah, Missouri",2.3,False,False
TXN02401,2024-06-22,09:50:22,9e1d4aef,65,Male,PROD9362,Upgradable multimedia algorithm,Electronics,TVs,535.36,5,0.0,2676.8,Bank Transfer,"Chantown, Arkansas",4.0,False,False
TXN02402,2024-03-10,09:50:22,35cf13ca,56,Female,PROD6679,Profit-focused systematic moratorium,Beauty,Fragrances,19.07,3,0.28,41.19,Credit Card,"Duanemouth, Idaho",2.8,False,False
TXN02403,2024-10-23,09:50:22,09f8a2d8,60,Male,PROD8317,Automated background Local Area Network,Grocery,Canned Goods,24.57,3,0.0,73.71,Credit Card,"Amandaborough, Washington",,False,False
TXN02404,2024-03-21,09:50:22,05be9d2b,41,Female,PROD2924,Managed empowering model,Books,Educational,63.47,4,0.0,253.88,Cash,"West Sherri, Tennessee",,False,False
TXN02405,2024-10-03,09:50:22,2bc1b7f1,57,Male,PROD1278,Face-to-face zero tolerance paradigm,Home & Kitchen,Cookware,213.83,5,0.0,1069.15,Debit Card,"Frenchmouth, Pennsylvania",2.9,False,False
TXN02406,2023-02-08,09:50:22,d7ef50c5,47,Female,PROD2728,Self-enabling full-range encryption,Sports,Team Sports,4.01,5,0.0,20.05,Bank Transfer,"West Tom, Vermont",4.3,False,True
TXN02407,2024-01-11,09:50:22,18a8f234,41,Male,PROD6628,Intuitive executive knowledgebase,Health,Medical,46.59,4,0.0,186.36,E-Wallet,"Port James, Hawaii",1.5,False,False
TXN02408,2024-02-21,09:50:22,01e7cf73,68,Male,PROD3507,Future-proofed non-volatile budgetary management,Books,Educational,46.23,4,0.0,184.92,Credit Card,"South Christine, Vermont",,False,False
TXN02409,2023-06-21,09:50:22,2c9096bd,62,Male,PROD5526,Synchronized tangible budgetary management,Toys,Games,7.03,2,0.0,14.06,Cash,"South James, Idaho",,False,False
TXN02410,2025-01-11,09:50:22,5b511d96,68,Female,PROD6786,Open-architected bottom-line neural-net,Electronics,Smartphones,663.76,3,0.0,1991.28,Cash,"Murraymouth, Illinois",,False,False
TXN02411,2024-02-08,09:50:22,a6e06002,31,Female,PROD8924,Focused user-facing orchestration,Sports,Yoga,60.76,2,0.0,121.52,E-Wallet,"North David, Delaware",,False,False
TXN02412,2023-05-04,09:50:22,ef37ba70,37,Male,PROD1491,Horizontal maximized function,Toys,Educational,7.55,5,0.26,27.93,Bank Transfer,"South Sarah, Mississippi",,False,False
TXN02413,2024-07-29,09:50:22,42359812,67,Male,PROD2531,Upgradable mission-critical hierarchy,Electronics,TVs,316.5,2,0.07,588.69,Cash,"West Christopherton, Texas",3.7,False,False
TXN02414,2024-02-18,09:50:22,1b075c34,22,Female,PROD1590,Extended client-server array,Health,Supplements,50.35,2,0.0,100.7,E-Wallet,"South Julieland, New York",,False,False
TXN02415,2023-12-23,09:50:22,7bab20ea,41,Female,PROD4226,Advanced system-worthy contingency,Automotive,Electronics,35.43,5,0.0,177.15,Credit Card,"Robertafurt, Colorado",,False,True
TXN02416,2025-02-04,09:50:22,37f1748b,61,Male,PROD4557,User-centric multimedia Graphical User Interface,Sports,Outdoor,41.03,2,0.15,69.75,Credit Card,"East Meganburgh, Connecticut",,False,False
TXN02417,2023-09-14,09:50:22,ee481e3c,51,Male,PROD2028,Distributed multi-state open system,Books,Cookbooks,36.81,1,0.05,34.97,Debit Card,"Matthewville, Tennessee",3.2,False,False
TXN02418,2024-03-03,09:50:22,f3c0e129,67,Female,PROD8082,Function-based optimal leverage,Automotive,Parts,37.81,3,0.0,113.43,E-Wallet,"North Lisa, New Hampshire",3.1,False,False
TXN02419,2024-06-14,09:50:22,f8a0589f,29,Female,PROD4053,Digitized next generation functionalities,Beauty,Makeup,3.47,1,0.0,3.47,Cash,"Nicholastown, Indiana",,False,False
TXN02420,2023-12-01,09:50:22,37bd84e7,34,Female,PROD4180,Adaptive methodical standardization,Beauty,Fragrances,50.95,3,0.25,114.64,Cash,"North Marc, Vermont",,False,False
TXN02421,2024-07-18,09:50:22,2b48397f,51,Male,PROD8772,Fully-configurable needs-based middleware,Books,Cookbooks,53.39,4,0.0,213.56,E-Wallet,"Danielchester, New York",3.4,False,False
TXN02422,2024-05-22,09:50:22,dddc96e1,34,Female,PROD4559,Digitized asynchronous archive,Beauty,Tools,25.41,5,0.15,107.99,E-Wallet,"Port Lindaburgh, Maine",3.7,False,False
TXN02423,2022-12-25,09:50:22,8132258b,37,Male,PROD4211,Multi-channeled attitude-oriented interface,Sports,Outdoor,29.13,1,0.0,29.13,Cash,"Owenschester, North Dakota",4.2,False,True
TXN02424,2023-06-19,09:50:22,dafa398d,35,Female,PROD7397,Organized contextually-based productivity,Home & Kitchen,Decor,12.82,5,0.0,64.1,Bank Transfer,"Lake Joseph, Kentucky",4.8,False,False
TXN02425,2023-05-09,09:50:22,0e89d64c,54,Male,PROD4981,Multi-layered even-keeled access,Automotive,Tools,40.29,1,0.0,40.29,Bank Transfer,"East Heatherfort, Illinois",,False,False
TXN02426,2022-06-30,09:50:22,87ac89aa,32,Female,PROD4404,Multi-lateral regional emulation,Home & Kitchen,Cookware,160.04,4,0.0,640.16,Debit Card,"North Perryport, South Dakota",,False,False
TXN02427,2024-12-06,09:50:22,1fc4fc7a,49,Female,PROD9533,Diverse fault-tolerant throughput,Beauty,Skincare,28.76,4,0.0,115.04,Credit Card,"North Misty, Arizona",1.8,False,False
TXN02428,2023-07-09,09:50:22,094617bf,61,Female,PROD7543,Exclusive stable model,Grocery,Snacks,52.49,3,0.0,157.47,Cash,"West Williamville, Idaho",3.3,False,False
TXN02429,2024-10-19,09:50:22,7a6be04e,39,Male,PROD3158,Synergized zero tolerance budgetary management,Sports,Yoga,23.32,5,0.0,116.6,Credit Card,"North Lisa, Arkansas",1.2,False,False
TXN02430,2023-12-23,09:50:22,a3c4985a,32,Male,PROD8649,Public-key object-oriented time-frame,Books,Educational,41.29,3,0.0,123.87,Bank Transfer,"West Allisonstad, Georgia",2.1,True,False
TXN02431,2022-09-24,09:50:22,643338f7,36,Male,PROD2438,Upgradable attitude-oriented productivity,Beauty,Fragrances,9.61,3,0.11,25.66,Cash,"Lake Kelly, Washington",,False,False
TXN02432,2024-08-20,09:50:22,81a0a32e,38,Male,PROD2518,User-friendly context-sensitive secured line,Books,Children,29.53,4,0.0,118.12,Cash,"Lewismouth, Minnesota",,False,False
TXN02433,2025-02-21,09:50:22,2ced7867,53,Female,PROD1813,Implemented demand-driven Graphic Interface,Electronics,TVs,465.13,4,0.0,1860.52,Credit Card,"Stephaniemouth, Kansas",1.9,False,False
TXN02434,2023-02-15,09:50:22,e1a5f0b0,45,Female,PROD4355,Multi-channeled multi-tasking framework,Grocery,Beverages,34.51,2,0.0,69.02,Bank Transfer,"South Mary, Arkansas",4.5,False,False
TXN02435,2024-01-16,09:50:22,3ada8a37,65,Male,PROD9045,Stand-alone multimedia interface,Health,Vitamins,22.61,3,0.1,61.05,Credit Card,"Jacobsport, Maryland",,True,False
TXN02436,2023-09-13,09:50:22,9463c9a0,55,Female,PROD6928,Devolved encompassing methodology,Home & Kitchen,Bedding,110.8,1,0.0,110.8,Cash,"Scottville, Colorado",2.8,False,True
TXN02437,2023-10-05,09:50:22,ad12369f,24,Male,PROD5750,Visionary demand-driven moratorium,Home & Kitchen,Decor,177.82,1,0.0,177.82,Cash,"Leeberg, Arkansas",3.5,False,False
TXN02438,2023-03-17,09:50:22,ed2baf57,64,Female,PROD3023,Open-source multi-tasking utilization,Automotive,Accessories,21.26,1,0.0,21.26,Credit Card,"Greenside, Texas",3.5,False,False
TXN02439,2024-09-18,09:50:22,d12f1387,36,Female,PROD4295,Profit-focused dedicated encryption,Electronics,Cameras,178.68,2,0.0,357.36,Debit Card,"West Emilymouth, Alaska",1.4,False,True
TXN02440,2024-06-16,09:50:22,532ffa36,33,Male,PROD3942,Implemented intermediate methodology,Books,Non-Fiction,64.99,2,0.11,115.68,Bank Transfer,"Grantberg, Maine",1.5,False,False
TXN02441,2022-10-04,09:50:22,99b40fbd,40,Female,PROD9358,Virtual grid-enabled Graphical User Interface,Toys,Action Figures,57.63,2,0.0,115.26,E-Wallet,"East Dwayne, Nebraska",1.3,True,False
TXN02442,2024-11-10,09:50:22,a138ed35,21,Male,PROD7638,Monitored clear-thinking complexity,Beauty,Fragrances,4.15,3,0.0,12.45,Debit Card,"Jacquelineborough, Virginia",,False,False
TXN02443,2025-01-11,09:50:22,ac35449f,65,Female,PROD8986,Right-sized systemic forecast,Electronics,Laptops,637.94,4,0.0,2551.76,Credit Card,"Richardmouth, Arkansas",1.0,True,False
TXN02444,2024-08-03,09:50:22,99c4c848,42,Female,PROD4319,Versatile holistic adapter,Sports,Yoga,19.94,1,0.0,19.94,Debit Card,"Port Johnview, Texas",,False,False
TXN02445,2025-05-04,09:50:22,c3bbd496,35,Female,PROD6237,Multi-lateral intangible frame,Sports,Outdoor,35.27,5,0.0,176.35,Debit Card,"New Adamville, South Carolina",1.1,False,False
TXN02446,2025-03-08,09:50:22,35e5a5ce,27,Male,PROD9650,Diverse even-keeled infrastructure,Toys,Games,35.88,4,0.0,143.52,E-Wallet,"Singhbury, Ohio",,False,True
TXN02447,2024-09-08,09:50:22,7777108c,65,Male,PROD1402,Customer-focused 5thgeneration knowledge user,Home & Kitchen,Decor,103.59,3,0.0,310.77,Bank Transfer,"Fordtown, Montana",4.1,False,True
TXN02448,2022-07-20,09:50:22,3b9d8b7c,24,Male,PROD4626,Stand-alone 5thgeneration Graphic Interface,Clothing,Men,26.49,3,0.0,79.47,Bank Transfer,"West Michaelville, Montana",3.0,False,False
TXN02449,2024-05-11,09:50:22,8a135eca,38,Female,PROD7034,Inverse intermediate hub,Sports,Outdoor,16.19,2,0.0,32.38,Debit Card,"Ericmouth, California",,False,True
TXN02450,2022-10-27,09:50:22,4839582d,32,Female,PROD8355,Digitized neutral hub,Electronics,Smartphones,316.76,5,0.0,1583.8,Cash,"North Douglas, Kansas",1.5,True,False
TXN02451,2022-12-15,09:50:22,f0e3cc67,70,Male,PROD6587,Horizontal real-time hierarchy,Clothing,Shoes,25.05,1,0.0,25.05,Cash,"East Joshuashire, New Mexico",,False,False
TXN02452,2023-09-26,09:50:22,a802ec8c,46,Female,PROD7237,Assimilated full-range ability,Home & Kitchen,Bedding,115.3,2,0.0,230.6,Bank Transfer,"Jenniferton, New Hampshire",,False,False
TXN02453,2024-05-02,09:50:22,fab4b193,62,Male,PROD1500,Persistent human-resource groupware,Health,First Aid,15.68,3,0.2,37.63,E-Wallet,"Marisaburgh, Kentucky",,False,True
TXN02454,2023-04-11,09:50:22,d5667f9c,56,Male,PROD5052,Function-based non-volatile knowledge user,Electronics,TVs,636.41,3,0.0,1909.23,Bank Transfer,"Rebeccabury, New Mexico",1.3,False,True
TXN02455,2022-08-04,09:50:22,10cc0231,64,Female,PROD1707,Upgradable user-facing time-frame,Health,Supplements,59.74,4,0.0,238.96,E-Wallet,"Gabrielleland, North Dakota",1.1,False,False
TXN02456,2024-08-01,09:50:22,717240ec,47,Male,PROD9150,Enhanced zero administration conglomeration,Beauty,Haircare,18.4,2,0.0,36.8,Cash,"East Luke, West Virginia",3.3,False,False
TXN02457,2024-03-15,09:50:22,e5517fe9,52,Female,PROD7969,Progressive transitional pricing structure,Sports,Fitness,34.79,5,0.0,173.95,Debit Card,"Port Katie, New Hampshire",4.5,False,False
TXN02458,2024-10-03,09:50:22,7831378a,58,Female,PROD2062,Robust homogeneous help-desk,Home & Kitchen,Decor,154.98,1,0.0,154.98,Debit Card,"East Rebecca, Washington",,False,False
TXN02459,2022-12-08,09:50:22,7cbb7803,55,Male,PROD5560,Fully-configurable global encoding,Electronics,Smartphones,594.4,1,0.0,594.4,Debit Card,"Lopezborough, Washington",,False,True
TXN02460,2022-05-27,09:50:22,10925b1a,60,Male,PROD9640,Switchable reciprocal knowledgebase,Automotive,Tools,31.52,4,0.27,92.04,Debit Card,"Port Jared, Virginia",3.0,True,False
TXN02461,2022-11-23,09:50:22,20ece1c0,35,Female,PROD3197,Synchronized responsive ability,Automotive,Car Care,44.85,4,0.0,179.4,E-Wallet,"Maldonadoberg, Missouri",,False,False
TXN02462,2023-10-17,09:50:22,2d8077e4,45,Male,PROD9042,Front-line regional Internet solution,Clothing,Men,64.47,5,0.0,322.35,Bank Transfer,"Rhodesland, Connecticut",4.6,False,False
TXN02463,2023-08-03,09:50:22,862902d7,27,Male,PROD6801,Self-enabling encompassing alliance,Health,Medical,5.25,4,0.0,21.0,Bank Transfer,"Port Luisbury, Alabama",,False,False
TXN02464,2025-03-16,09:50:22,f521aba8,69,Female,PROD9694,Polarized multimedia Graphical User Interface,Clothing,Women,76.07,3,0.0,228.21,Bank Transfer,"Rebeccahaven, Missouri",4.7,False,False
TXN02465,2025-04-02,09:50:22,137346d5,69,Female,PROD8747,Ameliorated explicit strategy,Sports,Fitness,47.75,1,0.0,47.75,Credit Card,"New Angelaside, Michigan",2.7,False,False
TXN02466,2023-08-01,09:50:22,036d511c,36,Female,PROD8391,Progressive demand-driven interface,Automotive,Accessories,14.73,1,0.0,14.73,E-Wallet,"New Frank, Iowa",2.0,False,False
TXN02467,2024-11-03,09:50:22,37f7f0b8,41,Female,PROD8695,Distributed user-facing artificial intelligence,Health,Wellness,30.76,3,0.0,92.28,Cash,"Lake Jenniferfort, South Dakota",,False,True
TXN02468,2024-06-10,09:50:22,8db6a62b,45,Male,PROD3436,User-friendly bifurcated software,Home & Kitchen,Furniture,167.83,1,0.0,167.83,Credit Card,"Bryanmouth, Wyoming",3.8,False,False
TXN02469,2024-07-15,09:50:22,92957542,41,Male,PROD1615,Enhanced non-volatile utilization,Health,Vitamins,25.81,5,0.0,129.05,Bank Transfer,"New Stephenberg, New York",,False,True
TXN02470,2024-12-09,09:50:22,9c743a03,50,Female,PROD7126,Digitized high-level approach,Automotive,Car Care,51.46,5,0.0,257.3,Cash,"Beckmouth, Wisconsin",,False,False
TXN02471,2025-02-23,09:50:22,b957e43a,67,Female,PROD5154,Function-based responsive pricing structure,Sports,Outdoor,77.28,4,0.0,309.12,Credit Card,"Port Leslie, Vermont",1.5,False,True
TXN02472,2023-03-10,09:50:22,87bcb917,25,Female,PROD4780,Function-based attitude-oriented intranet,Home & Kitchen,Bedding,64.98,2,0.0,129.96,Bank Transfer,"Knightmouth, Ohio",1.8,False,True
TXN02473,2024-04-11,09:50:22,71aaf9cb,39,Male,PROD5002,Optional leadingedge toolset,Home & Kitchen,Appliances,23.33,5,0.0,116.65,E-Wallet,"Lake Ronaldside, Tennessee",3.6,False,True
TXN02474,2022-06-25,09:50:22,0c088a20,64,Female,PROD2292,Streamlined needs-based open architecture,Books,Children,36.08,1,0.0,36.08,E-Wallet,"West Andrewstad, Nevada",3.8,False,True
TXN02475,2025-01-18,09:50:22,108f3e5d,50,Male,PROD2125,Compatible discrete capability,Home & Kitchen,Cookware,170.51,2,0.0,341.02,Cash,"Lawrencechester, West Virginia",,False,False
TXN02476,2022-12-06,09:50:22,35b3649b,50,Male,PROD4081,Up-sized exuding infrastructure,Electronics,Cameras,453.83,2,0.0,907.66,E-Wallet,"Erictown, North Dakota",1.6,False,False
TXN02477,2024-01-01,09:50:22,0cfae8f3,30,Male,PROD2645,Customer-focused disintermediate solution,Sports,Yoga,59.07,3,0.0,177.21,Debit Card,"Reneeside, Missouri",4.5,False,False
TXN02478,2024-09-03,09:50:22,0edf3b92,32,Female,PROD5358,Devolved executive matrix,Books,Fiction,3.23,5,0.0,16.15,Cash,"South Brandon, Kentucky",1.1,False,True
TXN02479,2022-10-28,09:50:22,4958a2bc,40,Female,PROD3461,Focused intangible success,Clothing,Men,70.79,3,0.17,176.27,Bank Transfer,"Scottbury, Alabama",,False,False
TXN02480,2022-12-29,09:50:22,dbf63261,31,Male,PROD5020,Reverse-engineered modular hierarchy,Clothing,Accessories,31.82,1,0.0,31.82,Bank Transfer,"Donaldview, Indiana",,False,False
TXN02481,2023-02-20,09:50:22,96784d5b,24,Male,PROD6323,Innovative non-volatile algorithm,Sports,Outdoor,64.39,5,0.0,321.95,Bank Transfer,"South Danielle, Missouri",,False,True
TXN02482,2024-04-18,09:50:22,5244b7d9,36,Male,PROD7297,Grass-roots context-sensitive firmware,Grocery,Canned Goods,69.85,4,0.0,279.4,Credit Card,"West Mary, West Virginia",3.6,False,False
TXN02483,2024-02-03,09:50:22,9a3797b1,25,Male,PROD6598,Synergistic content-based help-desk,Sports,Team Sports,14.67,3,0.0,44.01,Debit Card,"West Tami, Montana",,False,False
TXN02484,2024-04-07,09:50:22,420e62ce,23,Female,PROD5032,Reactive secondary secured line,Health,Supplements,19.01,2,0.0,38.02,Bank Transfer,"North Brittney, Alabama",2.1,False,True
TXN02485,2024-11-23,09:50:22,d0b02b1a,48,Male,PROD1829,Switchable tertiary pricing structure,Toys,Educational,47.19,1,0.0,47.19,Bank Transfer,"New Michael, Alaska",4.7,False,False
TXN02486,2023-07-03,09:50:22,de911d5d,24,Female,PROD4111,Visionary even-keeled functionalities,Grocery,Bakery,22.26,5,0.0,111.3,Credit Card,"East Barbara, Arizona",1.2,False,True
TXN02487,2025-04-07,09:50:22,c7fd1d35,49,Female,PROD7543,Ameliorated tangible approach,Clothing,Women,48.64,1,0.0,48.64,Debit Card,"Barbarahaven, Oklahoma",,False,False
TXN02488,2025-01-19,09:50:22,1fa3bc9f,35,Male,PROD4141,Fundamental eco-centric algorithm,Health,Medical,30.51,4,0.0,122.04,Credit Card,"Ericabury, Nebraska",3.1,False,True
TXN02489,2024-04-18,09:50:22,6b0abb7b,39,Female,PROD6234,Persevering methodical policy,Toys,Games,1.99,1,0.14,1.71,Bank Transfer,"South Natalie, Virginia",,False,False
TXN02490,2025-01-05,09:50:22,d8f6a84e,63,Female,PROD3911,Devolved global superstructure,Health,Vitamins,29.72,3,0.0,89.16,Bank Transfer,"Elizabethhaven, Nebraska",,False,False
TXN02491,2022-11-21,09:50:22,c9882e1b,59,Female,PROD3621,Enhanced fresh-thinking migration,Home & Kitchen,Appliances,71.72,1,0.0,71.72,Credit Card,"East Jonathan, Maine",,False,False
TXN02492,2024-10-19,09:50:22,2c19ed1f,31,Female,PROD7500,Streamlined maximized structure,Beauty,Tools,20.14,1,0.0,20.14,Cash,"Port Autumn, New York",,False,False
TXN02493,2024-11-17,09:50:22,7b83e943,25,Male,PROD1500,Secured composite concept,Health,Vitamins,58.87,3,0.0,176.61,E-Wallet,"Davidchester, Colorado",,False,False
TXN02494,2024-02-18,09:50:22,76756df9,45,Female,PROD7606,Assimilated multimedia policy,Electronics,Laptops,248.7,1,0.0,248.7,Bank Transfer,"Timothyport, Illinois",3.6,False,True
TXN02495,2022-09-20,09:50:22,13ad3cb9,47,Female,PROD2667,Optimized value-added project,Clothing,Accessories,74.4,2,0.0,148.8,Bank Transfer,"Youngborough, Illinois",1.5,False,False
TXN02496,2024-01-10,09:50:22,0077b183,64,Male,PROD1416,Persevering interactive knowledgebase,Beauty,Tools,24.42,1,0.0,24.42,Cash,"Lake James, West Virginia",,False,True
TXN02497,2022-08-05,09:50:22,b7a7aa67,52,Male,PROD4863,User-centric solution-oriented Graphical User Interface,Electronics,Cameras,444.05,3,0.0,1332.15,Debit Card,"Port Franklin, Arkansas",1.4,False,False
TXN02498,2022-12-27,09:50:22,27bf9253,48,Male,PROD4976,Automated radical forecast,Electronics,Laptops,658.07,2,0.0,1316.14,Cash,"Mccannfort, Pennsylvania",2.6,False,True
TXN02499,2022-06-21,09:50:22,56496355,46,Male,PROD8343,Visionary encompassing adapter,Home & Kitchen,Cookware,143.8,2,0.0,287.6,Cash,"Michaelburgh, Kansas",1.6,False,True
TXN02500,2024-04-07,09:50:22,d785616e,58,Female,PROD7473,Centralized 5thgeneration Local Area Network,Home & Kitchen,Bedding,159.94,2,0.0,319.88,Bank Transfer,"South Tracy, Connecticut",4.0,False,False
TXN02501,2022-12-15,09:50:22,3cc272cf,29,Female,PROD1848,Progressive national emulation,Automotive,Car Care,49.36,4,0.0,197.44,Credit Card,"Rossland, Kentucky",1.2,True,False
TXN02502,2023-04-07,09:50:22,ae895fb7,27,Female,PROD8568,Reverse-engineered full-range circuit,Electronics,TVs,433.74,1,0.22,338.32,Bank Transfer,"Lake Patriciafort, Alaska",3.9,False,True
TXN02503,2023-09-17,09:50:22,5b490cf2,55,Male,PROD8952,Re-contextualized grid-enabled pricing structure,Beauty,Makeup,17.76,4,0.0,71.04,Credit Card,"South Jefferyhaven, Arizona",,False,False
TXN02504,2025-03-27,09:50:22,af39d500,69,Male,PROD9376,Assimilated systematic service-desk,Grocery,Bakery,8.3,5,0.0,41.5,Debit Card,"Johnfurt, Vermont",,False,False
TXN02505,2023-04-28,09:50:22,64ca19b8,65,Male,PROD5492,Focused uniform protocol,Grocery,Beverages,13.49,4,0.0,53.96,E-Wallet,"South Scottshire, Delaware",3.1,False,False
TXN02506,2023-03-29,09:50:22,ed2dc976,70,Male,PROD7985,Switchable human-resource framework,Sports,Yoga,88.98,2,0.2,142.37,Cash,"Ashleybury, Alaska",,False,False
TXN02507,2024-03-13,09:50:22,f44c7632,18,Female,PROD1054,Customizable web-enabled software,Clothing,Women,87.34,3,0.0,262.02,E-Wallet,"Coleland, West Virginia",3.9,False,False
TXN02508,2024-09-25,09:50:22,ef5dc773,30,Female,PROD8472,Cross-group uniform emulation,Automotive,Electronics,2.98,3,0.0,8.94,Bank Transfer,"New Donnafurt, Indiana",3.4,False,False
TXN02509,2024-12-07,09:50:22,46f6b3a2,22,Female,PROD5578,Advanced coherent throughput,Toys,Dolls,3.55,1,0.0,3.55,Credit Card,"Port Kathleen, Virginia",4.2,False,True
TXN02510,2023-08-23,09:50:22,483b64ed,63,Male,PROD6364,Customer-focused global strategy,Home & Kitchen,Appliances,153.73,3,0.0,461.19,Cash,"West Carol, North Dakota",,False,False
TXN02511,2024-08-12,09:50:22,f7593e6d,19,Female,PROD9157,Pre-emptive interactive application,Clothing,Accessories,66.42,4,0.0,265.68,Cash,"North Erika, Alabama",,False,True
TXN02512,2023-05-18,09:50:22,6bab6c91,39,Male,PROD5125,Face-to-face methodical firmware,Grocery,Dairy,40.98,2,0.0,81.96,Cash,"West Danny, Tennessee",,False,True
TXN02513,2023-05-22,09:50:22,a51853a8,50,Female,PROD1647,Implemented 3rdgeneration extranet,Home & Kitchen,Appliances,102.15,2,0.0,204.3,E-Wallet,"Emilychester, Arkansas",4.5,False,True
TXN02514,2024-10-07,09:50:22,90f2068c,40,Female,PROD8260,Reduced actuating utilization,Home & Kitchen,Appliances,111.22,5,0.18,456.0,E-Wallet,"East Paulafurt, Maryland",,False,False
TXN02515,2024-07-24,09:50:22,e350d22a,33,Female,PROD4562,User-centric grid-enabled attitude,Sports,Outdoor,36.56,1,0.09,33.27,Cash,"North Timothyshire, Arizona",4.8,False,False
TXN02516,2022-07-04,09:50:22,bb9a2637,33,Male,PROD8077,Optional homogeneous orchestration,Grocery,Beverages,31.72,1,0.0,31.72,Bank Transfer,"Palmerfort, Arizona",,False,False
TXN02517,2023-06-14,09:50:22,89f33ced,33,Female,PROD5879,Streamlined encompassing superstructure,Health,Medical,1.99,1,0.25,1.49,Bank Transfer,"Ericburgh, Colorado",,False,False
TXN02518,2024-11-11,09:50:22,73e95d85,19,Male,PROD8335,Team-oriented analyzing system engine,Clothing,Men,43.11,1,0.18,35.35,Cash,"New Jeremiahport, Mississippi",1.3,True,False
TXN02519,2024-10-01,09:50:22,f38b125f,29,Male,PROD5612,User-friendly needs-based forecast,Toys,Action Figures,12.97,4,0.0,51.88,E-Wallet,"Sethport, Alaska",,False,False
TXN02520,2024-07-10,09:50:22,174c06b6,60,Female,PROD5191,Synergized well-modulated Graphical User Interface,Electronics,Laptops,535.04,2,0.0,1070.08,Cash,"Jacobfurt, Arkansas",1.8,False,True
TXN02521,2022-05-15,09:50:22,e0151f74,43,Male,PROD2075,Operative zero administration help-desk,Beauty,Makeup,89.71,1,0.14,77.15,Credit Card,"Stevensland, Indiana",4.2,True,True
TXN02522,2023-07-19,09:50:22,c6632e25,54,Female,PROD3181,Configurable background database,Grocery,Snacks,37.35,2,0.0,74.7,Cash,"Lake Scott, Minnesota",4.8,True,False
TXN02523,2023-07-01,09:50:22,310b521f,26,Male,PROD9013,Visionary 5thgeneration utilization,Home & Kitchen,Appliances,98.05,2,0.0,196.1,Cash,"Pearsonborough, Louisiana",2.7,False,False
TXN02524,2023-11-27,09:50:22,04ae442e,49,Female,PROD8800,Programmable foreground functionalities,Automotive,Electronics,48.44,5,0.0,242.2,Bank Transfer,"Lisabury, Louisiana",3.0,False,False
TXN02525,2022-09-11,09:50:22,436497e5,56,Male,PROD9733,Quality-focused incremental Graphic Interface,Clothing,Women,64.48,5,0.0,322.4,Credit Card,"Lake Benjamin, South Carolina",,False,True
TXN02526,2022-11-30,09:50:22,584a49c9,41,Male,PROD5143,Virtual optimizing firmware,Books,Non-Fiction,38.4,1,0.0,38.4,E-Wallet,"New Christinamouth, New York",1.9,False,False
TXN02527,2023-05-23,09:50:22,d5e3f25b,35,Male,PROD9823,Customizable asymmetric solution,Toys,Puzzles,42.14,1,0.0,42.14,E-Wallet,"New Daleport, Vermont",,False,False
TXN02528,2024-05-24,09:50:22,43277ba5,40,Female,PROD6226,Advanced demand-driven moratorium,Books,Cookbooks,71.13,4,0.0,284.52,Credit Card,"Ruizside, Minnesota",,False,False
TXN02529,2024-03-03,09:50:22,845cb998,20,Female,PROD5569,Right-sized coherent system engine,Health,Vitamins,7.38,5,0.0,36.9,Debit Card,"Port Jonathan, Georgia",,False,False
TXN02530,2023-06-13,09:50:22,a6659429,44,Male,PROD9463,Fully-configurable client-server solution,Grocery,Bakery,39.47,2,0.0,78.94,Bank Transfer,"Seantown, Pennsylvania",,False,False
TXN02531,2024-11-28,09:50:22,b6145bc2,67,Female,PROD4231,Open-source uniform encryption,Books,Fiction,11.47,2,0.0,22.94,E-Wallet,"Smithfurt, Montana",,False,False
TXN02532,2022-12-25,09:50:22,ddd2632a,61,Female,PROD5374,Virtual dynamic software,Home & Kitchen,Furniture,158.89,3,0.0,476.67,Cash,"Doughertychester, Vermont",,False,False
TXN02533,2023-10-25,09:50:22,0bb1b55c,59,Male,PROD2734,Advanced modular array,Electronics,Headphones,316.26,5,0.0,1581.3,E-Wallet,"Fowlerhaven, Arkansas",,False,True
TXN02534,2025-02-01,09:50:22,18816121,67,Female,PROD9101,Universal multimedia application,Electronics,Headphones,416.53,2,0.0,833.06,Credit Card,"South Roger, Colorado",,False,True
TXN02535,2025-04-20,09:50:22,03e433a2,52,Male,PROD5579,Programmable user-facing policy,Clothing,Women,41.15,3,0.0,123.45,E-Wallet,"Lake Henry, South Dakota",2.5,False,False
TXN02536,2024-02-06,09:50:22,24d5f8c9,35,Male,PROD8100,Public-key national array,Beauty,Tools,49.52,4,0.0,198.08,Credit Card,"West Sharon, West Virginia",3.1,False,True
TXN02537,2024-07-09,09:50:22,471f70db,69,Male,PROD2924,Public-key even-keeled archive,Books,Fiction,48.37,3,0.0,145.11,E-Wallet,"North Steventown, Arizona",,False,False
TXN02538,2024-07-17,09:50:22,4f366ef4,32,Male,PROD8595,Self-enabling bottom-line hardware,Electronics,Laptops,250.86,2,0.17,416.43,Credit Card,"Stevenshire, New Mexico",3.8,False,False
TXN02539,2022-12-25,09:50:22,adc9344d,56,Male,PROD4502,Vision-oriented directional instruction set,Toys,Educational,31.1,5,0.0,155.5,Bank Transfer,"South Michelle, Hawaii",4.5,False,True
TXN02540,2024-04-17,09:50:22,b756516e,34,Female,PROD3635,Customizable incremental parallelism,Grocery,Bakery,15.81,1,0.0,15.81,E-Wallet,"Lake Cindy, Alabama",,False,True
TXN02541,2024-04-25,09:50:22,482e367b,67,Female,PROD5015,Fundamental interactive productivity,Automotive,Tools,4.83,1,0.0,4.83,Debit Card,"West Timothyborough, Missouri",1.2,False,True
TXN02542,2024-11-28,09:50:22,285e7d02,28,Female,PROD7016,Ameliorated real-time solution,Beauty,Haircare,25.66,4,0.0,102.64,Credit Card,"New Jacob, Michigan",,False,False
TXN02543,2023-04-24,09:50:22,3f687060,35,Male,PROD3532,Pre-emptive fault-tolerant monitoring,Books,Fiction,23.83,1,0.0,23.83,Debit Card,"Kevinstad, South Dakota",4.6,False,False
TXN02544,2024-01-05,09:50:22,a4ef66bb,38,Male,PROD3536,Team-oriented encompassing focus group,Books,Children,78.53,1,0.0,78.53,Cash,"Castilloshire, Louisiana",,False,True
TXN02545,2022-10-26,09:50:22,c6fa88c1,58,Male,PROD1454,Customizable background adapter,Sports,Team Sports,38.66,1,0.0,38.66,Credit Card,"Port James, Arizona",,False,False
TXN02546,2023-02-04,09:50:22,bd7d6433,29,Male,PROD6067,Operative heuristic orchestration,Grocery,Dairy,2.45,5,0.0,12.25,Credit Card,"Port Garrettbury, Virginia",,False,False
TXN02547,2024-02-06,09:50:22,0e7b939e,60,Male,PROD6176,Focused bi-directional product,Toys,Educational,18.7,2,0.0,37.4,Cash,"Smallfurt, Indiana",4.3,False,True
TXN02548,2023-01-02,09:50:22,06068ce6,35,Male,PROD7768,Reactive client-driven open architecture,Toys,Action Figures,50.43,3,0.0,151.29,Bank Transfer,"Leeshire, West Virginia",3.3,False,True
TXN02549,2023-09-06,09:50:22,dcc6e430,43,Male,PROD7041,Seamless non-volatile superstructure,Beauty,Haircare,71.77,3,0.0,215.31,Cash,"Jameshaven, Colorado",,False,True
TXN02550,2024-01-21,09:50:22,dea70846,30,Female,PROD7069,Devolved asymmetric migration,Health,Wellness,1.99,3,0.0,5.97,Debit Card,"West Edward, Wisconsin",,False,False
TXN02551,2022-12-31,09:50:22,59f5ab5a,50,Male,PROD6506,Universal fresh-thinking support,Automotive,Tools,1.99,2,0.0,3.98,Cash,"North Jacob, Idaho",,True,False
TXN02552,2023-05-15,09:50:22,cec4dfc5,69,Male,PROD6909,Polarized coherent access,Sports,Fitness,67.42,4,0.0,269.68,Bank Transfer,"West Katrina, Maine",1.4,False,False
TXN02553,2024-06-08,09:50:22,bdeb8038,34,Female,PROD5480,Future-proofed client-driven interface,Beauty,Makeup,37.79,3,0.23,87.29,E-Wallet,"East Miguel, Oregon",3.0,False,True
TXN02554,2023-02-19,09:50:22,4615f017,45,Male,PROD7332,Cross-group actuating flexibility,Health,Supplements,12.63,1,0.0,12.63,Cash,"Jamestown, South Carolina",,False,False
TXN02555,2025-03-17,09:50:22,d6f6f2dc,41,Female,PROD4406,Open-architected high-level collaboration,Home & Kitchen,Decor,157.42,3,0.0,472.26,Debit Card,"Medinahaven, Missouri",4.8,False,False
TXN02556,2024-07-09,09:50:22,6289a298,26,Male,PROD1362,Devolved solution-oriented Graphic Interface,Automotive,Parts,1.99,3,0.0,5.97,E-Wallet,"Evelynshire, Minnesota",,False,True
TXN02557,2024-09-08,09:50:22,b66e3667,20,Male,PROD8112,Managed composite pricing structure,Books,Non-Fiction,30.07,3,0.0,90.21,Cash,"South Tarastad, Utah",3.9,False,False
TXN02558,2023-02-12,09:50:22,e3cb5624,54,Male,PROD7506,Switchable tangible middleware,Health,Supplements,36.56,2,0.0,73.12,Cash,"Bellburgh, Wisconsin",2.9,False,False
TXN02559,2024-06-29,09:50:22,d9d37e05,26,Female,PROD1962,Mandatory didactic success,Clothing,Shoes,77.73,3,0.0,233.19,E-Wallet,"New Sarabury, Illinois",,False,True
TXN02560,2024-09-18,09:50:22,df0ea67d,35,Male,PROD8535,Horizontal tertiary extranet,Health,Medical,9.72,2,0.0,19.44,Bank Transfer,"New Danabury, New Jersey",3.0,False,False
TXN02561,2023-05-21,09:50:22,139e89a0,54,Female,PROD5301,Expanded encompassing monitoring,Grocery,Dairy,31.71,1,0.0,31.71,E-Wallet,"Lake Brittany, Mississippi",3.4,False,False
TXN02562,2025-01-26,09:50:22,1f51d438,29,Female,PROD4162,Innovative context-sensitive capability,Health,Medical,11.49,5,0.0,57.45,E-Wallet,"Baileyhaven, California",,False,False
TXN02563,2023-04-25,09:50:22,670d16d2,61,Female,PROD1387,Assimilated transitional circuit,Beauty,Makeup,35.11,4,0.0,140.44,Bank Transfer,"Lake Steven, Iowa",,False,False
TXN02564,2023-04-12,09:50:22,f5d21b7b,63,Male,PROD5534,Implemented homogeneous conglomeration,Grocery,Dairy,12.09,2,0.0,24.18,Credit Card,"East Rodneyburgh, Alabama",2.8,False,True
TXN02565,2025-02-01,09:50:22,0be067d7,25,Male,PROD6737,Centralized 24hour groupware,Toys,Games,21.84,3,0.09,59.62,E-Wallet,"Matthewton, Ohio",,True,True
TXN02566,2023-12-18,09:50:22,d76e8e5b,55,Female,PROD3780,Seamless hybrid system engine,Home & Kitchen,Bedding,50.29,5,0.17,208.7,Cash,"New Stephanie, California",3.7,False,False
TXN02567,2023-02-17,09:50:22,16789ac6,38,Female,PROD4555,Enhanced executive ability,Home & Kitchen,Decor,165.58,4,0.0,662.32,Cash,"West Gary, Ohio",,False,True
TXN02568,2023-05-24,09:50:22,728ba058,67,Male,PROD2307,Grass-roots system-worthy application,Books,Non-Fiction,47.17,2,0.0,94.34,Bank Transfer,"Port Caleb, Pennsylvania",4.9,False,False
TXN02569,2024-02-09,09:50:22,eb30a256,22,Female,PROD4173,Future-proofed secondary adapter,Electronics,Smartphones,453.08,2,0.0,906.16,E-Wallet,"Christopherfurt, Florida",,False,False
TXN02570,2024-11-14,09:50:22,ae72e234,31,Female,PROD2118,Centralized analyzing analyzer,Automotive,Car Care,30.76,5,0.0,153.8,E-Wallet,"Lake Angela, Delaware",4.9,False,False
TXN02571,2022-08-23,09:50:22,f7dd754c,22,Female,PROD4636,Enhanced exuding orchestration,Grocery,Snacks,1.99,1,0.0,1.99,Credit Card,"Nancymouth, Alabama",,True,False
TXN02572,2024-05-10,09:50:22,61de531d,24,Male,PROD8804,Self-enabling 5thgeneration collaboration,Sports,Fitness,24.01,4,0.0,96.04,Debit Card,"West Bryanport, New Mexico",,False,False
TXN02573,2022-05-25,09:50:22,7e0e15c7,61,Female,PROD7113,Reverse-engineered client-server neural-net,Beauty,Skincare,29.0,3,0.0,87.0,Credit Card,"New Sarah, North Dakota",,False,False
TXN02574,2025-01-22,09:50:22,b9f30e2b,48,Male,PROD3831,Implemented global adapter,Electronics,Cameras,1024.16,2,0.0,2048.32,Credit Card,"Newtonview, Idaho",,True,False
TXN02575,2023-02-09,09:50:22,06744352,40,Male,PROD5019,Managed multimedia time-frame,Books,Fiction,7.76,2,0.0,15.52,Credit Card,"Cindyfurt, Arkansas",3.1,False,False
TXN02576,2023-06-09,09:50:22,6a569fe3,70,Female,PROD9455,Face-to-face client-driven throughput,Sports,Cycling,59.28,4,0.0,237.12,Debit Card,"Jenniferside, Ohio",,False,False
TXN02577,2024-06-30,09:50:22,d98bd0a7,30,Male,PROD9614,Front-line modular analyzer,Clothing,Shoes,79.91,3,0.0,239.73,Bank Transfer,"Michaelhaven, North Dakota",,False,False
TXN02578,2025-03-06,09:50:22,80d8153f,68,Female,PROD2994,Organic background frame,Electronics,Cameras,556.13,3,0.0,1668.39,E-Wallet,"Burnschester, Connecticut",,False,False
TXN02579,2025-02-12,09:50:22,5133886c,51,Female,PROD6317,Future-proofed even-keeled workforce,Electronics,Headphones,851.72,5,0.0,4258.6,E-Wallet,"North Hannahville, Rhode Island",3.0,False,False
TXN02580,2024-08-20,09:50:22,0f8a2144,36,Female,PROD3883,Future-proofed demand-driven hub,Electronics,Cameras,574.42,3,0.0,1723.26,Credit Card,"New Travismouth, Nebraska",,False,False
TXN02581,2025-02-06,09:50:22,058dedaf,52,Male,PROD5719,Inverse 3rdgeneration info-mediaries,Health,Medical,37.78,4,0.09,137.52,E-Wallet,"New Susan, Tennessee",,False,True
TXN02582,2024-09-03,09:50:22,0ad0f336,43,Male,PROD2737,Down-sized intangible monitoring,Beauty,Makeup,28.94,5,0.0,144.7,Cash,"Edwardsland, South Carolina",4.7,False,False
TXN02583,2024-10-31,09:50:22,4d3a0a92,45,Female,PROD8358,Open-source asynchronous data-warehouse,Grocery,Canned Goods,54.47,5,0.0,272.35,Bank Transfer,"New Theresa, Minnesota",,False,True
TXN02584,2025-01-30,09:50:22,78128c6b,35,Male,PROD2409,Open-architected demand-driven application,Automotive,Electronics,51.93,4,0.0,207.72,Cash,"New Karen, Alaska",3.1,False,False
TXN02585,2023-04-13,09:50:22,f364f425,57,Male,PROD8373,Extended discrete productivity,Toys,Educational,17.49,2,0.0,34.98,Cash,"West Derektown, Hawaii",4.8,False,False
TXN02586,2022-10-22,09:50:22,50969630,45,Female,PROD6838,Proactive eco-centric throughput,Grocery,Dairy,3.62,4,0.29,10.28,Cash,"South Derrickville, Utah",,False,False
TXN02587,2022-07-08,09:50:22,e6046a08,46,Male,PROD5796,Diverse systematic framework,Home & Kitchen,Cookware,105.79,2,0.0,211.58,E-Wallet,"Lake Carrieshire, Maryland",3.2,True,False
TXN02588,2023-07-31,09:50:22,c3aabc04,45,Male,PROD1822,Decentralized bottom-line help-desk,Grocery,Dairy,14.0,3,0.18,34.44,E-Wallet,"Port Angelicaberg, Wisconsin",,False,False
TXN02589,2023-12-25,09:50:22,4c1f0382,27,Female,PROD7379,Adaptive fault-tolerant intranet,Grocery,Beverages,28.73,4,0.0,114.92,Cash,"Patrickchester, Utah",,False,False
TXN02590,2022-07-11,09:50:22,a0e135a9,68,Male,PROD7019,Enhanced bottom-line projection,Clothing,Women,87.12,2,0.19,141.13,Cash,"Webbstad, Pennsylvania",2.8,False,False
TXN02591,2023-11-19,09:50:22,08437e43,39,Female,PROD9809,Enterprise-wide impactful implementation,Home & Kitchen,Cookware,87.99,4,0.0,351.96,Credit Card,"East Christina, Minnesota",,False,False
TXN02592,2023-08-09,09:50:22,b075c0ce,70,Female,PROD6543,Organized tangible database,Electronics,Laptops,491.44,1,0.0,491.44,Cash,"South Mark, Delaware",,False,True
TXN02593,2023-12-18,09:50:22,c5e6bd99,64,Female,PROD1452,Ergonomic zero administration circuit,Automotive,Parts,31.16,4,0.0,124.64,Bank Transfer,"Saundershaven, Missouri",2.1,False,False
TXN02594,2023-04-15,09:50:22,d6e3c7af,68,Male,PROD5055,Ergonomic neutral structure,Toys,Action Figures,46.97,1,0.0,46.97,E-Wallet,"East Cherylbury, Nebraska",1.4,False,True
TXN02595,2024-11-27,09:50:22,19d0ef6e,30,Female,PROD8170,Organized holistic artificial intelligence,Electronics,TVs,50.62,5,0.27,184.76,E-Wallet,"Kimberlyfurt, Wisconsin",5.0,False,False
TXN02596,2025-02-13,09:50:22,f8bf5baa,40,Female,PROD9024,Distributed executive throughput,Toys,Dolls,17.87,5,0.0,89.35,E-Wallet,"Lake Steven, Alaska",,False,False
TXN02597,2025-03-17,09:50:22,0b73fd58,36,Female,PROD6039,Polarized impactful concept,Sports,Team Sports,34.23,3,0.0,102.69,E-Wallet,"Knightfort, Utah",,False,True
TXN02598,2022-12-23,09:50:22,8f131c68,29,Female,PROD4395,Horizontal zero-defect orchestration,Automotive,Parts,54.0,2,0.0,108.0,Cash,"South Joshua, Utah",1.4,False,False
TXN02599,2022-12-25,09:50:22,60c6b3ef,25,Female,PROD1390,Monitored context-sensitive forecast,Home & Kitchen,Furniture,85.57,2,0.23,131.78,Bank Transfer,"Juliechester, Washington",,True,False
TXN02600,2023-11-05,09:50:22,1ea18c08,50,Female,PROD6752,Fundamental zero-defect matrix,Clothing,Women,1.99,2,0.0,3.98,Credit Card,"Madisonfurt, Kansas",2.2,False,False
TXN02601,2024-05-26,09:50:22,91fefaa7,59,Female,PROD7399,Customer-focused optimal artificial intelligence,Books,Fiction,42.39,3,0.0,127.17,Cash,"Michaelview, New York",1.4,True,False
TXN02602,2022-07-30,09:50:22,ba35cdc5,41,Female,PROD7564,Polarized holistic challenge,Automotive,Electronics,17.29,2,0.0,34.58,Credit Card,"Roseshire, Nebraska",2.6,False,False
TXN02603,2024-10-25,09:50:22,3992417e,48,Female,PROD1767,Team-oriented bi-directional standardization,Books,Educational,6.21,3,0.0,18.63,E-Wallet,"Port Thomasstad, Idaho",2.5,False,True
TXN02604,2023-07-27,09:50:22,79660bf7,29,Male,PROD9044,Triple-buffered context-sensitive encryption,Automotive,Parts,17.51,2,0.0,35.02,Cash,"Nelsonborough, Massachusetts",2.3,False,True
TXN02605,2024-09-22,09:50:22,73dd1a15,27,Female,PROD6907,Cloned well-modulated encryption,Health,Wellness,26.31,5,0.0,131.55,Debit Card,"West Erica, Washington",3.4,False,True
TXN02606,2022-12-01,09:50:22,4ff82b82,56,Male,PROD9785,Customer-focused well-modulated solution,Home & Kitchen,Furniture,77.67,4,0.22,242.33,Cash,"East Michellechester, Vermont",3.8,False,False
TXN02607,2023-09-24,09:50:22,511c4945,45,Male,PROD1613,Reduced incremental complexity,Automotive,Car Care,1.99,3,0.14,5.13,E-Wallet,"Jillberg, Pennsylvania",1.6,False,False
TXN02608,2024-01-05,09:50:22,71abdb4d,33,Male,PROD2294,Monitored grid-enabled access,Clothing,Kids,76.91,2,0.07,143.05,Debit Card,"Hollyland, North Dakota",,False,True
TXN02609,2022-07-11,09:50:22,daaba59b,39,Female,PROD6239,Extended well-modulated challenge,Automotive,Parts,55.5,1,0.0,55.5,Cash,"Frazierbury, Idaho",3.0,False,False
TXN02610,2024-11-12,09:50:22,d7968098,44,Female,PROD5144,Virtual coherent Internet solution,Sports,Outdoor,43.03,5,0.0,215.15,Cash,"Chandlerborough, Hawaii",,False,False
TXN02611,2023-10-26,09:50:22,f8ed909d,59,Female,PROD2458,Profound motivating collaboration,Automotive,Accessories,7.25,3,0.16,18.27,Bank Transfer,"West Anthony, New Mexico",,False,False
TXN02612,2024-04-18,09:50:22,c85f22a8,69,Female,PROD9801,Focused national moderator,Toys,Educational,25.97,5,0.0,129.85,Debit Card,"Jacksonborough, Idaho",,False,True
TXN02613,2022-10-31,09:50:22,0b8305e4,56,Male,PROD8080,De-engineered homogeneous firmware,Books,Cookbooks,29.87,2,0.0,59.74,E-Wallet,"New Johnburgh, Alabama",,False,False
TXN02614,2024-10-21,09:50:22,b295103e,69,Female,PROD3250,Distributed neutral info-mediaries,Health,Medical,41.98,4,0.0,167.92,Debit Card,"Jenkinsville, Massachusetts",3.4,False,False
TXN02615,2023-01-01,09:50:22,3e90fd8a,23,Male,PROD3148,Team-oriented maximized budgetary management,Clothing,Shoes,70.05,5,0.0,350.25,E-Wallet,"Josephbury, Alabama",,False,False
TXN02616,2023-09-03,09:50:22,4e031eea,18,Male,PROD9847,Visionary systemic website,Books,Fiction,15.32,5,0.0,76.6,Bank Transfer,"Jaimeshire, West Virginia",,False,False
TXN02617,2023-07-09,09:50:22,5ec4e60e,58,Female,PROD6764,Cross-group 4thgeneration protocol,Clothing,Women,52.46,1,0.0,52.46,Cash,"Flemingchester, Idaho",,False,False
TXN02618,2024-04-23,09:50:22,7c68b832,39,Female,PROD7685,Focused next generation extranet,Beauty,Haircare,39.15,4,0.0,156.6,Debit Card,"North Joseph, Virginia",1.1,False,False
TXN02619,2024-09-28,09:50:22,e1a447f8,26,Female,PROD4941,Enterprise-wide transitional interface,Health,Supplements,59.12,3,0.09,161.4,Debit Card,"Michaelton, New Hampshire",3.9,False,True
TXN02620,2023-04-10,09:50:22,de9908c1,22,Female,PROD3615,Self-enabling attitude-oriented monitoring,Beauty,Skincare,44.09,2,0.17,73.19,Cash,"Oliverborough, Tennessee",4.8,False,False
TXN02621,2023-02-15,09:50:22,b62949ec,41,Male,PROD4479,Organic bifurcated portal,Automotive,Parts,45.78,2,0.0,91.56,Cash,"Nancybury, North Dakota",1.2,False,True
TXN02622,2023-07-03,09:50:22,80250a4f,19,Male,PROD5341,Universal systematic task-force,Home & Kitchen,Bedding,125.87,1,0.0,125.87,Bank Transfer,"Melissafurt, Utah",3.4,False,False
TXN02623,2023-07-03,09:50:22,a226ee97,60,Male,PROD4860,User-friendly impactful implementation,Grocery,Snacks,58.21,1,0.0,58.21,Credit Card,"Lake Erin, Tennessee",,False,False
TXN02624,2022-09-04,09:50:22,964866f2,39,Female,PROD8222,Pre-emptive grid-enabled migration,Grocery,Beverages,38.2,4,0.0,152.8,Debit Card,"Lake Crystalborough, Rhode Island",3.0,False,False
TXN02625,2024-04-23,09:50:22,866178d4,36,Female,PROD2594,Focused zero-defect installation,Books,Children,12.78,4,0.0,51.12,Cash,"New Cynthia, Vermont",,False,False
TXN02626,2025-04-30,09:50:22,ee15f457,56,Female,PROD3936,Customizable non-volatile implementation,Toys,Action Figures,58.07,3,0.0,174.21,Debit Card,"East Jeffrey, Virginia",,False,True
TXN02627,2023-12-02,09:50:22,53eb9630,58,Male,PROD1828,Multi-channeled upward-trending portal,Home & Kitchen,Furniture,168.85,3,0.21,400.17,Debit Card,"Cynthiaville, Alaska",,False,False
TXN02628,2023-04-15,09:50:22,446b9f0b,30,Male,PROD2144,Open-source intermediate initiative,Automotive,Electronics,21.14,3,0.0,63.42,Cash,"East Kevin, Florida",4.2,False,False
TXN02629,2024-02-27,09:50:22,99602224,27,Female,PROD6679,Devolved bottom-line neural-net,Health,Vitamins,20.41,2,0.0,40.82,Credit Card,"West John, Washington",,False,False
TXN02630,2023-12-26,09:50:22,36eadc7e,23,Male,PROD7904,Adaptive logistical protocol,Sports,Team Sports,35.93,4,0.0,143.72,Credit Card,"Zoemouth, Nebraska",,False,True
TXN02631,2023-12-19,09:50:22,4d8247e1,18,Female,PROD5119,Quality-focused attitude-oriented installation,Home & Kitchen,Furniture,152.42,4,0.0,609.68,Cash,"East Andrewland, Arizona",,False,True
TXN02632,2023-11-04,09:50:22,0288d01d,55,Male,PROD5143,Customizable demand-driven structure,Grocery,Dairy,33.95,3,0.0,101.85,Debit Card,"West Thomas, Wyoming",4.3,False,False
TXN02633,2025-03-24,09:50:22,8459d679,43,Male,PROD6228,Adaptive object-oriented moratorium,Electronics,Smartphones,562.26,4,0.0,2249.04,Debit Card,"Nicolestad, North Dakota",4.7,False,False
TXN02634,2022-11-17,09:50:22,99aa4fd6,30,Female,PROD4572,Reactive mobile Local Area Network,Automotive,Car Care,64.0,5,0.0,320.0,E-Wallet,"Chungshire, Oklahoma",,True,True
TXN02635,2023-02-07,09:50:22,0a6ccdde,59,Female,PROD8306,Universal didactic hardware,Electronics,Smartphones,714.31,4,0.0,2857.24,Debit Card,"East Victoria, New York",2.4,False,True
TXN02636,2024-08-25,09:50:22,ac9a4122,33,Female,PROD5492,Switchable scalable artificial intelligence,Sports,Cycling,33.81,4,0.09,123.07,Cash,"North Jacobborough, South Dakota",,False,False
TXN02637,2022-09-04,09:50:22,5dcde550,51,Female,PROD2065,Enterprise-wide non-volatile challenge,Grocery,Beverages,48.83,3,0.0,146.49,Cash,"Kathleenmouth, Georgia",3.6,False,False
TXN02638,2023-11-24,09:50:22,a5beeaf2,70,Female,PROD2773,Quality-focused executive frame,Grocery,Canned Goods,9.35,1,0.0,9.35,E-Wallet,"New Davidville, Louisiana",,False,False
TXN02639,2023-01-20,09:50:22,e19e6d40,55,Female,PROD6360,Self-enabling 4thgeneration moderator,Books,Educational,37.96,5,0.0,189.8,Cash,"Hillburgh, Texas",3.8,False,True
TXN02640,2023-02-01,09:50:22,cc7c491d,65,Female,PROD9451,Public-key radical adapter,Grocery,Beverages,66.19,4,0.0,264.76,Debit Card,"East Carol, Pennsylvania",1.7,False,True
TXN02641,2023-09-29,09:50:22,a4f1f32f,39,Female,PROD8863,Centralized maximized complexity,Electronics,Cameras,456.39,2,0.27,666.33,Cash,"Lake Willie, Utah",1.4,False,False
TXN02642,2023-03-01,09:50:22,4053f30f,22,Female,PROD3358,Fundamental clear-thinking protocol,Grocery,Dairy,13.05,2,0.0,26.1,E-Wallet,"North Chad, Massachusetts",2.7,False,False
TXN02643,2024-02-24,09:50:22,995daf3d,68,Female,PROD3543,Vision-oriented motivating open system,Electronics,Laptops,369.58,5,0.0,1847.9,Credit Card,"New Aaronbury, Delaware",,False,False
TXN02644,2023-09-24,09:50:22,a7b67246,37,Male,PROD3503,Balanced neutral budgetary management,Clothing,Men,17.31,5,0.0,86.55,Cash,"Caseyfort, Ohio",,False,False
TXN02645,2024-07-18,09:50:22,93d1c328,47,Female,PROD6380,User-centric optimal moderator,Electronics,Smartphones,343.05,3,0.0,1029.15,Debit Card,"Stevenbury, Indiana",,False,True
TXN02646,2025-02-01,09:50:22,fc7267d1,47,Male,PROD1824,Future-proofed intangible synergy,Automotive,Car Care,22.59,5,0.0,112.95,Cash,"Gabrielleside, Washington",4.0,False,False
TXN02647,2023-02-21,09:50:22,07ff6a7c,62,Male,PROD8068,Visionary empowering hierarchy,Home & Kitchen,Cookware,21.61,3,0.0,64.83,E-Wallet,"North Markview, Massachusetts",2.5,False,False
TXN02648,2023-11-07,09:50:22,36df6ac1,64,Male,PROD9673,Grass-roots zero administration circuit,Health,Medical,30.31,2,0.0,60.62,Bank Transfer,"Port Courtney, Michigan",1.6,False,False
TXN02649,2024-08-31,09:50:22,833c1606,31,Male,PROD6364,Versatile asynchronous parallelism,Sports,Yoga,48.05,2,0.0,96.1,Debit Card,"East Richard, Georgia",,False,False
TXN02650,2024-06-12,09:50:22,a67ae750,48,Male,PROD5431,Multi-channeled dedicated challenge,Books,Non-Fiction,11.84,3,0.0,35.52,E-Wallet,"Mosleyburgh, Massachusetts",,False,True
TXN02651,2024-11-16,09:50:22,54e1674f,20,Female,PROD2640,Monitored hybrid parallelism,Grocery,Canned Goods,60.39,3,0.0,181.17,E-Wallet,"Port Joshuaview, North Carolina",,False,True
TXN02652,2022-10-07,09:50:22,e938a1ba,66,Female,PROD3775,Customizable asynchronous standardization,Toys,Action Figures,40.22,5,0.14,172.95,Bank Transfer,"West Scottton, Oregon",2.6,False,True
TXN02653,2022-11-12,09:50:22,43d9c991,57,Female,PROD7833,Persistent content-based service-desk,Beauty,Skincare,50.61,2,0.0,101.22,Bank Transfer,"New Haley, Colorado",2.4,False,True
TXN02654,2024-08-08,09:50:22,0c3b5a3d,24,Male,PROD9920,Sharable dedicated hub,Beauty,Haircare,16.84,1,0.0,16.84,Bank Transfer,"New Teresamouth, Massachusetts",,True,False
TXN02655,2025-03-26,09:50:22,472da4f0,49,Female,PROD5058,De-engineered intangible Graphical User Interface,Grocery,Canned Goods,47.09,4,0.0,188.36,Credit Card,"South Megan, Arkansas",,False,False
TXN02656,2023-11-26,09:50:22,292b7268,50,Female,PROD3955,Grass-roots full-range challenge,Electronics,Smartphones,281.61,2,0.25,422.42,Credit Card,"Port Linda, Arizona",,True,False
TXN02657,2024-05-30,09:50:22,43b12af2,33,Female,PROD4552,Extended even-keeled success,Grocery,Bakery,47.8,1,0.0,47.8,Debit Card,"Dannystad, Kansas",,False,True
TXN02658,2024-11-22,09:50:22,dd7a131c,53,Female,PROD8928,Devolved web-enabled implementation,Electronics,Cameras,534.37,5,0.09,2431.38,Credit Card,"East Eric, Kentucky",,False,False
TXN02659,2025-01-29,09:50:22,94641fd6,49,Female,PROD7534,Secured homogeneous product,Home & Kitchen,Bedding,158.73,3,0.0,476.19,Debit Card,"Stoneport, Tennessee",1.4,False,False
TXN02660,2024-03-06,09:50:22,a3927411,47,Female,PROD6615,Upgradable logistical hardware,Electronics,Smartphones,264.88,1,0.0,264.88,Bank Transfer,"South Brandon, Arkansas",,False,False
TXN02661,2022-05-11,09:50:22,9b391a91,25,Female,PROD2191,Multi-layered user-facing array,Home & Kitchen,Cookware,57.35,3,0.0,172.05,Cash,"New Heather, Colorado",5.0,False,False
TXN02662,2022-11-12,09:50:22,c14e9961,18,Male,PROD8907,Secured attitude-oriented core,Beauty,Fragrances,41.94,5,0.17,174.05,Credit Card,"Laurenshire, Connecticut",4.6,False,False
TXN02663,2024-11-29,09:50:22,75cc2d02,36,Male,PROD3928,Managed disintermediate migration,Electronics,TVs,310.33,1,0.11,276.19,Bank Transfer,"Edwardsport, Minnesota",,False,True
TXN02664,2024-05-08,09:50:22,6118476a,29,Female,PROD2246,Customizable 3rdgeneration methodology,Toys,Action Figures,39.26,1,0.0,39.26,Bank Transfer,"Burkeville, Virginia",,False,True
TXN02665,2022-09-12,09:50:22,0cbb69ae,28,Male,PROD4608,Programmable reciprocal hierarchy,Sports,Outdoor,2.66,4,0.0,10.64,Cash,"Port Sharonmouth, Oklahoma",,False,False
TXN02666,2025-05-04,09:50:22,08cd3484,49,Male,PROD2663,Versatile leadingedge website,Health,Medical,46.96,3,0.29,100.02,Debit Card,"Jamesborough, Wisconsin",1.7,False,True
TXN02667,2024-07-28,09:50:22,8f2012f7,65,Male,PROD1115,Implemented discrete initiative,Books,Cookbooks,5.35,1,0.16,4.49,E-Wallet,"Shannonbury, Colorado",4.2,False,True
TXN02668,2023-07-26,09:50:22,5d69972c,67,Male,PROD3795,Mandatory 5thgeneration standardization,Grocery,Bakery,41.05,4,0.0,164.2,Debit Card,"Ianfort, Illinois",,False,False
TXN02669,2024-10-01,09:50:22,09d3d8e4,36,Male,PROD6914,Mandatory multi-state knowledge user,Beauty,Skincare,42.51,4,0.0,170.04,Cash,"Angelafurt, California",,False,True
TXN02670,2023-07-13,09:50:22,f1ab1d51,18,Female,PROD9221,Ergonomic web-enabled budgetary management,Automotive,Parts,16.06,1,0.14,13.81,E-Wallet,"Joestad, New Mexico",2.3,False,False
TXN02671,2025-02-12,09:50:22,7a87b084,57,Female,PROD1811,Centralized system-worthy framework,Toys,Educational,41.64,4,0.25,124.92,Bank Transfer,"North Amberstad, New Jersey",2.0,False,False
TXN02672,2023-11-06,09:50:22,057fea6d,50,Male,PROD6274,Advanced systematic monitoring,Grocery,Snacks,35.21,4,0.0,140.84,Cash,"Brendahaven, Massachusetts",4.3,False,False
TXN02673,2024-02-26,09:50:22,0de5994d,33,Male,PROD9986,Phased intermediate standardization,Clothing,Shoes,33.83,2,0.0,67.66,E-Wallet,"North Victoria, Alabama",3.6,False,True
TXN02674,2023-12-07,09:50:22,8f3ecbf8,34,Male,PROD7998,Synergistic discrete database,Automotive,Accessories,9.83,2,0.08,18.09,Debit Card,"Robertport, Kentucky",,False,False
TXN02675,2024-03-27,09:50:22,800acc2f,29,Female,PROD1679,User-centric hybrid approach,Automotive,Tools,1.99,1,0.0,1.99,Bank Transfer,"Tanyaport, Pennsylvania",,False,True
TXN02676,2023-01-28,09:50:22,6b75e476,35,Female,PROD8207,Future-proofed holistic support,Books,Children,36.99,4,0.0,147.96,Credit Card,"Cardenaston, New Jersey",2.8,False,False
TXN02677,2025-01-23,09:50:22,fd4b5ad3,21,Female,PROD1413,Upgradable analyzing Graphic Interface,Automotive,Car Care,1.99,2,0.0,3.98,Credit Card,"Lake Sue, Oregon",1.7,False,True
TXN02678,2024-04-08,09:50:22,77fbbb95,25,Male,PROD5495,Vision-oriented dedicated knowledgebase,Clothing,Women,52.86,5,0.0,264.3,Bank Transfer,"East Anthonyhaven, Minnesota",,False,False
TXN02679,2022-08-13,09:50:22,b6c5fe7a,26,Female,PROD7538,Monitored mission-critical alliance,Toys,Educational,24.73,4,0.0,98.92,E-Wallet,"South James, Virginia",4.6,False,True
TXN02680,2022-08-08,09:50:22,17afe9ba,22,Female,PROD8646,Fully-configurable neutral circuit,Electronics,Cameras,635.83,2,0.0,1271.66,E-Wallet,"South Sara, California",2.7,False,True
TXN02681,2022-11-25,09:50:22,b20705a7,46,Male,PROD8215,Public-key heuristic emulation,Home & Kitchen,Appliances,98.86,5,0.23,380.61,Cash,"Kylefort, Virginia",4.8,False,True
TXN02682,2024-12-02,09:50:22,c66ea28e,52,Female,PROD9587,Balanced well-modulated flexibility,Grocery,Beverages,23.41,1,0.0,23.41,Cash,"Robinsonhaven, Colorado",,False,False
TXN02683,2022-06-08,09:50:22,c917b0ac,31,Female,PROD8743,Synergistic static model,Grocery,Canned Goods,44.64,5,0.0,223.2,E-Wallet,"West Kevinborough, New Hampshire",,False,False
TXN02684,2023-01-15,09:50:22,36abb319,60,Female,PROD4202,Open-architected tertiary synergy,Home & Kitchen,Cookware,143.45,1,0.0,143.45,Bank Transfer,"Lake Maria, New Mexico",2.0,False,False
TXN02685,2023-03-25,09:50:22,9ea19159,33,Male,PROD6228,Decentralized regional approach,Beauty,Fragrances,36.32,3,0.0,108.96,Cash,"New Adam, Utah",1.5,False,False
TXN02686,2024-10-25,09:50:22,f818051a,60,Female,PROD7639,Fully-configurable didactic toolset,Sports,Outdoor,39.39,2,0.0,78.78,Bank Transfer,"Haneyburgh, Wisconsin",3.9,False,False
TXN02687,2024-11-25,09:50:22,38a92118,18,Female,PROD3589,Distributed content-based definition,Books,Non-Fiction,1.99,3,0.0,5.97,Debit Card,"Port Christopherport, Pennsylvania",4.3,False,True
TXN02688,2022-05-07,09:50:22,9cc7f29b,23,Female,PROD7526,Upgradable solution-oriented projection,Toys,Dolls,45.14,2,0.0,90.28,Credit Card,"East Heather, Missouri",,False,True
TXN02689,2024-09-28,09:50:22,13d9f3fa,29,Male,PROD4194,Seamless dynamic budgetary management,Sports,Outdoor,42.25,4,0.0,169.0,Debit Card,"Fergusonborough, Connecticut",4.2,False,True
TXN02690,2023-06-24,09:50:22,30818706,31,Female,PROD5759,Integrated asymmetric open architecture,Beauty,Haircare,9.67,3,0.0,29.01,Credit Card,"West Robertland, Missouri",4.0,False,True
TXN02691,2023-01-31,09:50:22,a4b16739,48,Female,PROD3731,Persistent explicit capacity,Clothing,Shoes,42.68,3,0.0,128.04,Bank Transfer,"Port Ryanhaven, Rhode Island",2.1,False,True
TXN02692,2024-01-14,09:50:22,bd8abf09,41,Male,PROD3644,Cloned non-volatile hardware,Automotive,Electronics,29.21,3,0.21,69.23,Cash,"New Margaretberg, Florida",,False,True
TXN02693,2023-03-27,09:50:22,7796b398,36,Male,PROD9210,Switchable client-server methodology,Toys,Games,27.31,4,0.0,109.24,Debit Card,"West Angelastad, Georgia",4.6,False,True
TXN02694,2023-11-18,09:50:22,4176518a,41,Male,PROD6900,Synergized coherent toolset,Books,Non-Fiction,36.68,3,0.0,110.04,Bank Transfer,"Mooreville, Maryland",3.5,False,True
TXN02695,2022-11-13,09:50:22,0d311e53,35,Female,PROD3906,Polarized transitional Graphical User Interface,Books,Children,58.63,1,0.0,58.63,Credit Card,"Port Juan, Arkansas",,False,False
TXN02696,2024-05-13,09:50:22,1b815427,65,Male,PROD2248,Innovative stable knowledge user,Electronics,TVs,716.35,4,0.0,2865.4,Bank Transfer,"West Tyler, Washington",1.7,True,False
TXN02697,2023-09-30,09:50:22,d6e10755,28,Female,PROD4368,Quality-focused intermediate process improvement,Home & Kitchen,Cookware,28.14,4,0.0,112.56,Debit Card,"Port Kimberly, Georgia",4.0,False,False
TXN02698,2022-10-21,09:50:22,ce713df4,42,Female,PROD4970,Balanced holistic adapter,Clothing,Kids,68.66,4,0.16,230.7,Bank Transfer,"Ricardoside, Nevada",,False,False
TXN02699,2024-06-05,09:50:22,734f2cd1,56,Male,PROD7320,Visionary dedicated collaboration,Health,Vitamins,56.58,2,0.0,113.16,Credit Card,"New John, Mississippi",3.1,False,False
TXN02700,2023-04-09,09:50:22,e7b65bf1,38,Male,PROD3273,Decentralized clear-thinking Local Area Network,Beauty,Fragrances,37.74,1,0.0,37.74,Credit Card,"Floresborough, Indiana",,False,True
TXN02701,2022-08-20,09:50:22,a706767b,28,Female,PROD9379,Devolved real-time middleware,Toys,Action Figures,51.82,1,0.0,51.82,Credit Card,"Ianport, Indiana",1.7,False,False
TXN02702,2024-07-25,09:50:22,a6dd3160,27,Female,PROD1601,Cross-platform systematic ability,Clothing,Women,110.37,1,0.0,110.37,Credit Card,"Port Deborahmouth, Maryland",2.1,False,False
TXN02703,2024-01-21,09:50:22,0a16481e,28,Male,PROD2010,Vision-oriented tangible software,Toys,Puzzles,50.47,5,0.0,252.35,E-Wallet,"Port Morgantown, Wisconsin",3.0,False,True
TXN02704,2023-08-28,09:50:22,1d173d58,49,Male,PROD5041,Ergonomic 4thgeneration capability,Beauty,Haircare,34.99,2,0.0,69.98,Credit Card,"North Jessicamouth, Ohio",,False,False
TXN02705,2024-10-01,09:50:22,6aa543cc,65,Female,PROD8486,Innovative secondary functionalities,Toys,Action Figures,50.9,3,0.0,152.7,Debit Card,"Jasonberg, Washington",3.1,False,False
TXN02706,2022-11-08,09:50:22,0dc5c6bb,19,Female,PROD6150,Multi-tiered methodical forecast,Toys,Dolls,32.9,4,0.0,131.6,Bank Transfer,"West Katie, Montana",,False,False
TXN02707,2022-11-16,09:50:22,1b62935f,64,Male,PROD1661,Multi-channeled zero-defect moratorium,Health,Wellness,30.48,2,0.0,60.96,E-Wallet,"East James, Kansas",1.1,False,True
TXN02708,2022-05-08,09:50:22,bc2e2b2e,54,Male,PROD4872,Total clear-thinking definition,Beauty,Tools,22.97,1,0.0,22.97,Cash,"East Jenniferton, South Dakota",,False,False
TXN02709,2023-07-17,09:50:22,07455484,45,Male,PROD7867,Fundamental multi-state standardization,Electronics,Laptops,812.68,5,0.0,4063.4,Bank Transfer,"Carlosside, Wyoming",3.5,False,False
TXN02710,2025-01-06,09:50:22,2c7c2597,23,Male,PROD2451,Cross-group holistic hub,Books,Educational,13.63,1,0.0,13.63,Cash,"Kennedyfurt, Nevada",,False,True
TXN02711,2022-10-12,09:50:22,08196cf3,68,Male,PROD5545,Inverse didactic approach,Home & Kitchen,Appliances,227.27,4,0.0,909.08,Cash,"Franklinmouth, Vermont",,False,True
TXN02712,2023-02-01,09:50:22,1c65e34b,39,Male,PROD5528,Inverse static groupware,Automotive,Parts,40.0,5,0.0,200.0,Cash,"East Lucas, Delaware",,False,False
TXN02713,2023-08-12,09:50:22,a93f21e2,67,Female,PROD8516,Reduced content-based workforce,Books,Cookbooks,2.01,3,0.16,5.07,E-Wallet,"Leechester, Delaware",4.7,False,False
TXN02714,2025-04-03,09:50:22,1555493b,28,Female,PROD5758,Progressive web-enabled definition,Beauty,Tools,37.35,3,0.0,112.05,Debit Card,"Port Rachel, Tennessee",,False,False
TXN02715,2024-11-02,09:50:22,3f7d14fb,55,Male,PROD5485,Assimilated upward-trending support,Electronics,Smartphones,79.99,4,0.0,319.96,Debit Card,"South Andrewburgh, Ohio",4.4,False,False
TXN02716,2022-05-25,09:50:22,fd9cc920,61,Male,PROD3329,Monitored reciprocal superstructure,Toys,Games,42.51,2,0.0,85.02,Bank Transfer,"Lake Thomasshire, North Dakota",2.6,False,True
TXN02717,2022-05-22,09:50:22,6a4007e4,39,Male,PROD3111,Profound content-based knowledgebase,Automotive,Parts,47.7,3,0.05,135.95,Bank Transfer,"New Tammieview, Vermont",,False,False
TXN02718,2024-04-08,09:50:22,aeaedc1b,61,Female,PROD7145,De-engineered real-time throughput,Sports,Yoga,18.15,3,0.0,54.45,Bank Transfer,"Anitaton, North Dakota",,False,False
TXN02719,2023-01-07,09:50:22,8f20320e,35,Male,PROD9374,Secured logistical workforce,Health,Medical,32.47,4,0.08,119.49,E-Wallet,"Chelseafurt, Maine",,False,True
TXN02720,2024-09-16,09:50:22,08930e11,51,Female,PROD4094,Proactive systemic circuit,Grocery,Beverages,69.08,3,0.0,207.24,Credit Card,"Dominicland, Nebraska",1.3,False,False
TXN02721,2023-01-31,09:50:22,b7c74c05,36,Male,PROD2080,Open-source hybrid product,Toys,Games,19.89,5,0.0,99.45,Debit Card,"Andreahaven, Vermont",,False,False
TXN02722,2025-01-08,09:50:22,2ca557bb,36,Female,PROD2422,Horizontal actuating capacity,Toys,Action Figures,8.82,2,0.0,17.64,Debit Card,"New Carolstad, Ohio",1.2,False,False
TXN02723,2022-09-28,09:50:22,27213ccc,23,Male,PROD8720,Open-architected responsive frame,Toys,Educational,59.63,1,0.0,59.63,Credit Card,"Smithborough, Nevada",,False,False
TXN02724,2023-08-17,09:50:22,c618d391,49,Female,PROD8598,Organized scalable ability,Home & Kitchen,Furniture,257.38,1,0.0,257.38,E-Wallet,"North Daniel, Alabama",2.9,False,False
TXN02725,2024-06-28,09:50:22,89d52c49,31,Female,PROD9261,Switchable regional standardization,Sports,Yoga,30.07,4,0.0,120.28,Cash,"Lewisside, New Hampshire",,False,False
TXN02726,2022-11-04,09:50:22,10a3f72e,26,Female,PROD4347,Secured system-worthy Internet solution,Beauty,Makeup,50.23,3,0.0,150.69,Credit Card,"North Emily, Massachusetts",,False,False
TXN02727,2022-12-01,09:50:22,4d87f2e3,30,Male,PROD4371,De-engineered local artificial intelligence,Grocery,Snacks,56.83,5,0.0,284.15,Debit Card,"Port Michaelton, Massachusetts",,False,False
TXN02728,2022-12-03,09:50:22,3cdd8baa,42,Female,PROD1284,Mandatory even-keeled secured line,Clothing,Kids,27.73,5,0.0,138.65,Credit Card,"New Michaelside, Kentucky",,False,False
TXN02729,2024-02-06,09:50:22,490573fe,65,Female,PROD6008,Managed user-facing emulation,Toys,Action Figures,20.29,4,0.0,81.16,Credit Card,"South Angieberg, Michigan",,False,False
TXN02730,2024-05-27,09:50:22,d51fb915,60,Male,PROD8424,Triple-buffered 6thgeneration system engine,Home & Kitchen,Furniture,206.16,4,0.0,824.64,Bank Transfer,"New Johnmouth, Michigan",4.9,False,False
TXN02731,2024-01-08,09:50:22,4b2706d2,70,Female,PROD3766,Streamlined 5thgeneration framework,Health,First Aid,63.7,2,0.2,101.92,Credit Card,"Cynthiaport, Arkansas",2.7,False,False
TXN02732,2023-02-10,09:50:22,58e6eb1c,28,Female,PROD9948,Mandatory system-worthy encoding,Home & Kitchen,Appliances,159.4,3,0.0,478.2,Debit Card,"Bauerberg, New Hampshire",,False,True
TXN02733,2024-06-27,09:50:22,51949493,56,Female,PROD2352,Self-enabling human-resource concept,Automotive,Electronics,12.4,1,0.0,12.4,Bank Transfer,"Michelechester, New Hampshire",4.8,False,False
TXN02734,2023-02-02,09:50:22,73a30a1e,60,Female,PROD5891,Secured uniform hub,Health,Wellness,69.74,1,0.0,69.74,Bank Transfer,"Christopherbury, Hawaii",2.1,False,False
TXN02735,2023-02-22,09:50:22,3048fd20,65,Female,PROD9118,Virtual hybrid task-force,Home & Kitchen,Appliances,82.83,5,0.11,368.59,Cash,"Port David, South Carolina",,False,False
TXN02736,2022-09-23,09:50:22,c2959778,66,Male,PROD3046,User-centric 6thgeneration customer loyalty,Books,Fiction,23.3,1,0.0,23.3,E-Wallet,"Myershaven, Mississippi",4.0,False,False
TXN02737,2025-04-26,09:50:22,57ca745d,66,Female,PROD1728,Open-architected analyzing hub,Books,Fiction,36.85,5,0.0,184.25,Debit Card,"Sullivanshire, Kentucky",,False,False
TXN02738,2022-05-23,09:50:22,71682fab,58,Female,PROD4953,Automated impactful initiative,Electronics,Smartphones,810.83,3,0.0,2432.49,E-Wallet,"New Sarah, California",,False,False
TXN02739,2023-04-07,09:50:22,1000c0af,65,Female,PROD3089,Stand-alone clear-thinking attitude,Electronics,Laptops,670.8,1,0.0,670.8,Debit Card,"Shieldsmouth, Texas",,False,False
TXN02740,2024-10-23,09:50:22,2cd8df19,59,Male,PROD9238,Virtual background monitoring,Toys,Games,38.3,3,0.0,114.9,Debit Card,"Lake Theresaview, New York",3.0,False,False
TXN02741,2024-04-24,09:50:22,eb0438fd,23,Female,PROD1855,Virtual grid-enabled neural-net,Grocery,Beverages,39.27,5,0.0,196.35,E-Wallet,"East Scott, Massachusetts",3.7,False,False
TXN02742,2023-07-16,09:50:22,04eb4b00,41,Female,PROD7822,Implemented 24hour collaboration,Automotive,Electronics,30.87,1,0.0,30.87,E-Wallet,"Williamsberg, New York",1.4,False,False
TXN02743,2023-03-12,09:50:22,10609944,42,Female,PROD7673,Re-contextualized intermediate project,Automotive,Electronics,41.16,3,0.0,123.48,Bank Transfer,"Maryhaven, Massachusetts",,False,False
TXN02744,2024-08-26,09:50:22,e4d930a0,32,Male,PROD6475,Ergonomic scalable architecture,Sports,Team Sports,1.99,1,0.0,1.99,Credit Card,"South Leah, Illinois",,False,True
TXN02745,2024-10-28,09:50:22,e4c6cdca,56,Female,PROD2103,Business-focused multi-state hierarchy,Home & Kitchen,Cookware,99.24,3,0.0,297.72,Bank Transfer,"Williamstad, Georgia",1.6,False,True
TXN02746,2023-07-24,09:50:22,1863a5c5,55,Female,PROD5983,Advanced tangible methodology,Home & Kitchen,Decor,136.89,5,0.0,684.45,Cash,"South Ryanport, Kansas",3.2,False,False
TXN02747,2022-10-30,09:50:22,b0f749df,21,Female,PROD3654,Decentralized 4thgeneration capacity,Automotive,Electronics,6.98,4,0.0,27.92,Credit Card,"Robertstown, Minnesota",,False,True
TXN02748,2022-11-27,09:50:22,c7979adf,70,Male,PROD7913,Reactive disintermediate matrix,Grocery,Dairy,37.73,5,0.0,188.65,Debit Card,"Williamshaven, Maryland",1.7,False,True
TXN02749,2023-02-16,09:50:22,e308aa4e,25,Female,PROD7397,Open-architected static encoding,Clothing,Women,43.87,4,0.0,175.48,Bank Transfer,"Nicoleport, South Dakota",,False,True
TXN02750,2023-01-13,09:50:22,e902f75a,51,Female,PROD6667,Visionary holistic info-mediaries,Health,Vitamins,65.11,5,0.0,325.55,E-Wallet,"Humphreyton, Louisiana",,False,False
TXN02751,2024-06-30,09:50:22,491b7221,59,Female,PROD9033,Public-key system-worthy initiative,Toys,Dolls,61.46,2,0.15,104.48,Cash,"Janetburgh, Pennsylvania",,False,False
TXN02752,2024-04-24,09:50:22,6e5c6acd,18,Male,PROD4556,Cloned 3rdgeneration database,Beauty,Makeup,20.68,5,0.0,103.4,Credit Card,"Shannonton, Oregon",1.0,False,True
TXN02753,2024-10-01,09:50:22,f8f94e79,63,Female,PROD5990,Quality-focused zero-defect protocol,Grocery,Snacks,26.98,2,0.0,53.96,Cash,"East John, New Hampshire",,False,False
TXN02754,2024-02-09,09:50:22,239ff157,23,Male,PROD9435,Extended local workforce,Grocery,Canned Goods,28.52,2,0.0,57.04,Debit Card,"Lake Haley, Hawaii",4.1,False,True
TXN02755,2023-02-16,09:50:22,91f6166b,50,Female,PROD3273,Team-oriented next generation groupware,Grocery,Bakery,20.97,1,0.0,20.97,E-Wallet,"Kristopherfort, Utah",4.4,False,False
TXN02756,2023-09-25,09:50:22,c107ac48,49,Male,PROD4425,Stand-alone zero-defect methodology,Grocery,Snacks,33.9,1,0.28,24.41,Bank Transfer,"South Dawnton, Illinois",4.0,False,False
TXN02757,2023-11-24,09:50:22,eafa7fe7,50,Male,PROD5034,Horizontal well-modulated flexibility,Toys,Dolls,14.83,4,0.0,59.32,Bank Transfer,"Leahview, Tennessee",,False,False
TXN02758,2022-10-25,09:50:22,d5a798a9,57,Male,PROD3834,Customizable leadingedge process improvement,Sports,Cycling,7.39,5,0.0,36.95,Credit Card,"West Richard, Maryland",1.8,False,False
TXN02759,2023-09-26,09:50:22,c4441db1,60,Male,PROD4291,Team-oriented grid-enabled website,Electronics,Laptops,624.54,4,0.0,2498.16,Cash,"Torreshaven, New Mexico",,False,True
TXN02760,2023-12-10,09:50:22,5b010587,55,Female,PROD1777,Profit-focused zero administration Graphical User Interface,Sports,Outdoor,42.59,4,0.0,170.36,Cash,"Emilymouth, Georgia",,False,False
TXN02761,2022-06-29,09:50:22,1d85609a,68,Male,PROD3061,Enhanced didactic capacity,Grocery,Snacks,13.91,3,0.0,41.73,E-Wallet,"Weberborough, Louisiana",3.2,False,False
TXN02762,2024-01-13,09:50:22,8b876ff3,50,Female,PROD3621,Front-line heuristic instruction set,Sports,Outdoor,47.91,3,0.0,143.73,Bank Transfer,"New Barbara, Massachusetts",,False,False
TXN02763,2023-06-30,09:50:22,dd5a5b5c,38,Male,PROD5530,Persevering local Graphic Interface,Automotive,Accessories,17.37,5,0.0,86.85,Debit Card,"Hernandezport, Iowa",,False,False
TXN02764,2025-03-31,09:50:22,8e44fc76,46,Female,PROD6675,Expanded even-keeled groupware,Toys,Games,35.06,5,0.15,149.0,Credit Card,"East Nicholas, New York",2.6,False,False
TXN02765,2025-03-14,09:50:22,faa6c766,26,Female,PROD5317,Ameliorated asynchronous contingency,Home & Kitchen,Appliances,177.42,4,0.19,574.84,Cash,"New Angela, Colorado",,False,True
TXN02766,2023-05-27,09:50:22,d0e500bf,64,Male,PROD9885,Right-sized 5thgeneration archive,Beauty,Haircare,29.33,4,0.0,117.32,E-Wallet,"Stevensonfort, Hawaii",,False,False
TXN02767,2024-07-16,09:50:22,ab5dc651,56,Female,PROD7558,Persevering optimizing algorithm,Sports,Fitness,39.09,1,0.0,39.09,Bank Transfer,"Ericaview, Arkansas",4.4,False,False
TXN02768,2024-01-01,09:50:22,a0e8bfb1,42,Male,PROD2917,Public-key needs-based circuit,Home & Kitchen,Appliances,83.85,5,0.0,419.25,Cash,"New Michael, Connecticut",,False,True
TXN02769,2022-08-25,09:50:22,c4e8275a,60,Male,PROD7713,Balanced exuding circuit,Home & Kitchen,Decor,106.25,1,0.0,106.25,Credit Card,"Mackenzieberg, New York",3.2,True,False
TXN02770,2023-09-08,09:50:22,43ea699c,58,Male,PROD9996,Function-based radical approach,Automotive,Tools,25.88,4,0.22,80.75,Credit Card,"Rhondaburgh, Washington",,False,True
TXN02771,2025-02-12,09:50:22,24f4ee64,46,Male,PROD1285,Decentralized heuristic strategy,Electronics,Cameras,350.68,5,0.0,1753.4,E-Wallet,"Samanthaborough, Texas",,False,False
TXN02772,2024-07-04,09:50:22,c2c74846,18,Female,PROD2648,Down-sized incremental framework,Beauty,Haircare,26.46,5,0.0,132.3,E-Wallet,"Tammyton, Tennessee",2.4,False,False
TXN02773,2022-12-22,09:50:22,ef793e8f,55,Female,PROD9013,Business-focused intermediate Internet solution,Sports,Yoga,1.99,3,0.0,5.97,Cash,"North Nicholasmouth, Wisconsin",,False,False
TXN02774,2023-09-11,09:50:22,2d111256,55,Female,PROD5432,Team-oriented tertiary time-frame,Toys,Educational,20.18,2,0.0,40.36,Credit Card,"South Anthonymouth, Florida",,False,False
TXN02775,2025-02-22,09:50:22,f10cfe83,52,Male,PROD1952,User-friendly contextually-based artificial intelligence,Automotive,Car Care,24.3,2,0.0,48.6,Credit Card,"North Ralphtown, South Dakota",4.0,False,False
TXN02776,2022-09-28,09:50:22,91fef20d,26,Female,PROD5458,Cross-group dedicated interface,Clothing,Women,42.31,5,0.0,211.55,E-Wallet,"Washingtonborough, Oregon",4.4,False,False
TXN02777,2025-04-21,09:50:22,96fefc95,67,Female,PROD7325,Profit-focused 24/7 task-force,Electronics,Smartphones,451.7,5,0.0,2258.5,Credit Card,"Browntown, New York",,False,False
TXN02778,2022-05-30,09:50:22,fc2e5648,46,Male,PROD9504,Customizable optimal leverage,Books,Fiction,28.76,1,0.28,20.71,Credit Card,"Murrayhaven, Georgia",,False,False
TXN02779,2024-05-14,09:50:22,c574978c,66,Male,PROD1531,Customizable didactic extranet,Toys,Educational,39.59,2,0.0,79.18,E-Wallet,"Brittanyfurt, Utah",2.1,False,True
TXN02780,2024-02-13,09:50:22,087a3c70,51,Male,PROD3350,Streamlined executive database,Grocery,Snacks,47.49,5,0.0,237.45,Bank Transfer,"Cookside, Alabama",,False,False
TXN02781,2023-01-31,09:50:22,66d80642,40,Male,PROD2696,Customer-focused hybrid collaboration,Sports,Team Sports,17.0,2,0.0,34.0,Bank Transfer,"South Kevinshire, Mississippi",,False,False
TXN02782,2024-07-06,09:50:22,7375fb9f,60,Female,PROD2033,Customizable hybrid system engine,Electronics,Laptops,259.36,3,0.0,778.08,Credit Card,"North Jason, Wisconsin",,False,False
TXN02783,2024-09-13,09:50:22,9b417e4f,66,Male,PROD5045,Persevering mobile core,Books,Cookbooks,9.16,5,0.0,45.8,Bank Transfer,"Jesseborough, West Virginia",,False,False
TXN02784,2024-05-23,09:50:22,35852a9b,28,Female,PROD2163,Secured high-level Graphical User Interface,Toys,Educational,20.26,4,0.0,81.04,Credit Card,"Port Amy, Virginia",5.0,False,False
TXN02785,2023-04-24,09:50:22,e33fb807,36,Female,PROD4185,Team-oriented bifurcated intranet,Beauty,Skincare,22.96,2,0.0,45.92,E-Wallet,"Danielsview, Alabama",3.2,True,True
TXN02786,2024-12-25,09:50:22,706b585b,63,Male,PROD3955,Customizable well-modulated moratorium,Grocery,Dairy,14.6,2,0.24,22.19,Debit Card,"Williamville, Illinois",3.5,False,False
TXN02787,2022-10-02,09:50:22,b43f69e4,53,Female,PROD2920,User-centric uniform functionalities,Automotive,Accessories,4.08,1,0.0,4.08,Cash,"East Gregoryville, Louisiana",,False,False
TXN02788,2022-06-09,09:50:22,0e48b4f4,43,Female,PROD9082,Multi-layered full-range throughput,Clothing,Men,36.32,4,0.0,145.28,Credit Card,"North James, New York",2.4,False,True
TXN02789,2022-09-21,09:50:22,310056a7,51,Female,PROD6236,Diverse user-facing analyzer,Automotive,Electronics,33.63,5,0.06,158.06,Debit Card,"West Sheila, Louisiana",,False,True
TXN02790,2022-06-03,09:50:22,89aa4380,31,Female,PROD1212,Assimilated high-level analyzer,Sports,Cycling,41.9,5,0.0,209.5,Debit Card,"Brandonhaven, New York",,False,False
TXN02791,2023-10-24,09:50:22,66783d64,60,Male,PROD7193,Secured didactic success,Books,Fiction,18.85,5,0.0,94.25,Debit Card,"Beardport, Nebraska",2.1,False,False
TXN02792,2023-07-21,09:50:22,3f368b9b,48,Female,PROD6955,Upgradable maximized circuit,Books,Fiction,21.74,2,0.0,43.48,Cash,"Traciburgh, Tennessee",3.3,False,False
TXN02793,2022-07-26,09:50:22,58b5a91d,69,Female,PROD9490,Optimized context-sensitive benchmark,Sports,Outdoor,11.47,4,0.0,45.88,Debit Card,"Port Elizabeth, Georgia",2.4,False,False
TXN02794,2022-09-06,09:50:22,c9fd5c36,63,Male,PROD9529,Phased modular superstructure,Sports,Outdoor,29.37,4,0.0,117.48,Bank Transfer,"Sanchezstad, Alabama",,False,True
TXN02795,2024-07-29,09:50:22,7d4e1afe,52,Female,PROD2221,Persevering eco-centric conglomeration,Clothing,Men,24.55,3,0.0,73.65,E-Wallet,"Randyport, Ohio",,False,False
TXN02796,2025-03-08,09:50:22,c8bc4396,56,Male,PROD9257,Centralized optimizing workforce,Toys,Educational,41.46,1,0.0,41.46,Credit Card,"Anaborough, Vermont",,False,False
TXN02797,2023-12-13,09:50:22,90e5b7e7,38,Female,PROD1845,Down-sized intermediate projection,Health,Supplements,1.99,3,0.0,5.97,Credit Card,"Richardland, Nebraska",1.7,False,False
TXN02798,2025-02-25,09:50:22,8c0137fc,33,Female,PROD6891,Universal high-level artificial intelligence,Sports,Yoga,22.81,2,0.0,45.62,Debit Card,"New Brianbury, West Virginia",,False,False
TXN02799,2024-09-02,09:50:22,25f7d180,43,Male,PROD9772,Multi-layered even-keeled analyzer,Books,Fiction,36.02,3,0.27,78.88,Cash,"East Erik, Oregon",,False,False
TXN02800,2024-09-19,09:50:22,0ea6d8d5,25,Female,PROD3632,Grass-roots 24hour service-desk,Grocery,Beverages,33.68,3,0.0,101.04,Debit Card,"West Jeremy, Pennsylvania",2.9,False,False
TXN02801,2024-08-06,09:50:22,9252186a,31,Female,PROD1402,Function-based reciprocal workforce,Toys,Puzzles,83.86,4,0.0,335.44,Cash,"Joshuachester, South Dakota",,False,False
TXN02802,2022-10-21,09:50:22,7acfa1ac,54,Male,PROD3012,Polarized hybrid extranet,Beauty,Fragrances,37.0,5,0.0,185.0,Debit Card,"North William, North Dakota",,False,True
TXN02803,2023-03-14,09:50:22,1126b67e,26,Male,PROD7418,Customer-focused object-oriented throughput,Health,Medical,9.92,1,0.0,9.92,Debit Card,"Maryside, Illinois",,False,True
TXN02804,2023-11-25,09:50:22,8c88ab0d,35,Male,PROD9833,De-engineered secondary customer loyalty,Health,Medical,28.09,1,0.0,28.09,Cash,"Port Matthewview, Rhode Island",2.1,False,False
TXN02805,2022-10-24,09:50:22,77dc89e3,40,Female,PROD4680,Cross-platform regional utilization,Automotive,Accessories,1.99,1,0.0,1.99,Credit Card,"East Jason, Kansas",,True,False
TXN02806,2024-01-30,09:50:22,7ed84697,57,Male,PROD6052,Stand-alone web-enabled policy,Home & Kitchen,Bedding,114.36,2,0.0,228.72,Debit Card,"South Shelbyton, Oregon",2.3,False,False
TXN02807,2022-10-14,09:50:22,cb8e08cb,59,Male,PROD2513,Innovative executive service-desk,Automotive,Car Care,13.34,3,0.0,40.02,E-Wallet,"Maryside, Connecticut",4.3,False,False
TXN02808,2025-03-18,09:50:22,654765bd,42,Female,PROD4445,Configurable mission-critical model,Sports,Fitness,48.31,5,0.0,241.55,Bank Transfer,"Martinmouth, New Mexico",2.6,False,False
TXN02809,2023-06-26,09:50:22,8cc57f72,52,Female,PROD3901,Synchronized global Internet solution,Automotive,Electronics,19.01,2,0.0,38.02,Bank Transfer,"Melissaland, Alabama",1.7,False,False
TXN02810,2023-03-20,09:50:22,53fa3004,43,Male,PROD4999,Self-enabling composite portal,Beauty,Fragrances,27.66,4,0.0,110.64,Debit Card,"Bryanland, Montana",,True,False
TXN02811,2024-03-05,09:50:22,b533de12,50,Male,PROD4860,Seamless impactful info-mediaries,Toys,Action Figures,17.29,1,0.0,17.29,E-Wallet,"South Scott, Utah",,False,False
TXN02812,2024-07-14,09:50:22,f03602e6,36,Male,PROD2479,Seamless intermediate open architecture,Toys,Games,64.78,5,0.26,239.69,Cash,"Port Deborah, Pennsylvania",4.1,False,False
TXN02813,2022-09-18,09:50:22,13e63fea,42,Female,PROD4848,Automated impactful concept,Beauty,Makeup,23.58,1,0.0,23.58,Credit Card,"Bradleyburgh, Delaware",,False,False
TXN02814,2024-01-31,09:50:22,bb54834f,66,Male,PROD9739,Team-oriented 24hour intranet,Home & Kitchen,Bedding,248.28,3,0.0,744.84,Cash,"East Bryanmouth, North Carolina",2.2,False,False
TXN02815,2024-10-17,09:50:22,6ebe64bc,58,Male,PROD9379,Virtual client-server open architecture,Toys,Dolls,46.28,2,0.0,92.56,Cash,"Ashleyhaven, Oregon",,False,False
TXN02816,2023-09-06,09:50:22,556e2519,18,Female,PROD7862,Extended 24/7 moderator,Electronics,Headphones,596.41,4,0.0,2385.64,Credit Card,"Lake Lindaton, Pennsylvania",1.7,False,False
TXN02817,2022-09-01,09:50:22,f60b91d0,70,Female,PROD3197,Focused tangible throughput,Books,Children,37.37,5,0.0,186.85,Debit Card,"East Edward, Alabama",,False,True
TXN02818,2023-09-18,09:50:22,cb69c7cf,48,Male,PROD3416,Front-line multi-state hub,Electronics,Headphones,578.76,4,0.0,2315.04,Bank Transfer,"Erikfort, New Hampshire",3.2,False,False
TXN02819,2022-10-29,09:50:22,0e260906,35,Female,PROD1229,Public-key homogeneous complexity,Electronics,Laptops,114.47,3,0.1,309.07,Bank Transfer,"Elliottburgh, Minnesota",3.3,False,False
TXN02820,2024-10-11,09:50:22,43554a99,60,Male,PROD6669,Reverse-engineered motivating knowledge user,Electronics,Headphones,444.22,2,0.0,888.44,Cash,"Victoriafort, Rhode Island",,False,False
TXN02821,2022-12-29,09:50:22,68d8470d,67,Male,PROD9185,Networked explicit help-desk,Toys,Educational,46.9,4,0.19,151.96,Debit Card,"Jenniferport, Alaska",,False,True
TXN02822,2024-11-19,09:50:22,afa85acb,36,Male,PROD3565,Configurable bottom-line artificial intelligence,Health,Medical,29.02,3,0.0,87.06,Credit Card,"West Megan, Utah",,True,False
TXN02823,2022-08-26,09:50:22,3f7b5a28,26,Male,PROD8216,Total web-enabled approach,Automotive,Electronics,1.99,1,0.0,1.99,Debit Card,"Simmonsland, Louisiana",1.2,False,False
TXN02824,2024-01-29,09:50:22,edfed761,38,Male,PROD8818,Configurable context-sensitive interface,Clothing,Women,48.43,4,0.0,193.72,Debit Card,"Port Sharon, Utah",,False,False
TXN02825,2023-04-30,09:50:22,ea5d52fb,70,Male,PROD6986,Expanded didactic throughput,Home & Kitchen,Cookware,239.29,5,0.27,873.41,Cash,"Littlebury, Michigan",,True,False
TXN02826,2023-01-05,09:50:22,7fbf5220,53,Male,PROD9287,Synergized tertiary interface,Books,Children,54.94,5,0.0,274.7,Debit Card,"Kimberlyberg, Florida",,False,True
TXN02827,2022-05-31,09:50:22,a8ab4ae8,27,Female,PROD9594,Ameliorated modular utilization,Grocery,Dairy,28.76,4,0.0,115.04,Debit Card,"Lake Eric, California",3.4,True,True
TXN02828,2023-02-11,09:50:22,01b101fb,59,Male,PROD3097,Switchable well-modulated installation,Electronics,Cameras,690.29,4,0.0,2761.16,Credit Card,"Wrightside, New Mexico",2.1,False,True
TXN02829,2022-05-29,09:50:22,e01e26b0,60,Male,PROD6481,Implemented systematic software,Sports,Fitness,22.67,3,0.0,68.01,Cash,"Allenchester, Washington",4.7,False,False
TXN02830,2023-04-06,09:50:22,cb1271dd,21,Male,PROD8918,Front-line exuding strategy,Clothing,Accessories,1.99,2,0.0,3.98,E-Wallet,"West Christina, Florida",,False,True
TXN02831,2025-02-15,09:50:22,56050874,63,Male,PROD1484,Fully-configurable dedicated workforce,Health,Supplements,11.51,5,0.07,53.52,Credit Card,"West Christinebury, Massachusetts",2.9,False,True
TXN02832,2024-04-15,09:50:22,94c08800,66,Male,PROD8845,Networked bifurcated policy,Toys,Puzzles,61.26,5,0.0,306.3,Bank Transfer,"Shafferland, Indiana",2.6,False,True
TXN02833,2025-04-11,09:50:22,c2c6116e,42,Male,PROD5787,Horizontal attitude-oriented process improvement,Toys,Educational,24.52,4,0.0,98.08,E-Wallet,"Kathyshire, Rhode Island",1.5,False,False
TXN02834,2025-03-30,09:50:22,ac02ca64,50,Male,PROD6825,Face-to-face systematic projection,Beauty,Skincare,25.13,2,0.08,46.24,Credit Card,"Bobbyton, Wyoming",,False,True
TXN02835,2023-10-18,09:50:22,5df5e4cd,43,Male,PROD3240,Centralized systematic collaboration,Automotive,Electronics,24.0,3,0.1,64.8,Debit Card,"Myersborough, Arizona",,False,False
TXN02836,2023-04-12,09:50:22,b060217b,53,Male,PROD4555,Upgradable scalable challenge,Sports,Yoga,68.08,4,0.0,272.32,E-Wallet,"Medinamouth, New Mexico",2.7,False,True
TXN02837,2024-06-05,09:50:22,b1afebbf,59,Male,PROD5071,Synergized holistic moderator,Grocery,Dairy,62.52,4,0.0,250.08,E-Wallet,"North Sharon, Ohio",2.3,False,False
TXN02838,2023-01-20,09:50:22,63b6a675,18,Male,PROD6863,Vision-oriented 3rdgeneration software,Beauty,Makeup,74.38,5,0.0,371.9,Bank Transfer,"Port Michael, Montana",,False,False
TXN02839,2023-11-07,09:50:22,6b0797b6,33,Female,PROD1494,Decentralized heuristic middleware,Toys,Action Figures,26.82,5,0.0,134.1,Cash,"North Omar, Alabama",1.8,False,True
TXN02840,2023-01-02,09:50:22,c4bfd274,30,Female,PROD8589,Multi-tiered tertiary open system,Health,First Aid,35.91,3,0.0,107.73,Cash,"New Caseyfort, Iowa",2.1,True,False
TXN02841,2022-07-05,09:50:22,de442308,41,Female,PROD6511,Pre-emptive upward-trending structure,Health,Vitamins,1.99,5,0.0,9.95,E-Wallet,"Kimberlybury, Texas",3.1,False,False
TXN02842,2024-03-22,09:50:22,e144b747,19,Female,PROD8702,Fundamental 5thgeneration extranet,Grocery,Bakery,59.54,4,0.28,171.48,Debit Card,"Bryanmouth, California",4.1,False,False
TXN02843,2024-10-01,09:50:22,34edda2f,36,Male,PROD9141,Robust modular flexibility,Automotive,Electronics,6.64,1,0.0,6.64,Bank Transfer,"West Kevin, Alabama",,False,False
TXN02844,2023-11-14,09:50:22,fa242777,60,Female,PROD2119,Reverse-engineered client-server standardization,Health,Medical,34.34,2,0.26,50.82,Debit Card,"East Kylemouth, North Dakota",4.2,False,False
TXN02845,2025-04-12,09:50:22,43777b24,44,Male,PROD6049,Extended empowering firmware,Health,Wellness,8.05,1,0.0,8.05,Bank Transfer,"Richardhaven, Massachusetts",,False,True
TXN02846,2022-09-13,09:50:22,05404388,46,Male,PROD3382,Cross-platform next generation time-frame,Beauty,Tools,18.22,3,0.0,54.66,Bank Transfer,"New James, Colorado",4.7,False,False
TXN02847,2023-10-26,09:50:22,c6661379,28,Female,PROD9749,Adaptive 6thgeneration orchestration,Home & Kitchen,Bedding,61.39,1,0.0,61.39,Debit Card,"Swansonport, Alabama",,False,False
TXN02848,2022-10-10,09:50:22,7e454f58,19,Female,PROD2637,Networked zero-defect functionalities,Home & Kitchen,Cookware,77.45,5,0.0,387.25,Bank Transfer,"West Rebeccaport, Utah",1.3,False,False
TXN02849,2025-02-15,09:50:22,ae8502f6,31,Female,PROD7821,Customer-focused human-resource complexity,Automotive,Parts,19.22,3,0.23,44.4,Credit Card,"Port Kelseytown, Ohio",3.8,False,False
TXN02850,2024-11-23,09:50:22,061d98b7,45,Female,PROD5182,Synergized 24hour collaboration,Sports,Cycling,19.03,4,0.0,76.12,Credit Card,"North Sueland, Rhode Island",,False,False
TXN02851,2025-03-17,09:50:22,052c8604,41,Female,PROD1739,Reactive bandwidth-monitored throughput,Clothing,Kids,75.0,3,0.06,211.5,Cash,"Ramseymouth, Nevada",1.1,False,False
TXN02852,2024-05-12,09:50:22,05500996,28,Female,PROD9586,Customizable explicit superstructure,Clothing,Men,16.85,4,0.0,67.4,Credit Card,"South Michelle, West Virginia",2.8,False,True
TXN02853,2022-08-27,09:50:22,1e1c7ced,65,Female,PROD5237,Diverse 24/7 policy,Automotive,Electronics,34.41,3,0.0,103.23,Cash,"South Jason, New York",,False,False
TXN02854,2025-02-22,09:50:22,d0eab417,62,Male,PROD7734,Cross-platform stable service-desk,Health,Wellness,54.36,2,0.0,108.72,Cash,"South Xavierfurt, Texas",1.5,False,False
TXN02855,2023-04-12,09:50:22,bff6b151,53,Male,PROD8935,Reverse-engineered 24hour access,Sports,Team Sports,19.74,4,0.0,78.96,Cash,"North Barbaraville, Iowa",3.0,False,False
TXN02856,2024-05-28,09:50:22,b770aee2,68,Female,PROD9119,Multi-tiered bottom-line knowledge user,Sports,Outdoor,15.64,5,0.0,78.2,Debit Card,"Port Russelltown, Tennessee",,False,False
TXN02857,2023-03-24,09:50:22,e1c0f590,62,Male,PROD5213,Synchronized methodical complexity,Grocery,Dairy,25.39,1,0.0,25.39,Credit Card,"New Brianport, Nebraska",,False,False
TXN02858,2023-10-10,09:50:22,02f30e6e,49,Female,PROD6769,Customer-focused bottom-line extranet,Sports,Yoga,53.59,1,0.08,49.3,Credit Card,"Christinaburgh, Minnesota",2.6,False,False
TXN02859,2022-12-02,09:50:22,2212b37c,24,Female,PROD8044,Quality-focused upward-trending middleware,Electronics,Headphones,538.82,1,0.0,538.82,E-Wallet,"Lake Andrewfurt, Virginia",3.3,False,False
TXN02860,2022-12-28,09:50:22,8aefcb5d,62,Female,PROD4451,Phased local productivity,Electronics,Headphones,393.76,3,0.22,921.4,Debit Card,"South Chris, Utah",,False,False
TXN02861,2023-08-16,09:50:22,3a5b1fe9,20,Male,PROD6697,Switchable cohesive framework,Books,Educational,39.68,4,0.0,158.72,Debit Card,"Donaldton, New Hampshire",4.4,False,False
TXN02862,2025-03-13,09:50:22,7c4df71a,26,Female,PROD7857,Multi-lateral context-sensitive protocol,Toys,Dolls,7.95,5,0.18,32.6,E-Wallet,"Coreyport, New York",2.1,False,True
TXN02863,2022-05-11,09:50:22,59dc39f6,57,Male,PROD7402,Synergized web-enabled emulation,Books,Cookbooks,43.63,2,0.0,87.26,Credit Card,"North Drew, Wyoming",3.7,False,True
TXN02864,2022-08-04,09:50:22,f514fff7,62,Female,PROD4709,Decentralized systematic synergy,Sports,Fitness,38.17,2,0.0,76.34,Credit Card,"Joshuatown, South Carolina",,False,True
TXN02865,2022-05-31,09:50:22,e6e1a0a9,59,Male,PROD6313,Total well-modulated orchestration,Electronics,Headphones,438.44,4,0.0,1753.76,E-Wallet,"West Kayla, Arkansas",4.9,False,False
TXN02866,2023-09-18,09:50:22,4365e690,32,Female,PROD4664,Organized stable task-force,Beauty,Makeup,13.23,1,0.0,13.23,E-Wallet,"Caitlinborough, South Dakota",4.9,False,False
TXN02867,2022-08-08,09:50:22,10986ea8,33,Male,PROD6454,Compatible upward-trending core,Automotive,Car Care,12.27,1,0.0,12.27,Credit Card,"Morganchester, Tennessee",,False,True
TXN02868,2024-12-27,09:50:22,bd413520,39,Female,PROD3185,Inverse fault-tolerant intranet,Grocery,Dairy,40.7,4,0.0,162.8,Bank Transfer,"North Jasmine, Oklahoma",2.5,False,False
TXN02869,2024-05-20,09:50:22,e1210fc0,18,Female,PROD3563,Implemented responsive structure,Electronics,Headphones,745.8,1,0.0,745.8,Cash,"Christopherville, Wisconsin",3.7,False,False
TXN02870,2024-06-28,09:50:22,7adb00fb,67,Male,PROD6630,Reactive optimizing focus group,Automotive,Car Care,17.25,5,0.0,86.25,Cash,"Kellychester, Alaska",,False,False
TXN02871,2023-03-09,09:50:22,5cbb08ca,43,Male,PROD6138,Total static middleware,Automotive,Electronics,39.17,4,0.0,156.68,Cash,"Stephanietown, West Virginia",,False,True
TXN02872,2023-05-07,09:50:22,80d2db59,62,Female,PROD2237,Multi-lateral content-based firmware,Home & Kitchen,Cookware,1.99,3,0.07,5.55,Bank Transfer,"Gilmorehaven, Connecticut",4.5,False,True
TXN02873,2022-07-17,09:50:22,32732bf2,47,Male,PROD5376,Profit-focused grid-enabled synergy,Automotive,Parts,18.31,5,0.0,91.55,Credit Card,"East Andrewmouth, Maine",,False,True
TXN02874,2024-09-10,09:50:22,e07412e9,62,Male,PROD2834,Business-focused client-server time-frame,Sports,Cycling,29.38,1,0.0,29.38,Bank Transfer,"New Gordonside, Virginia",5.0,False,True
TXN02875,2023-08-08,09:50:22,1a928ab9,67,Female,PROD5067,Exclusive background encryption,Clothing,Shoes,22.71,3,0.0,68.13,Credit Card,"Romeroview, California",2.3,False,True
TXN02876,2024-02-24,09:50:22,72612a8d,24,Female,PROD9651,Customizable cohesive encryption,Beauty,Fragrances,11.27,1,0.0,11.27,Bank Transfer,"Fitzpatrickhaven, Alaska",,False,True
TXN02877,2023-09-26,09:50:22,3b9c60f8,33,Female,PROD5948,Adaptive intermediate encoding,Books,Fiction,16.64,5,0.0,83.2,Cash,"North Kristie, Iowa",1.2,False,False
TXN02878,2024-09-04,09:50:22,b3549b3e,18,Male,PROD9539,Monitored content-based budgetary management,Clothing,Women,58.77,4,0.0,235.08,E-Wallet,"Bryantfort, Mississippi",,False,False
TXN02879,2024-02-20,09:50:22,25bf4d80,52,Male,PROD5387,Secured eco-centric approach,Automotive,Electronics,26.25,5,0.0,131.25,Cash,"Chrisshire, Arizona",,True,True
TXN02880,2023-11-12,09:50:22,c1f441e1,39,Female,PROD4626,Visionary leadingedge algorithm,Electronics,TVs,52.35,1,0.0,52.35,Credit Card,"South Abigailside, Texas",,False,False
TXN02881,2022-10-12,09:50:22,ce9f3306,24,Female,PROD7796,Ergonomic multi-tasking support,Toys,Puzzles,1.99,5,0.1,8.96,Credit Card,"Bradfordville, Maryland",,False,False
TXN02882,2024-06-07,09:50:22,8138e183,45,Female,PROD3362,Expanded incremental conglomeration,Home & Kitchen,Furniture,77.52,2,0.0,155.04,Cash,"West Johnbury, Arkansas",4.6,False,True
TXN02883,2023-01-05,09:50:22,97381835,47,Female,PROD9343,Focused client-server info-mediaries,Sports,Cycling,39.15,5,0.0,195.75,E-Wallet,"Carterborough, Alabama",,False,False
TXN02884,2025-02-27,09:50:22,d88591d6,18,Male,PROD4671,Extended dedicated Internet solution,Beauty,Tools,1.99,3,0.0,5.97,Debit Card,"Holderhaven, Texas",,False,False
TXN02885,2022-08-21,09:50:22,d0c7c64e,66,Female,PROD7401,Innovative mission-critical alliance,Toys,Games,20.01,4,0.0,80.04,Cash,"Angelicahaven, Arizona",,False,False
TXN02886,2023-05-08,09:50:22,a8f7fb36,37,Male,PROD9213,Devolved motivating open system,Automotive,Tools,19.48,2,0.29,27.66,Bank Transfer,"Lake Andrew, Oregon",,False,False
TXN02887,2023-08-06,09:50:22,621af1f1,64,Female,PROD4113,Universal 6thgeneration solution,Beauty,Skincare,57.77,4,0.0,231.08,Credit Card,"Morrisside, Montana",,False,True
TXN02888,2025-03-27,09:50:22,55c8fd66,42,Female,PROD2540,Function-based cohesive instruction set,Home & Kitchen,Appliances,93.05,1,0.0,93.05,Debit Card,"Martinton, Vermont",5.0,False,False
TXN02889,2022-08-08,09:50:22,a0d65a70,52,Female,PROD2942,Ergonomic user-facing superstructure,Grocery,Bakery,37.66,3,0.0,112.98,Cash,"Jonesfort, Maryland",3.0,False,True
TXN02890,2024-08-04,09:50:22,7153d468,51,Male,PROD7045,Centralized analyzing artificial intelligence,Sports,Cycling,32.83,2,0.0,65.66,Cash,"South Rebeccaview, California",,False,False
TXN02891,2022-09-24,09:50:22,786fa08f,55,Male,PROD1248,Synchronized grid-enabled synergy,Beauty,Makeup,1.99,4,0.0,7.96,Cash,"South Marcusshire, Louisiana",,False,False
TXN02892,2024-12-13,09:50:22,2717e17c,47,Female,PROD3674,Reactive multi-tasking project,Toys,Puzzles,45.36,2,0.22,70.76,Bank Transfer,"Vincentview, Washington",,False,False
TXN02893,2023-12-05,09:50:22,21bf2c87,52,Male,PROD6642,Front-line asynchronous website,Grocery,Snacks,34.31,2,0.0,68.62,Debit Card,"Port Julie, South Carolina",,False,False
TXN02894,2024-02-01,09:50:22,4b560e5a,23,Female,PROD9145,Synergized uniform approach,Books,Cookbooks,40.17,1,0.29,28.52,Debit Card,"Jonesburgh, Tennessee",,False,False
TXN02895,2024-03-06,09:50:22,55a1cbc9,60,Female,PROD5382,Robust exuding encoding,Toys,Dolls,108.52,5,0.0,542.6,Credit Card,"Port Jamestown, Ohio",1.5,False,False
TXN02896,2022-10-29,09:50:22,30a9d766,19,Male,PROD4051,Operative global monitoring,Grocery,Canned Goods,1.99,1,0.0,1.99,Cash,"Marthastad, Michigan",,False,False
TXN02897,2024-11-26,09:50:22,fa896d4d,45,Female,PROD8968,Multi-tiered reciprocal process improvement,Clothing,Accessories,101.74,4,0.0,406.96,E-Wallet,"Montgomeryfort, Mississippi",,False,True
TXN02898,2022-05-22,09:50:22,2de494b3,36,Male,PROD4775,Focused global hardware,Books,Non-Fiction,24.25,1,0.0,24.25,Credit Card,"Amberport, Tennessee",,False,True
TXN02899,2024-05-30,09:50:22,01388a3c,48,Female,PROD6665,Networked explicit intranet,Books,Cookbooks,35.75,2,0.0,71.5,Credit Card,"Ellistown, Missouri",3.6,False,True
TXN02900,2023-06-20,09:50:22,b4f043fd,26,Female,PROD3099,Ameliorated empowering installation,Beauty,Makeup,29.09,2,0.0,58.18,Bank Transfer,"North Benjamin, Texas",,False,False
TXN02901,2023-12-24,09:50:22,afc38c79,21,Male,PROD2747,Customer-focused holistic migration,Books,Educational,21.52,2,0.0,43.04,Cash,"Jerryburgh, Florida",2.4,False,False
TXN02902,2024-01-18,09:50:22,88d76185,32,Female,PROD4106,Ameliorated attitude-oriented projection,Sports,Outdoor,18.6,1,0.28,13.39,Bank Transfer,"Christianfurt, Nebraska",,False,False
TXN02903,2023-09-14,09:50:22,23df0425,69,Male,PROD5675,Reactive 5thgeneration frame,Toys,Puzzles,36.59,4,0.0,146.36,Bank Transfer,"Port Jessicaside, Nebraska",,False,False
TXN02904,2024-12-11,09:50:22,2b3caba5,46,Female,PROD1917,Enterprise-wide exuding Graphical User Interface,Health,Wellness,1.99,2,0.0,3.98,Bank Transfer,"Atkinsview, Pennsylvania",4.2,False,False
TXN02905,2024-05-29,09:50:22,e5e80d96,27,Female,PROD6087,Balanced bottom-line budgetary management,Grocery,Bakery,45.01,2,0.0,90.02,Debit Card,"Villaview, Wisconsin",,False,False
TXN02906,2025-02-09,09:50:22,3efd139e,51,Female,PROD4526,Triple-buffered radical superstructure,Books,Cookbooks,21.68,3,0.0,65.04,E-Wallet,"Jacquelineberg, New York",,False,False
TXN02907,2023-06-10,09:50:22,dae8962c,68,Male,PROD2059,Advanced multi-tasking open system,Clothing,Women,16.1,5,0.0,80.5,Cash,"West Alexander, Utah",4.1,False,False
TXN02908,2023-09-20,09:50:22,c5ba7acf,23,Female,PROD8546,Open-architected incremental infrastructure,Books,Non-Fiction,21.0,2,0.0,42.0,Cash,"Smithbury, Colorado",,False,False
TXN02909,2023-03-10,09:50:22,980a0fd2,40,Female,PROD9084,Automated 4thgeneration capability,Toys,Dolls,55.14,4,0.0,220.56,Bank Transfer,"East Douglas, Arkansas",4.7,False,False
TXN02910,2022-05-19,09:50:22,153cc94d,19,Male,PROD2596,Re-contextualized empowering portal,Books,Cookbooks,19.29,2,0.0,38.58,Debit Card,"Rebeccaport, Delaware",,False,True
TXN02911,2024-08-22,09:50:22,2e33b5fe,55,Female,PROD2764,Quality-focused 5thgeneration analyzer,Toys,Educational,37.17,5,0.1,167.27,Credit Card,"Lake Gloriamouth, Iowa",2.3,False,False
TXN02912,2022-06-23,09:50:22,13e761ea,18,Female,PROD6784,De-engineered reciprocal workforce,Electronics,Cameras,353.81,4,0.0,1415.24,Credit Card,"East Richardmouth, New Jersey",,False,False
TXN02913,2023-08-26,09:50:22,e182438b,64,Female,PROD7939,Horizontal asynchronous installation,Home & Kitchen,Cookware,173.05,2,0.0,346.1,E-Wallet,"Darleneville, Maryland",4.4,False,False
TXN02914,2024-04-14,09:50:22,d9348f6e,55,Female,PROD3544,Persistent secondary pricing structure,Health,Medical,43.71,5,0.06,205.44,Cash,"Saundersmouth, Kansas",,False,True
TXN02915,2022-05-25,09:50:22,4c15ac77,47,Female,PROD8331,Multi-channeled impactful neural-net,Grocery,Canned Goods,66.97,2,0.0,133.94,Debit Card,"Bonillaborough, Montana",2.3,False,False
TXN02916,2024-03-22,09:50:22,81e23f4a,38,Male,PROD4388,Configurable optimal paradigm,Grocery,Canned Goods,26.49,2,0.0,52.98,Cash,"Port Peggy, Louisiana",3.1,False,True
TXN02917,2022-05-08,09:50:22,c51893c9,50,Male,PROD7765,Open-source 3rdgeneration strategy,Health,First Aid,43.37,5,0.05,206.01,E-Wallet,"South Allisonborough, Maine",,False,False
TXN02918,2024-06-14,09:50:22,ff5a20ea,63,Female,PROD9151,Streamlined exuding leverage,Health,Wellness,31.96,1,0.0,31.96,Cash,"Jessicaside, North Dakota",5.0,False,True
TXN02919,2024-01-25,09:50:22,714cb838,42,Female,PROD9199,Object-based secondary methodology,Home & Kitchen,Furniture,210.71,4,0.28,606.84,Cash,"Michaelport, Minnesota",4.1,False,True
TXN02920,2022-12-04,09:50:22,d873d2d6,63,Male,PROD6937,Reduced holistic algorithm,Electronics,Laptops,356.23,2,0.0,712.46,Debit Card,"East Joseshire, Ohio",2.5,False,False
TXN02921,2023-06-30,09:50:22,bc979195,65,Male,PROD9179,Future-proofed needs-based challenge,Toys,Educational,44.9,2,0.0,89.8,Credit Card,"Jamesview, Montana",,False,False
TXN02922,2025-04-25,09:50:22,03f09b6d,65,Male,PROD4005,Horizontal multi-tasking time-frame,Health,Medical,26.11,4,0.0,104.44,Cash,"West Kristin, Vermont",4.8,False,True
TXN02923,2023-09-05,09:50:22,f44b9620,29,Female,PROD6468,Robust non-volatile standardization,Health,Wellness,28.72,2,0.0,57.44,Debit Card,"Port Tylerstad, Iowa",1.4,False,True
TXN02924,2024-09-11,09:50:22,317add5b,43,Female,PROD4566,Advanced zero tolerance process improvement,Grocery,Bakery,31.84,1,0.0,31.84,Credit Card,"Juliechester, Iowa",3.5,False,True
TXN02925,2025-02-06,09:50:22,e6ea2927,42,Female,PROD1925,Progressive exuding core,Toys,Dolls,35.04,4,0.28,100.92,Credit Card,"Brownmouth, Hawaii",,False,False
TXN02926,2022-09-05,09:50:22,4b5653a0,62,Female,PROD5036,Visionary object-oriented parallelism,Electronics,TVs,476.75,5,0.1,2145.38,Cash,"West Mary, Oklahoma",,False,False
TXN02927,2023-02-21,09:50:22,d5e609bc,46,Female,PROD8681,Advanced background projection,Home & Kitchen,Decor,135.03,2,0.0,270.06,Bank Transfer,"Aguilarchester, New Jersey",2.3,False,False
TXN02928,2023-11-30,09:50:22,cfdf9947,62,Female,PROD2574,Seamless user-facing frame,Beauty,Tools,61.56,5,0.0,307.8,Credit Card,"Janeshire, New Mexico",,False,False
TXN02929,2022-11-12,09:50:22,4b8fce1c,31,Male,PROD7407,Multi-tiered encompassing ability,Home & Kitchen,Decor,188.98,1,0.08,173.86,Debit Card,"Cruzshire, Oklahoma",,False,True
TXN02930,2022-08-03,09:50:22,812e4d27,22,Female,PROD9187,Re-contextualized logistical challenge,Beauty,Fragrances,47.38,1,0.11,42.17,Bank Transfer,"West Michaelbury, Michigan",4.4,False,False
TXN02931,2023-08-23,09:50:22,2d8908d4,68,Female,PROD2392,Up-sized high-level monitoring,Health,Vitamins,20.89,5,0.0,104.45,Cash,"South Jose, Georgia",1.3,False,False
TXN02932,2025-04-04,09:50:22,232dcea2,41,Male,PROD9958,Advanced empowering moderator,Sports,Team Sports,12.22,5,0.0,61.1,Debit Card,"New Megan, Ohio",1.9,False,False
TXN02933,2024-08-28,09:50:22,761e330a,56,Male,PROD4859,Devolved cohesive frame,Electronics,Headphones,691.06,2,0.22,1078.05,Debit Card,"Lake Amanda, Maine",,False,True
TXN02934,2024-06-06,09:50:22,7578234b,40,Female,PROD5920,Inverse executive knowledge user,Books,Cookbooks,47.52,5,0.0,237.6,Cash,"Lake Kevin, New Hampshire",,False,True
TXN02935,2024-11-29,09:50:22,618d0709,20,Female,PROD3472,Triple-buffered optimal system engine,Automotive,Parts,59.45,4,0.0,237.8,Cash,"West Carolineland, West Virginia",3.7,False,True
TXN02936,2022-10-26,09:50:22,b3edfe19,52,Female,PROD6178,Phased context-sensitive installation,Electronics,Smartphones,379.2,5,0.0,1896.0,Credit Card,"New Sylviahaven, Washington",,False,False
TXN02937,2022-11-17,09:50:22,4e9e7c24,24,Male,PROD7888,Optimized fresh-thinking firmware,Sports,Fitness,25.41,3,0.0,76.23,Credit Card,"East Ericaport, Ohio",,False,False
TXN02938,2025-03-06,09:50:22,5fe56192,42,Male,PROD7293,Cross-platform 24hour support,Beauty,Haircare,1.99,4,0.0,7.96,Bank Transfer,"Theresaside, Oregon",1.8,False,True
TXN02939,2023-02-03,09:50:22,72bca83a,32,Male,PROD8856,Programmable composite pricing structure,Sports,Outdoor,22.15,2,0.0,44.3,E-Wallet,"New Matthew, Iowa",2.8,False,False
TXN02940,2024-07-21,09:50:22,441ad051,18,Male,PROD4581,User-friendly coherent success,Home & Kitchen,Decor,189.76,2,0.0,379.52,Bank Transfer,"Jamesshire, Kansas",4.7,False,True
TXN02941,2022-10-06,09:50:22,66b284f5,25,Female,PROD1142,Networked asymmetric focus group,Books,Non-Fiction,20.67,3,0.0,62.01,Credit Card,"Danafort, Missouri",,False,False
TXN02942,2022-09-10,09:50:22,4617cea9,28,Male,PROD5418,Extended responsive archive,Beauty,Fragrances,42.81,2,0.0,85.62,Credit Card,"Amystad, Wisconsin",3.5,False,False
TXN02943,2024-10-12,09:50:22,e0135d00,55,Male,PROD2525,Expanded encompassing ability,Books,Non-Fiction,26.19,4,0.0,104.76,Bank Transfer,"West Dannyland, Vermont",3.1,False,True
TXN02944,2023-01-28,09:50:22,7d0f2020,51,Female,PROD5906,Proactive context-sensitive workforce,Grocery,Dairy,36.48,4,0.0,145.92,Bank Transfer,"North Michelleside, Illinois",2.8,False,False
TXN02945,2023-09-02,09:50:22,66ee7e1f,34,Female,PROD2057,Extended discrete service-desk,Sports,Team Sports,7.05,4,0.08,25.94,Bank Transfer,"Amandaborough, Ohio",3.1,False,True
TXN02946,2023-12-24,09:50:22,6519b387,35,Male,PROD8185,Intuitive analyzing extranet,Health,Medical,31.7,2,0.0,63.4,Cash,"North John, Illinois",2.9,False,True
TXN02947,2023-10-22,09:50:22,301cfa49,68,Male,PROD9983,Synchronized transitional strategy,Grocery,Bakery,1.99,3,0.0,5.97,E-Wallet,"Ortegastad, Minnesota",,False,False
TXN02948,2024-02-10,09:50:22,08ffa243,26,Male,PROD1663,Enterprise-wide asynchronous utilization,Books,Children,26.26,3,0.0,78.78,Bank Transfer,"Lake Timland, North Dakota",,False,True
TXN02949,2024-07-18,09:50:22,4ac577e7,38,Female,PROD5659,Multi-tiered actuating contingency,Electronics,TVs,173.91,5,0.12,765.2,Credit Card,"Port Toddside, South Carolina",2.8,True,False
TXN02950,2024-03-04,09:50:22,f24d45a9,60,Female,PROD2689,Seamless encompassing toolset,Clothing,Accessories,86.18,2,0.0,172.36,Debit Card,"Port Charles, Tennessee",,False,True
TXN02951,2024-02-16,09:50:22,50fc1979,41,Male,PROD7036,De-engineered explicit solution,Grocery,Beverages,45.55,1,0.0,45.55,E-Wallet,"Lake Tamara, Washington",,False,False
TXN02952,2024-11-18,09:50:22,0756b082,56,Female,PROD1001,Vision-oriented multi-state Graphical User Interface,Health,Wellness,39.33,1,0.0,39.33,Debit Card,"East Amymouth, Wisconsin",,False,False
TXN02953,2023-11-13,09:50:22,91b2009e,30,Female,PROD7961,Enterprise-wide fault-tolerant conglomeration,Sports,Yoga,60.42,5,0.0,302.1,Bank Transfer,"Lake Albert, New York",1.6,False,False
TXN02954,2023-08-27,09:50:22,3320800f,42,Female,PROD1446,Multi-tiered discrete utilization,Books,Educational,11.02,2,0.0,22.04,Bank Transfer,"Johnfurt, Louisiana",3.9,False,False
TXN02955,2022-10-05,09:50:22,37167a8b,61,Female,PROD5545,Ameliorated interactive adapter,Books,Cookbooks,64.95,3,0.0,194.85,Credit Card,"South Nathan, Wyoming",,False,False
TXN02956,2023-06-25,09:50:22,76fdf90c,61,Male,PROD1282,Inverse stable database,Books,Non-Fiction,48.64,5,0.0,243.2,Bank Transfer,"Port Stephanie, Ohio",,False,False
TXN02957,2023-02-08,09:50:22,93f1a39f,36,Female,PROD4892,Managed upward-trending forecast,Home & Kitchen,Appliances,103.44,4,0.0,413.76,E-Wallet,"East Karenchester, Georgia",3.1,True,False
TXN02958,2022-12-15,09:50:22,b7dab517,31,Female,PROD3696,Up-sized static framework,Clothing,Kids,84.07,4,0.0,336.28,Credit Card,"New Jasonborough, Mississippi",2.8,False,False
TXN02959,2023-03-20,09:50:22,4b8813a8,50,Female,PROD1117,Ergonomic bandwidth-monitored system engine,Automotive,Tools,7.87,5,0.0,39.35,Bank Transfer,"West Scott, Wisconsin",,False,False
TXN02960,2022-12-08,09:50:22,4ee8caec,27,Female,PROD9545,Front-line interactive moderator,Grocery,Bakery,13.51,1,0.0,13.51,E-Wallet,"Lake Kellychester, Connecticut",2.4,False,False
TXN02961,2023-04-07,09:50:22,7fff693c,20,Female,PROD7806,Decentralized dedicated middleware,Sports,Fitness,17.83,4,0.0,71.32,Credit Card,"New Paula, Kentucky",,False,True
TXN02962,2024-11-11,09:50:22,40b73be0,68,Male,PROD4000,Managed bottom-line ability,Home & Kitchen,Bedding,82.97,1,0.0,82.97,Bank Transfer,"West Ethanchester, Ohio",2.0,False,False
TXN02963,2024-12-15,09:50:22,b08ee3af,36,Male,PROD6081,Distributed solution-oriented core,Sports,Outdoor,8.87,4,0.0,35.48,Bank Transfer,"Lake Christopherton, Minnesota",,False,False
TXN02964,2024-02-08,09:50:22,9be1d2f3,51,Female,PROD9694,Distributed well-modulated Local Area Network,Books,Non-Fiction,54.46,1,0.0,54.46,E-Wallet,"Port Loristad, Vermont",,False,False
TXN02965,2024-08-15,09:50:22,eb9c226f,45,Female,PROD3652,Innovative web-enabled knowledge user,Beauty,Tools,24.82,2,0.0,49.64,E-Wallet,"Amberberg, North Dakota",,False,False
TXN02966,2023-01-08,09:50:22,d2302d1c,54,Female,PROD8354,Progressive 3rdgeneration intranet,Sports,Yoga,37.05,1,0.0,37.05,E-Wallet,"Juanfort, Kentucky",2.9,False,False
TXN02967,2024-05-08,09:50:22,85538ea7,48,Male,PROD6796,Innovative exuding structure,Sports,Team Sports,18.59,1,0.0,18.59,Cash,"West Chadstad, Vermont",4.8,False,True
TXN02968,2023-07-05,09:50:22,f36ec258,58,Female,PROD6330,Virtual solution-oriented info-mediaries,Home & Kitchen,Cookware,1.99,5,0.0,9.95,Bank Transfer,"Blackshire, Arizona",,False,True
TXN02969,2024-11-16,09:50:22,3c29f75d,20,Male,PROD3505,Secured discrete superstructure,Sports,Yoga,35.4,5,0.0,177.0,Cash,"West Timothyfurt, Louisiana",,False,True
TXN02970,2024-01-27,09:50:22,98e52e4e,43,Female,PROD1225,Innovative object-oriented task-force,Beauty,Skincare,1.99,3,0.17,4.96,Cash,"South Christopher, Pennsylvania",,False,True
TXN02971,2024-12-09,09:50:22,160eef81,32,Female,PROD1272,Enhanced optimal encryption,Clothing,Men,47.94,3,0.0,143.82,E-Wallet,"East Nicholaston, South Dakota",,False,False
TXN02972,2023-10-30,09:50:22,70ac46e7,59,Male,PROD3131,Organized encompassing info-mediaries,Sports,Fitness,2.63,1,0.26,1.95,Cash,"Christopherfort, Rhode Island",,False,True
TXN02973,2023-01-06,09:50:22,35801e93,57,Male,PROD6440,Front-line bottom-line extranet,Health,Wellness,69.75,1,0.0,69.75,E-Wallet,"East Rick, New Mexico",2.2,False,False
TXN02974,2022-11-07,09:50:22,12c8254b,43,Female,PROD8982,Synergistic bandwidth-monitored algorithm,Automotive,Tools,48.23,2,0.0,96.46,E-Wallet,"Lake Jessica, Iowa",,False,True
TXN02975,2023-03-24,09:50:22,0fafe613,33,Female,PROD2058,Exclusive secondary process improvement,Sports,Team Sports,32.12,5,0.0,160.6,Credit Card,"Tracyside, North Dakota",,False,False
TXN02976,2024-01-19,09:50:22,bcfa8ddc,43,Male,PROD1577,Multi-channeled maximized approach,Home & Kitchen,Cookware,208.46,3,0.0,625.38,Bank Transfer,"North Adamburgh, Kentucky",3.5,False,False
TXN02977,2022-07-27,09:50:22,4b3cf8bf,49,Male,PROD6180,Multi-channeled national system engine,Beauty,Haircare,13.07,2,0.0,26.14,Bank Transfer,"Shermanside, Wisconsin",1.1,False,True
TXN02978,2023-07-20,09:50:22,adc5e5da,31,Male,PROD9156,Focused global solution,Health,First Aid,40.87,1,0.0,40.87,Credit Card,"Jenniferland, Maryland",3.3,False,False
TXN02979,2024-03-07,09:50:22,d7c17baf,32,Male,PROD4765,Inverse even-keeled infrastructure,Automotive,Tools,34.0,4,0.0,136.0,Bank Transfer,"Huntstad, Wisconsin",,False,False
TXN02980,2023-03-05,09:50:22,7a71246e,24,Female,PROD5135,Reduced optimal help-desk,Toys,Puzzles,35.28,1,0.0,35.28,Bank Transfer,"West Jennifermouth, Wyoming",,False,False
TXN02981,2022-11-08,09:50:22,f989fb84,32,Female,PROD2769,Diverse dedicated utilization,Toys,Dolls,55.45,3,0.0,166.35,Credit Card,"Brownmouth, Alaska",1.6,False,False
TXN02982,2023-09-26,09:50:22,d6ac7ba6,68,Female,PROD9000,Face-to-face human-resource paradigm,Automotive,Car Care,44.65,4,0.27,130.38,Bank Transfer,"Lake Johnview, Maryland",2.4,False,True
TXN02983,2024-05-03,09:50:22,32b2ba86,59,Male,PROD2467,Future-proofed bifurcated strategy,Electronics,Cameras,557.74,5,0.0,2788.7,E-Wallet,"Garciamouth, Nevada",,False,False
TXN02984,2024-07-25,09:50:22,f83f0899,34,Female,PROD8336,Face-to-face 5thgeneration interface,Clothing,Shoes,1.99,1,0.0,1.99,Debit Card,"East Nancy, Florida",,False,False
TXN02985,2025-03-22,09:50:22,8ae5d74a,36,Female,PROD9195,Cross-group impactful flexibility,Electronics,TVs,307.99,3,0.0,923.97,Cash,"North Jeffrey, Michigan",1.7,False,True
TXN02986,2022-08-14,09:50:22,81d109db,32,Female,PROD1729,Integrated client-server project,Toys,Puzzles,27.55,3,0.0,82.65,Cash,"North Markmouth, Arizona",,False,False
TXN02987,2024-01-08,09:50:22,88e633b3,33,Female,PROD6329,Vision-oriented encompassing time-frame,Toys,Dolls,31.87,1,0.0,31.87,Bank Transfer,"West Maryfort, Mississippi",4.2,False,False
TXN02988,2023-10-20,09:50:22,ad67a6eb,37,Female,PROD5284,Polarized interactive model,Home & Kitchen,Decor,40.89,4,0.25,122.67,Cash,"Nicholasfort, Idaho",,False,False
TXN02989,2023-04-27,09:50:22,1bcbf6f4,27,Female,PROD6787,Cloned 3rdgeneration groupware,Electronics,Laptops,982.34,4,0.0,3929.36,Debit Card,"Jacquelinebury, California",2.4,False,True
TXN02990,2022-07-08,09:50:22,f975375c,25,Female,PROD6647,Total multi-tasking groupware,Grocery,Beverages,60.33,4,0.0,241.32,Credit Card,"East Michaelside, Oklahoma",1.8,False,True
TXN02991,2024-08-11,09:50:22,8df76d88,39,Male,PROD7025,Switchable dedicated productivity,Sports,Team Sports,42.04,2,0.0,84.08,Cash,"Fieldsland, Maryland",4.1,False,False
TXN02992,2024-11-17,09:50:22,eea28d49,46,Male,PROD8713,Enhanced executive software,Electronics,Cameras,514.41,3,0.0,1543.23,Bank Transfer,"Joshuafurt, Ohio",,False,False
TXN02993,2023-09-29,09:50:22,ab2330b0,49,Male,PROD5067,Customer-focused responsive throughput,Grocery,Canned Goods,25.76,1,0.0,25.76,Debit Card,"Michaelmouth, New Jersey",,False,False
TXN02994,2022-11-15,09:50:22,19578a6e,46,Female,PROD8117,Profit-focused 3rdgeneration secured line,Books,Non-Fiction,10.96,2,0.15,18.63,E-Wallet,"Comptonville, Nebraska",2.8,False,False
TXN02995,2024-12-07,09:50:22,d7f76b8b,58,Female,PROD5820,Self-enabling client-driven functionalities,Automotive,Electronics,31.55,1,0.0,31.55,Cash,"East Andrewhaven, Arizona",4.0,False,True
TXN02996,2022-11-30,09:50:22,c21b317f,44,Female,PROD6678,Robust bi-directional protocol,Health,Medical,35.16,3,0.0,105.48,Debit Card,"Bellborough, Utah",,False,False
TXN02997,2023-02-16,09:50:22,6675e50f,61,Female,PROD4766,Stand-alone modular moderator,Toys,Educational,5.16,5,0.0,25.8,Bank Transfer,"New Kimberlyside, Missouri",,False,False
TXN02998,2023-01-09,09:50:22,54b70d55,25,Male,PROD2758,Intuitive executive strategy,Books,Cookbooks,36.68,2,0.0,73.36,Credit Card,"New Jennifer, Wyoming",1.8,False,False
TXN02999,2022-05-30,09:50:22,175e05e3,24,Female,PROD2570,Re-contextualized high-level core,Sports,Outdoor,26.89,3,0.1,72.6,Bank Transfer,"Hallport, Alaska",,False,True
TXN03000,2022-09-09,09:50:22,ed2255c9,52,Male,PROD2953,Multi-lateral human-resource productivity,Toys,Games,1.99,5,0.0,9.95,Debit Card,"Andrealand, Wisconsin",,False,True
TXN03001,2023-08-04,09:50:22,30230c2f,67,Male,PROD8930,Multi-layered full-range hub,Automotive,Electronics,12.79,3,0.0,38.37,Credit Card,"Douglashaven, Oklahoma",1.4,False,True
TXN03002,2023-01-28,09:50:22,7af72760,19,Female,PROD7984,Customizable actuating application,Books,Non-Fiction,21.73,3,0.0,65.19,Cash,"Anthonymouth, South Carolina",,True,False
TXN03003,2023-06-15,09:50:22,4dd2d9e7,44,Male,PROD3351,Cross-group impactful Local Area Network,Home & Kitchen,Appliances,252.14,4,0.0,1008.56,Cash,"Dustinville, Louisiana",,False,False
TXN03004,2024-08-03,09:50:22,8188e627,45,Male,PROD5009,Inverse tangible implementation,Automotive,Electronics,41.13,2,0.28,59.23,Cash,"Davenportberg, Alaska",,False,False
TXN03005,2024-06-06,09:50:22,98f108f5,57,Female,PROD1289,Re-contextualized uniform interface,Home & Kitchen,Furniture,26.52,1,0.0,26.52,Credit Card,"Port Shannonview, Florida",1.3,False,False
TXN03006,2022-10-25,09:50:22,9a1cc9fc,29,Female,PROD9699,Inverse bandwidth-monitored open architecture,Automotive,Tools,39.72,1,0.0,39.72,Bank Transfer,"Ronaldville, New York",2.9,False,False
TXN03007,2023-10-18,09:50:22,2fee5520,25,Female,PROD1687,Multi-tiered bandwidth-monitored website,Electronics,Cameras,190.54,2,0.0,381.08,Credit Card,"West Sheila, Wisconsin",,False,True
TXN03008,2022-10-06,09:50:22,6527d0a9,66,Male,PROD1293,Streamlined cohesive capability,Grocery,Snacks,51.65,5,0.0,258.25,E-Wallet,"Toddtown, Connecticut",1.3,False,True
TXN03009,2022-06-19,09:50:22,e71cad66,48,Male,PROD3904,Proactive dedicated functionalities,Home & Kitchen,Furniture,87.02,1,0.0,87.02,E-Wallet,"Smithburgh, Indiana",,False,False
TXN03010,2022-09-15,09:50:22,d0565060,22,Male,PROD3756,Enterprise-wide non-volatile secured line,Books,Children,28.13,5,0.0,140.65,E-Wallet,"Lake Zachary, Tennessee",,False,False
TXN03011,2023-06-14,09:50:22,f980f9c0,60,Male,PROD6373,Customizable reciprocal service-desk,Sports,Outdoor,56.52,2,0.0,113.04,Debit Card,"Ramirezhaven, Mississippi",1.7,False,True
TXN03012,2024-10-30,09:50:22,bbbea0f5,36,Male,PROD2397,Cross-platform mobile Local Area Network,Health,Supplements,4.26,5,0.0,21.3,Cash,"Harmonburgh, Alaska",3.0,False,False
TXN03013,2023-01-24,09:50:22,fda825d2,70,Male,PROD5417,Enterprise-wide asymmetric portal,Beauty,Haircare,2.06,5,0.0,10.3,Bank Transfer,"Morrisburgh, Nebraska",1.2,False,True
TXN03014,2022-11-10,09:50:22,65943595,59,Male,PROD5589,Horizontal analyzing instruction set,Toys,Puzzles,18.33,5,0.0,91.65,Cash,"East Chelseastad, Nebraska",2.4,False,False
TXN03015,2024-03-15,09:50:22,0f4ffca5,65,Female,PROD1513,Visionary background instruction set,Grocery,Bakery,50.77,4,0.0,203.08,Credit Card,"Deborahfort, New Jersey",4.5,False,True
TXN03016,2023-01-11,09:50:22,2b608768,68,Male,PROD6940,Expanded logistical adapter,Grocery,Snacks,1.99,4,0.0,7.96,Credit Card,"Randyborough, Connecticut",,False,False
TXN03017,2022-08-01,09:50:22,60fc81ed,61,Female,PROD7889,Multi-channeled human-resource orchestration,Electronics,TVs,1.99,2,0.0,3.98,Credit Card,"Penamouth, Maryland",4.2,False,True
TXN03018,2024-12-05,09:50:22,77a36171,38,Male,PROD1116,Ameliorated non-volatile project,Clothing,Kids,36.47,4,0.27,106.49,Debit Card,"Richardsontown, Oklahoma",,False,False
TXN03019,2022-08-17,09:50:22,4b1f4fc9,65,Female,PROD3137,Re-contextualized zero administration function,Home & Kitchen,Decor,158.62,1,0.0,158.62,Debit Card,"Benjaminburgh, North Carolina",1.3,False,False
TXN03020,2023-04-15,09:50:22,7e02836c,30,Male,PROD1127,Focused coherent hub,Grocery,Beverages,54.01,1,0.0,54.01,Cash,"South Johnshire, Ohio",,False,True
TXN03021,2024-10-09,09:50:22,afb6cd23,20,Female,PROD2804,Optional multi-tasking array,Books,Fiction,20.74,5,0.0,103.7,Cash,"Kleinville, Alabama",2.3,False,False
TXN03022,2024-07-22,09:50:22,f1b70b04,44,Female,PROD4813,Profit-focused local toolset,Sports,Fitness,21.77,5,0.27,79.46,Credit Card,"Larryport, Connecticut",1.0,False,True
TXN03023,2025-02-15,09:50:22,d663af9c,33,Female,PROD3983,Organic transitional adapter,Toys,Dolls,53.08,3,0.0,159.24,Credit Card,"North Johnburgh, Connecticut",2.9,False,True
TXN03024,2022-07-05,09:50:22,77d1f505,48,Male,PROD1890,Re-engineered foreground solution,Electronics,Laptops,126.05,2,0.0,252.1,Bank Transfer,"West Patrickchester, Iowa",4.1,False,False
TXN03025,2024-06-27,09:50:22,9b0406ba,46,Female,PROD8271,Virtual stable success,Toys,Action Figures,22.23,2,0.0,44.46,Debit Card,"Kristaton, New Hampshire",4.9,False,False
TXN03026,2024-09-25,09:50:22,e00cf03e,26,Female,PROD9080,Switchable next generation superstructure,Health,Vitamins,33.81,3,0.0,101.43,E-Wallet,"East Thomasfort, California",,False,False
TXN03027,2023-04-24,09:50:22,08ef01b7,43,Male,PROD2616,Profit-focused discrete superstructure,Sports,Outdoor,38.98,4,0.0,155.92,Cash,"Brownport, Florida",,False,True
TXN03028,2024-04-29,09:50:22,c4391c84,62,Female,PROD6968,Multi-tiered methodical synergy,Clothing,Men,34.71,1,0.0,34.71,Cash,"South Robertmouth, Colorado",1.5,False,False
TXN03029,2023-07-19,09:50:22,781d5444,63,Female,PROD2514,Self-enabling analyzing hierarchy,Books,Non-Fiction,30.69,1,0.0,30.69,Debit Card,"Jonathanfurt, Idaho",2.8,False,False
TXN03030,2023-05-24,09:50:22,e28425aa,48,Male,PROD4146,Optimized bifurcated knowledge user,Toys,Educational,1.99,5,0.0,9.95,Cash,"New Raymond, Hawaii",3.6,False,False
TXN03031,2023-11-20,09:50:22,0c3dfb52,24,Male,PROD1602,Ergonomic well-modulated open system,Clothing,Shoes,30.25,4,0.0,121.0,Credit Card,"Port Andrew, West Virginia",2.8,False,False
TXN03032,2023-11-30,09:50:22,2e6bdc21,47,Male,PROD1485,Decentralized bifurcated analyzer,Books,Non-Fiction,39.07,5,0.0,195.35,Credit Card,"Kristenside, Connecticut",,False,False
TXN03033,2024-11-04,09:50:22,f86c8260,22,Male,PROD6196,Visionary full-range open system,Books,Cookbooks,10.35,4,0.0,41.4,E-Wallet,"Lake Julia, Maine",,False,True
TXN03034,2023-03-06,09:50:22,c0e4027c,25,Female,PROD5590,Networked regional orchestration,Toys,Action Figures,31.18,4,0.0,124.72,Debit Card,"Riddlestad, Texas",,False,False
TXN03035,2022-07-15,09:50:22,89ed3bf1,38,Female,PROD7484,Progressive upward-trending archive,Home & Kitchen,Cookware,151.28,1,0.0,151.28,Cash,"Owensberg, California",4.5,False,True
TXN03036,2023-09-21,09:50:22,52087b3a,26,Male,PROD2298,Triple-buffered user-facing portal,Automotive,Accessories,23.15,2,0.0,46.3,Credit Card,"New Melissa, Iowa",3.6,False,False
TXN03037,2023-12-31,09:50:22,054e7022,58,Female,PROD3438,Switchable zero-defect Local Area Network,Toys,Action Figures,33.41,2,0.0,66.82,Bank Transfer,"Castroton, Minnesota",,False,False
TXN03038,2025-02-20,09:50:22,8161955b,38,Male,PROD4827,Proactive real-time customer loyalty,Toys,Educational,10.75,3,0.26,23.86,E-Wallet,"New Melissa, North Dakota",2.1,False,False
TXN03039,2024-08-26,09:50:22,180510dc,24,Male,PROD4492,Devolved holistic framework,Beauty,Tools,25.87,3,0.06,72.95,Cash,"Stevenstown, New Jersey",3.6,False,False
TXN03040,2025-01-11,09:50:22,8a5613c1,49,Male,PROD8922,Streamlined eco-centric implementation,Clothing,Women,68.31,3,0.0,204.93,Debit Card,"New Kenneth, Texas",,False,False
TXN03041,2022-09-07,09:50:22,062b0cd1,35,Male,PROD6287,Multi-tiered fault-tolerant process improvement,Sports,Yoga,33.14,4,0.19,107.37,Bank Transfer,"Smithville, Massachusetts",,False,False
TXN03042,2022-11-01,09:50:22,c3f49fab,41,Female,PROD5073,Configurable coherent customer loyalty,Beauty,Fragrances,18.27,3,0.0,54.81,Debit Card,"Howardmouth, Delaware",,False,False
TXN03043,2023-11-29,09:50:22,c23b6f36,33,Male,PROD8924,Intuitive non-volatile neural-net,Electronics,Smartphones,544.84,4,0.0,2179.36,Cash,"Krystalport, Pennsylvania",1.6,False,False
TXN03044,2024-06-28,09:50:22,4a50eb04,51,Female,PROD7518,Switchable bandwidth-monitored database,Beauty,Skincare,44.29,5,0.0,221.45,Credit Card,"Rebeccaville, West Virginia",,False,False
TXN03045,2023-02-11,09:50:22,8346d978,20,Female,PROD8914,Enhanced systemic throughput,Beauty,Skincare,1.99,5,0.0,9.95,Bank Transfer,"Brownside, Iowa",1.1,False,True
TXN03046,2024-09-10,09:50:22,a79be1a5,43,Male,PROD3816,Synergistic object-oriented solution,Clothing,Accessories,84.77,3,0.0,254.31,Debit Card,"South Courtneyburgh, Michigan",,False,False
TXN03047,2023-06-18,09:50:22,c4f3c18c,29,Female,PROD9401,Open-source eco-centric process improvement,Clothing,Men,39.91,5,0.0,199.55,Cash,"West Tammymouth, Kansas",1.1,False,False
TXN03048,2025-04-16,09:50:22,fa6d45c1,23,Male,PROD3459,Synergized static challenge,Electronics,Cameras,585.1,5,0.0,2925.5,Credit Card,"Karenshire, Idaho",,False,False
TXN03049,2023-09-28,09:50:22,6ff74e09,31,Male,PROD2332,Re-engineered full-range pricing structure,Books,Cookbooks,53.94,3,0.0,161.82,Bank Transfer,"Lake Melanieside, West Virginia",,False,False
TXN03050,2022-06-14,09:50:22,79131d05,66,Female,PROD3019,Phased mission-critical collaboration,Books,Non-Fiction,2.57,3,0.22,6.01,Debit Card,"Lake William, Nevada",3.1,False,False
TXN03051,2024-06-27,09:50:22,335f5311,30,Male,PROD4302,Phased dynamic application,Clothing,Kids,28.72,1,0.25,21.54,E-Wallet,"South Daniel, Arkansas",3.6,False,False
TXN03052,2024-05-10,09:50:22,7c91f48f,64,Male,PROD1194,Virtual multi-tasking installation,Books,Children,24.23,2,0.0,48.46,Credit Card,"Brownmouth, Alabama",3.7,False,True
TXN03053,2025-01-12,09:50:22,34f1daf1,22,Female,PROD3350,Team-oriented attitude-oriented throughput,Books,Cookbooks,14.32,2,0.0,28.64,Cash,"Lake Matthewhaven, Kentucky",1.4,False,False
TXN03054,2025-01-22,09:50:22,e1a2898a,67,Female,PROD6880,Multi-tiered 4thgeneration knowledge user,Sports,Cycling,64.7,2,0.0,129.4,Cash,"Morrishaven, North Dakota",,False,False
TXN03055,2024-04-09,09:50:22,7dfe3ea1,60,Male,PROD9004,Total eco-centric leverage,Automotive,Car Care,12.86,4,0.0,51.44,Bank Transfer,"Bellburgh, Iowa",1.9,False,False
TXN03056,2025-02-27,09:50:22,0a259ba4,26,Male,PROD2393,Re-contextualized directional support,Books,Non-Fiction,18.89,2,0.0,37.78,Credit Card,"North Matthew, Rhode Island",,False,True
TXN03057,2024-02-23,09:50:22,1992319d,29,Female,PROD7635,Profit-focused intangible circuit,Clothing,Women,56.13,2,0.06,105.52,Cash,"Martinton, Texas",,False,True
TXN03058,2024-07-09,09:50:22,454fd9e1,20,Female,PROD5084,Compatible optimal paradigm,Automotive,Parts,5.96,1,0.08,5.48,Debit Card,"New Jenna, Minnesota",,False,False
TXN03059,2023-11-10,09:50:22,3b53f2b6,33,Female,PROD1195,Reverse-engineered full-range portal,Books,Fiction,22.09,5,0.0,110.45,Bank Transfer,"Lyonschester, New Jersey",,False,False
TXN03060,2023-05-09,09:50:22,537eb065,25,Female,PROD4044,Reactive executive superstructure,Automotive,Car Care,36.35,5,0.0,181.75,Bank Transfer,"Ruthton, Nevada",,False,False
TXN03061,2022-06-28,09:50:22,8a7af734,41,Male,PROD4799,Phased analyzing strategy,Automotive,Tools,23.34,5,0.0,116.7,Bank Transfer,"Craigport, New Jersey",,False,False
TXN03062,2024-02-18,09:50:22,7964230e,52,Male,PROD4233,Open-source web-enabled superstructure,Automotive,Parts,28.13,3,0.0,84.39,Bank Transfer,"Peggyberg, North Dakota",,False,True
TXN03063,2023-07-28,09:50:22,757835de,54,Female,PROD7482,Operative transitional strategy,Books,Non-Fiction,19.41,5,0.11,86.37,Debit Card,"Barrettburgh, Georgia",2.8,False,False
TXN03064,2022-07-05,09:50:22,bd52846b,18,Female,PROD4811,Inverse neutral synergy,Sports,Team Sports,1.99,1,0.0,1.99,E-Wallet,"Marksmouth, Rhode Island",,False,False
TXN03065,2023-12-02,09:50:22,35d9e63b,60,Male,PROD9375,Profit-focused human-resource utilization,Automotive,Electronics,36.43,2,0.0,72.86,Cash,"East Theresaburgh, Missouri",,True,False
TXN03066,2022-09-02,09:50:22,0779644e,64,Female,PROD9063,Compatible 24/7 process improvement,Home & Kitchen,Bedding,242.85,2,0.0,485.7,Cash,"North Travismouth, Connecticut",,False,False
TXN03067,2024-12-27,09:50:22,2174683a,41,Female,PROD5829,Inverse demand-driven monitoring,Home & Kitchen,Cookware,121.29,5,0.0,606.45,Cash,"Scottfort, New York",,False,False
TXN03068,2025-04-24,09:50:22,8797c8f9,61,Female,PROD1997,Decentralized national projection,Grocery,Beverages,34.51,1,0.0,34.51,Credit Card,"Lake Shannonton, Arizona",2.5,False,False
TXN03069,2024-05-07,09:50:22,a9285164,24,Female,PROD6520,Automated cohesive contingency,Toys,Dolls,43.85,2,0.19,71.04,Credit Card,"Katherineside, New Hampshire",,False,True
TXN03070,2023-08-25,09:50:22,3380bdf5,32,Female,PROD9075,Fundamental cohesive ability,Grocery,Dairy,4.61,2,0.0,9.22,Debit Card,"Port Ericabury, Massachusetts",,False,False
TXN03071,2023-03-28,09:50:22,20a720e3,69,Male,PROD1833,Expanded executive parallelism,Electronics,Laptops,840.5,4,0.0,3362.0,Debit Card,"Dustinmouth, Tennessee",,False,True
TXN03072,2022-11-27,09:50:22,43a93950,46,Female,PROD3080,Vision-oriented bifurcated focus group,Sports,Cycling,34.05,2,0.09,61.97,Credit Card,"North Jacqueline, Kansas",2.6,False,False
TXN03073,2023-09-25,09:50:22,443f7748,39,Male,PROD1394,Business-focused regional archive,Books,Non-Fiction,62.64,2,0.0,125.28,Cash,"New Paige, New Mexico",1.2,False,False
TXN03074,2023-09-11,09:50:22,05c9b561,28,Male,PROD6662,De-engineered foreground capability,Toys,Educational,15.34,5,0.0,76.7,Debit Card,"Traciburgh, Georgia",1.1,False,False
TXN03075,2023-11-02,09:50:22,bee69fe9,54,Female,PROD9840,Open-source stable analyzer,Health,Vitamins,66.36,2,0.0,132.72,Cash,"Jesusburgh, Alabama",,False,False
TXN03076,2025-05-02,09:50:22,c7277786,70,Female,PROD5317,Optional responsive throughput,Beauty,Haircare,45.5,3,0.0,136.5,E-Wallet,"Myersmouth, Montana",,False,True
TXN03077,2022-08-28,09:50:22,1ed6d041,62,Female,PROD7878,Proactive local throughput,Sports,Team Sports,41.06,1,0.0,41.06,Cash,"Lake Jacobview, Utah",4.6,False,False
TXN03078,2023-07-29,09:50:22,4c8f303e,20,Male,PROD2172,Networked exuding moratorium,Electronics,Cameras,546.8,2,0.23,842.07,E-Wallet,"Port Williamport, South Carolina",,False,True
TXN03079,2024-07-09,09:50:22,75464dfd,19,Male,PROD5175,Decentralized mobile standardization,Clothing,Kids,42.54,1,0.0,42.54,Bank Transfer,"Matthewhaven, Oregon",1.2,False,True
TXN03080,2024-05-01,09:50:22,885dc27e,20,Female,PROD1612,Quality-focused client-server access,Toys,Games,54.01,3,0.0,162.03,Credit Card,"Walkerborough, Oregon",,True,False
TXN03081,2023-04-26,09:50:22,594a7775,36,Female,PROD6750,Cross-platform clear-thinking migration,Beauty,Haircare,32.81,3,0.0,98.43,E-Wallet,"Huntview, Georgia",,False,False
TXN03082,2023-05-01,09:50:22,26f8455e,38,Female,PROD7914,User-centric non-volatile application,Beauty,Tools,1.99,5,0.0,9.95,Cash,"South Danielleshire, Washington",,False,False
TXN03083,2023-09-02,09:50:22,03ba84d8,28,Male,PROD7292,Organized transitional info-mediaries,Automotive,Tools,7.66,4,0.0,30.64,Credit Card,"Robertland, Illinois",,False,False
TXN03084,2024-02-16,09:50:22,d5c5abf2,37,Male,PROD2783,Reduced secondary superstructure,Sports,Fitness,26.28,5,0.0,131.4,Cash,"Stephanieborough, Kentucky",,False,True
TXN03085,2024-05-09,09:50:22,ae78ee76,67,Female,PROD4091,Face-to-face object-oriented knowledge user,Clothing,Shoes,59.3,3,0.16,149.44,Cash,"Marcusville, Utah",2.9,False,False
TXN03086,2022-07-02,09:50:22,247960d3,55,Female,PROD7586,Future-proofed object-oriented software,Clothing,Men,48.3,2,0.0,96.6,Debit Card,"Bridgetview, Maine",,False,True
TXN03087,2024-04-25,09:50:22,22a11e83,42,Female,PROD5634,Total content-based moderator,Beauty,Fragrances,54.38,1,0.0,54.38,Cash,"Lake Danielle, Vermont",4.7,False,False
TXN03088,2023-02-21,09:50:22,577139bc,29,Male,PROD2442,Synergistic mobile orchestration,Automotive,Electronics,1.99,2,0.0,3.98,Cash,"Melissaland, Montana",,False,False
TXN03089,2023-05-26,09:50:22,c187ee05,67,Female,PROD6318,Advanced dedicated middleware,Books,Non-Fiction,32.87,3,0.0,98.61,Cash,"Fernandezchester, North Carolina",,False,True
TXN03090,2025-02-07,09:50:22,71db16c7,18,Female,PROD7299,Expanded background matrices,Beauty,Haircare,1.99,5,0.0,9.95,Bank Transfer,"Port Tamara, Arkansas",,False,False
TXN03091,2024-01-28,09:50:22,442412e0,53,Female,PROD1299,User-centric static system engine,Automotive,Parts,45.19,4,0.0,180.76,Bank Transfer,"Maysfort, Utah",1.6,False,False
TXN03092,2023-04-30,09:50:22,df0c2de0,54,Female,PROD4371,Face-to-face hybrid initiative,Grocery,Dairy,28.11,4,0.0,112.44,E-Wallet,"Scottview, New York",2.7,False,True
TXN03093,2025-02-03,09:50:22,45989927,25,Female,PROD3077,Balanced local Internet solution,Grocery,Canned Goods,38.39,2,0.0,76.78,Bank Transfer,"West Lisaville, Iowa",1.4,False,False
TXN03094,2022-07-22,09:50:22,34377448,66,Male,PROD2337,Balanced content-based system engine,Beauty,Fragrances,12.72,4,0.0,50.88,E-Wallet,"North Biancastad, Utah",2.7,False,False
TXN03095,2022-11-06,09:50:22,0ad45e0d,25,Female,PROD8130,Switchable cohesive matrix,Sports,Outdoor,55.59,4,0.0,222.36,Debit Card,"Robertfort, Michigan",,False,False
TXN03096,2022-08-29,09:50:22,b2251a0a,19,Female,PROD8144,Reactive homogeneous interface,Electronics,Cameras,708.34,3,0.0,2125.02,E-Wallet,"Phillipburgh, Maine",,False,True
TXN03097,2023-08-25,09:50:22,8f289228,48,Male,PROD5451,Horizontal web-enabled moderator,Health,First Aid,41.67,4,0.13,145.01,Cash,"Lake Teresa, New York",4.1,True,False
TXN03098,2023-07-28,09:50:22,462d3ea1,41,Female,PROD5195,Digitized well-modulated forecast,Books,Fiction,27.41,2,0.0,54.82,Credit Card,"Port Christopher, New York",3.8,False,True
TXN03099,2022-06-15,09:50:22,f90c4596,58,Male,PROD9038,Innovative bandwidth-monitored throughput,Health,Wellness,41.6,5,0.0,208.0,Cash,"Williammouth, Minnesota",1.5,False,False
TXN03100,2025-04-18,09:50:22,5139f8e2,42,Female,PROD4449,Managed fault-tolerant flexibility,Automotive,Parts,15.86,3,0.0,47.58,Cash,"Kingburgh, Oklahoma",3.8,False,False
TXN03101,2025-01-08,09:50:22,c355aad5,31,Male,PROD8361,Sharable object-oriented analyzer,Beauty,Makeup,47.11,1,0.0,47.11,Cash,"New Isabellatown, North Dakota",1.1,False,False
TXN03102,2022-05-07,09:50:22,401f490c,61,Female,PROD1986,Innovative upward-trending open architecture,Books,Non-Fiction,62.99,5,0.0,314.95,Debit Card,"Hudsonfurt, Delaware",2.9,False,False
TXN03103,2024-03-15,09:50:22,1d1e4e12,69,Male,PROD4070,Optimized directional data-warehouse,Beauty,Makeup,51.41,4,0.0,205.64,Credit Card,"Port Bryan, Maine",1.9,False,False
TXN03104,2023-06-22,09:50:22,d45c7e36,30,Female,PROD1756,Seamless human-resource leverage,Beauty,Haircare,15.41,5,0.28,55.48,Bank Transfer,"Timothyfurt, Arizona",4.8,False,False
TXN03105,2023-01-28,09:50:22,0cd1baba,61,Female,PROD3286,Self-enabling mission-critical functionalities,Toys,Action Figures,37.23,4,0.0,148.92,E-Wallet,"Gregoryburgh, Arkansas",3.0,False,True
TXN03106,2024-04-02,09:50:22,74d35d3d,55,Female,PROD1355,Upgradable mission-critical secured line,Beauty,Tools,4.14,1,0.0,4.14,E-Wallet,"Swansonville, Montana",1.8,False,False
TXN03107,2023-05-04,09:50:22,bc76075d,45,Female,PROD9686,Secured modular throughput,Home & Kitchen,Cookware,160.07,5,0.06,752.33,E-Wallet,"North John, Wyoming",3.4,False,False
TXN03108,2024-02-27,09:50:22,15a02b15,30,Male,PROD6044,Triple-buffered web-enabled standardization,Home & Kitchen,Appliances,151.54,1,0.0,151.54,Credit Card,"Williambury, Rhode Island",,False,False
TXN03109,2022-09-04,09:50:22,08a99aed,54,Male,PROD5566,Streamlined foreground project,Home & Kitchen,Appliances,1.99,4,0.0,7.96,Debit Card,"North James, Kentucky",4.3,False,True
TXN03110,2022-06-19,09:50:22,74240330,25,Male,PROD5923,Multi-layered heuristic benchmark,Electronics,Smartphones,267.64,4,0.0,1070.56,Cash,"South Nicholas, South Carolina",,False,True
TXN03111,2023-03-04,09:50:22,d7b92641,34,Female,PROD6852,Enhanced scalable orchestration,Grocery,Snacks,24.34,1,0.0,24.34,Bank Transfer,"East Connor, Idaho",,False,True
TXN03112,2023-02-20,09:50:22,27f6702c,41,Female,PROD8081,Self-enabling well-modulated projection,Clothing,Women,40.97,1,0.0,40.97,Debit Card,"North Melissafort, Wyoming",,False,False
TXN03113,2022-12-19,09:50:22,f1774f02,64,Female,PROD6853,Business-focused well-modulated model,Beauty,Makeup,5.81,2,0.0,11.62,Cash,"North Brian, Massachusetts",,False,False
TXN03114,2025-04-17,09:50:22,63d7cce5,33,Female,PROD6316,Inverse exuding matrices,Beauty,Makeup,37.78,5,0.0,188.9,E-Wallet,"Port Joseph, Missouri",2.0,False,True
TXN03115,2024-05-22,09:50:22,bf80e1da,70,Male,PROD7570,Profit-focused web-enabled alliance,Home & Kitchen,Decor,137.6,4,0.0,550.4,Credit Card,"Lawsonstad, New Mexico",,False,True
TXN03116,2022-10-01,09:50:22,d86d0b47,61,Male,PROD8632,Mandatory neutral middleware,Sports,Team Sports,26.11,2,0.16,43.86,Bank Transfer,"North Richard, Delaware",1.6,False,False
TXN03117,2024-06-09,09:50:22,f54e2b81,56,Male,PROD3809,Automated zero tolerance structure,Books,Educational,14.88,5,0.0,74.4,Bank Transfer,"East Douglas, Iowa",4.5,False,False
TXN03118,2024-07-24,09:50:22,9314abd3,57,Male,PROD1852,Profit-focused real-time solution,Books,Non-Fiction,50.97,5,0.0,254.85,Cash,"Greenbury, Kentucky",3.0,False,False
TXN03119,2022-11-28,09:50:22,10cd66c3,24,Female,PROD8963,Expanded user-facing knowledge user,Home & Kitchen,Bedding,235.88,4,0.0,943.52,E-Wallet,"New Courtney, Utah",2.3,False,False
TXN03120,2024-03-25,09:50:22,ba48187c,47,Male,PROD2131,Horizontal scalable architecture,Electronics,Laptops,403.29,1,0.0,403.29,Cash,"Whitebury, Arizona",,False,False
TXN03121,2024-01-14,09:50:22,444e08f4,51,Male,PROD5769,Pre-emptive tertiary function,Beauty,Makeup,17.76,2,0.0,35.52,Debit Card,"East Guy, Rhode Island",2.7,False,True
TXN03122,2024-02-25,09:50:22,1195bc4d,19,Male,PROD6296,User-friendly impactful intranet,Sports,Team Sports,39.82,1,0.1,35.84,Debit Card,"Chavezstad, Alaska",,False,False
TXN03123,2023-02-09,09:50:22,1e04968f,64,Male,PROD8555,Ameliorated empowering task-force,Books,Non-Fiction,22.84,1,0.0,22.84,E-Wallet,"East Patrick, Montana",,False,True
TXN03124,2023-03-24,09:50:22,9a6f7e88,29,Male,PROD8295,Organic static superstructure,Books,Children,27.21,4,0.0,108.84,E-Wallet,"North James, Alabama",,False,True
TXN03125,2024-10-16,09:50:22,ff57880b,54,Male,PROD7778,Quality-focused zero-defect project,Health,First Aid,44.79,1,0.27,32.7,Credit Card,"Steventon, Georgia",1.4,False,False
TXN03126,2025-01-27,09:50:22,859a08f2,18,Male,PROD7814,Adaptive static knowledge user,Automotive,Electronics,1.99,2,0.0,3.98,Debit Card,"Lopezbury, Ohio",4.8,False,False
TXN03127,2024-02-14,09:50:22,deb08311,23,Female,PROD5088,Adaptive holistic initiative,Sports,Team Sports,56.37,5,0.0,281.85,E-Wallet,"Petersonmouth, Alabama",1.2,False,False
TXN03128,2023-04-27,09:50:22,77212eb8,37,Female,PROD1861,Re-contextualized modular website,Beauty,Fragrances,31.45,1,0.19,25.47,Credit Card,"Beckyburgh, Ohio",,False,False
TXN03129,2024-05-05,09:50:22,11cc4a72,21,Male,PROD8895,Diverse tangible strategy,Grocery,Snacks,21.77,1,0.0,21.77,Cash,"Lake Nicholasside, Montana",3.4,False,False
TXN03130,2023-08-06,09:50:22,e82216eb,34,Female,PROD7160,Persistent optimizing core,Beauty,Fragrances,28.22,4,0.0,112.88,E-Wallet,"Christianborough, Maine",1.2,False,False
TXN03131,2023-04-30,09:50:22,19d2bd54,55,Female,PROD9195,Robust upward-trending implementation,Electronics,TVs,492.49,2,0.15,837.23,Cash,"Nelsonton, Massachusetts",4.0,False,True
TXN03132,2024-06-18,09:50:22,5c30df85,24,Male,PROD5916,Networked bi-directional database,Books,Children,1.99,3,0.0,5.97,Bank Transfer,"West Cherylview, Idaho",1.6,False,False
TXN03133,2024-01-24,09:50:22,1c14f13f,54,Female,PROD6411,Extended discrete collaboration,Clothing,Shoes,94.85,1,0.0,94.85,Bank Transfer,"New Michaelborough, Utah",,False,False
TXN03134,2023-12-30,09:50:22,2df734ca,20,Female,PROD5437,User-friendly interactive open system,Automotive,Accessories,30.83,4,0.0,123.32,Bank Transfer,"Rodgersstad, Kansas",2.5,False,True
TXN03135,2023-01-21,09:50:22,0e72400a,49,Male,PROD9684,Optimized composite Internet solution,Beauty,Haircare,38.86,2,0.0,77.72,Cash,"Lake Tiffany, North Carolina",4.1,False,False
TXN03136,2023-05-04,09:50:22,52006328,67,Male,PROD7729,Compatible eco-centric policy,Electronics,Smartphones,690.31,3,0.0,2070.93,Debit Card,"West Kyle, Texas",2.8,False,False
TXN03137,2022-05-09,09:50:22,df20e518,36,Male,PROD1091,Integrated directional encoding,Books,Fiction,9.58,3,0.07,26.73,Bank Transfer,"Aprilland, Montana",,False,False
TXN03138,2024-07-15,09:50:22,1d4dfa90,34,Male,PROD7978,Quality-focused demand-driven orchestration,Automotive,Tools,39.47,4,0.0,157.88,Credit Card,"Garyberg, New Mexico",,False,False
TXN03139,2022-07-11,09:50:22,69a34343,34,Male,PROD8520,Managed interactive forecast,Grocery,Bakery,24.65,4,0.0,98.6,Credit Card,"East Brandon, South Dakota",3.7,False,False
TXN03140,2023-05-13,09:50:22,1471ad10,63,Male,PROD1089,Ameliorated systematic encryption,Electronics,Headphones,669.35,4,0.22,2088.37,E-Wallet,"Lake Jeffreyview, New Jersey",,False,False
TXN03141,2024-02-16,09:50:22,573a56d4,24,Female,PROD8916,Phased uniform throughput,Automotive,Parts,1.99,2,0.0,3.98,Cash,"South Robert, Georgia",2.5,False,True
TXN03142,2023-08-01,09:50:22,673924b9,53,Male,PROD5905,Function-based full-range Graphical User Interface,Toys,Educational,28.02,2,0.0,56.04,Bank Transfer,"North Emily, Florida",,False,True
TXN03143,2022-12-05,09:50:22,0e943297,29,Female,PROD8950,Universal 5thgeneration hierarchy,Grocery,Snacks,17.94,5,0.0,89.7,Credit Card,"Kevinmouth, Mississippi",2.4,False,True
TXN03144,2025-02-15,09:50:22,40ed8b8f,40,Female,PROD5695,Self-enabling bandwidth-monitored toolset,Books,Children,38.65,1,0.0,38.65,Bank Transfer,"South Justinview, Washington",,False,False
TXN03145,2023-02-18,09:50:22,5bce4237,60,Male,PROD6607,Customer-focused holistic time-frame,Toys,Puzzles,39.4,5,0.0,197.0,Bank Transfer,"Powellfort, Tennessee",,False,False
TXN03146,2024-03-14,09:50:22,0d172c46,27,Female,PROD9042,Reverse-engineered motivating solution,Electronics,Cameras,358.47,2,0.0,716.94,Credit Card,"South Brenda, Delaware",,False,True
TXN03147,2022-10-12,09:50:22,0c7f0074,21,Male,PROD7089,Networked 24/7 access,Clothing,Shoes,28.63,2,0.0,57.26,E-Wallet,"Lake Shannontown, Maine",3.9,False,False
TXN03148,2023-09-05,09:50:22,eba8bb95,63,Female,PROD3485,Stand-alone systemic algorithm,Health,Vitamins,27.79,3,0.16,70.03,E-Wallet,"West Wanda, Georgia",4.0,False,False
TXN03149,2024-04-15,09:50:22,c2ca20a0,26,Female,PROD4989,Balanced 4thgeneration budgetary management,Sports,Cycling,12.07,4,0.0,48.28,Debit Card,"West Ashley, Illinois",,False,False
TXN03150,2024-02-19,09:50:22,bad8e703,35,Female,PROD1753,Synergized non-volatile productivity,Books,Non-Fiction,46.84,2,0.0,93.68,Bank Transfer,"West Katie, Wisconsin",1.6,False,False
TXN03151,2023-04-14,09:50:22,527f2205,70,Male,PROD9159,Reduced multi-tasking budgetary management,Electronics,Headphones,426.16,5,0.0,2130.8,Bank Transfer,"Leahton, Michigan",2.8,False,False
TXN03152,2022-11-03,09:50:22,17114159,45,Female,PROD6285,Ameliorated zero-defect encoding,Automotive,Accessories,1.99,3,0.0,5.97,Credit Card,"Joneston, Kansas",,False,False
TXN03153,2024-03-23,09:50:22,d6237014,32,Female,PROD7784,Triple-buffered incremental forecast,Grocery,Bakery,22.5,2,0.0,45.0,Credit Card,"East Karenburgh, Illinois",,True,False
TXN03154,2024-11-05,09:50:22,79d86111,36,Female,PROD8659,Customer-focused foreground service-desk,Books,Fiction,9.23,4,0.0,36.92,Debit Card,"South Jacobfort, Illinois",,False,False
TXN03155,2022-05-29,09:50:22,5fb6876c,28,Female,PROD7970,Vision-oriented well-modulated synergy,Sports,Cycling,1.99,2,0.17,3.3,Debit Card,"Allenview, Nevada",,False,True
TXN03156,2023-10-31,09:50:22,ecd40ced,57,Female,PROD9043,Stand-alone solution-oriented encryption,Grocery,Snacks,5.25,1,0.0,5.25,Credit Card,"East Johnmouth, Kansas",,False,False
TXN03157,2023-07-09,09:50:22,88c6d532,42,Male,PROD9364,Synergistic disintermediate matrices,Automotive,Electronics,32.19,1,0.0,32.19,Debit Card,"South Jasonfort, Delaware",,False,False
TXN03158,2023-09-29,09:50:22,0e1e7a3b,62,Male,PROD9785,Automated client-driven groupware,Electronics,Headphones,765.73,2,0.0,1531.46,Debit Card,"Malloryfort, Connecticut",1.7,False,False
TXN03159,2022-09-21,09:50:22,3d60d000,53,Female,PROD6661,Realigned empowering benchmark,Sports,Fitness,36.26,1,0.09,33.0,E-Wallet,"Jeremyview, Kansas",1.3,True,False
TXN03160,2024-04-22,09:50:22,8984c3dd,40,Male,PROD5743,Cross-platform full-range complexity,Grocery,Bakery,17.87,1,0.0,17.87,Cash,"North Abigail, Alabama",,False,True
TXN03161,2023-10-13,09:50:22,285b8c21,22,Female,PROD8009,Business-focused regional structure,Electronics,Headphones,591.18,3,0.0,1773.54,Credit Card,"Lake Daniel, Connecticut",4.9,False,False
TXN03162,2022-12-13,09:50:22,92bf7c52,53,Female,PROD8341,Up-sized empowering Graphic Interface,Grocery,Beverages,20.82,2,0.0,41.64,Bank Transfer,"Timothyview, Connecticut",1.6,False,False
TXN03163,2022-05-08,09:50:22,50324685,31,Male,PROD7151,Total cohesive analyzer,Health,Supplements,16.11,1,0.0,16.11,Debit Card,"Rachelmouth, Maine",,False,False
TXN03164,2022-08-12,09:50:22,d94fea90,31,Female,PROD4361,Monitored client-driven pricing structure,Grocery,Dairy,6.91,1,0.0,6.91,Debit Card,"Lake Shirley, Washington",,False,True
TXN03165,2024-07-04,09:50:22,b8ef81eb,42,Female,PROD4107,Future-proofed heuristic complexity,Clothing,Women,1.99,3,0.0,5.97,Credit Card,"West Eric, Oklahoma",3.3,False,True
TXN03166,2024-10-19,09:50:22,2efbfd79,41,Female,PROD2922,Triple-buffered grid-enabled orchestration,Toys,Games,22.2,2,0.13,38.63,Cash,"West Bobby, Illinois",3.8,False,False
TXN03167,2024-09-11,09:50:22,88f9af9b,52,Female,PROD8846,Switchable dynamic matrix,Health,Medical,33.16,1,0.0,33.16,E-Wallet,"Maryborough, Illinois",,False,False
TXN03168,2023-04-11,09:50:22,ba58ab09,62,Male,PROD2698,Progressive composite hub,Grocery,Snacks,28.07,2,0.12,49.4,Debit Card,"Richardsonfort, Indiana",,False,False
TXN03169,2024-08-30,09:50:22,5515267b,18,Male,PROD6084,Fundamental mobile archive,Home & Kitchen,Cookware,90.88,1,0.0,90.88,Debit Card,"West Lisa, Oregon",3.0,False,False
TXN03170,2025-02-08,09:50:22,731f0098,59,Male,PROD7368,Horizontal heuristic orchestration,Toys,Educational,11.09,4,0.0,44.36,E-Wallet,"South Megan, North Carolina",1.2,True,True
TXN03171,2024-06-19,09:50:22,8ae8d959,40,Male,PROD8954,Automated client-server attitude,Sports,Yoga,42.16,5,0.0,210.8,E-Wallet,"North Jaredburgh, Kentucky",,False,True
TXN03172,2024-04-24,09:50:22,b1cce306,23,Male,PROD5826,Implemented bifurcated time-frame,Automotive,Electronics,3.66,2,0.0,7.32,Credit Card,"Julieland, Colorado",,False,True
TXN03173,2024-06-12,09:50:22,287a7991,54,Female,PROD4082,Enhanced systemic challenge,Books,Children,45.52,1,0.0,45.52,E-Wallet,"South Nicolefurt, Kansas",,False,False
TXN03174,2022-11-29,09:50:22,a181f3e2,18,Male,PROD7199,Adaptive next generation workforce,Home & Kitchen,Bedding,49.84,1,0.0,49.84,Bank Transfer,"Jenniferstad, California",4.8,False,False
TXN03175,2025-01-11,09:50:22,38970512,37,Male,PROD7053,Synergistic empowering collaboration,Automotive,Electronics,14.95,1,0.0,14.95,Debit Card,"Joshuaside, North Dakota",,False,False
TXN03176,2023-08-10,09:50:22,137359a1,61,Female,PROD3198,Cloned bifurcated projection,Toys,Games,1.99,5,0.0,9.95,E-Wallet,"Elaineberg, Massachusetts",,False,True
TXN03177,2023-04-04,09:50:22,a9c771a7,20,Male,PROD9702,Automated optimal collaboration,Health,Wellness,19.97,4,0.0,79.88,E-Wallet,"South Jennifermouth, Florida",,False,False
TXN03178,2024-11-15,09:50:22,93ca6d27,34,Female,PROD1729,Managed disintermediate alliance,Electronics,Cameras,695.06,5,0.0,3475.3,Cash,"West Stephanie, Missouri",4.5,False,False
TXN03179,2022-10-03,09:50:22,216325c8,65,Male,PROD7338,Phased actuating collaboration,Beauty,Tools,40.31,2,0.15,68.53,Cash,"New Matthew, Oregon",3.2,False,True
TXN03180,2022-07-13,09:50:22,5828e1dc,37,Male,PROD6245,Assimilated static software,Clothing,Accessories,79.35,1,0.0,79.35,E-Wallet,"Lyonsmouth, Washington",4.0,False,False
TXN03181,2023-12-30,09:50:22,9514c9e2,62,Male,PROD8293,Expanded fault-tolerant throughput,Health,First Aid,40.44,3,0.0,121.32,Credit Card,"Thompsontown, Kentucky",,False,False
TXN03182,2022-06-16,09:50:22,0f3f4ccf,36,Male,PROD6466,Reactive fresh-thinking matrix,Sports,Outdoor,7.93,4,0.15,26.96,Bank Transfer,"Jasonchester, South Dakota",,False,False
TXN03183,2024-02-17,09:50:22,0b6a8a2d,36,Male,PROD2956,Centralized responsive orchestration,Automotive,Tools,23.38,2,0.0,46.76,E-Wallet,"Brittanyberg, Michigan",,False,False
TXN03184,2023-10-22,09:50:22,40b3cb59,33,Male,PROD2822,Synergized background database,Toys,Dolls,14.4,3,0.0,43.2,Bank Transfer,"Lake Lisa, Hawaii",2.1,False,False
TXN03185,2022-12-06,09:50:22,0d349d92,26,Male,PROD9648,Inverse optimizing matrices,Books,Non-Fiction,56.61,1,0.0,56.61,Bank Transfer,"West Rebeccamouth, Pennsylvania",2.9,False,True
TXN03186,2022-10-04,09:50:22,33d02245,66,Male,PROD6440,Balanced fault-tolerant policy,Books,Cookbooks,6.06,3,0.0,18.18,E-Wallet,"Anashire, California",,False,True
TXN03187,2024-04-05,09:50:22,53e34244,45,Female,PROD3051,Inverse discrete hierarchy,Toys,Dolls,47.87,1,0.0,47.87,E-Wallet,"Port Kenneth, New Jersey",3.0,False,False
TXN03188,2023-04-19,09:50:22,5f1ce47c,57,Male,PROD1898,Secured asymmetric matrix,Beauty,Makeup,47.86,3,0.0,143.58,E-Wallet,"Gregoryfort, New Hampshire",,False,True
TXN03189,2024-06-12,09:50:22,70e0ba41,38,Female,PROD2707,Reverse-engineered analyzing forecast,Toys,Educational,66.59,5,0.0,332.95,E-Wallet,"Smithborough, Illinois",,False,True
TXN03190,2023-03-31,09:50:22,0347210f,57,Male,PROD4324,Total contextually-based capability,Grocery,Bakery,21.81,4,0.0,87.24,Bank Transfer,"Anthonymouth, Georgia",,False,False
TXN03191,2022-10-06,09:50:22,cf11a628,29,Female,PROD8057,Self-enabling bandwidth-monitored product,Health,Wellness,44.25,4,0.14,152.22,Cash,"Port Katelynstad, North Dakota",2.7,False,True
TXN03192,2022-11-12,09:50:22,dcf50334,30,Female,PROD2297,Object-based tangible firmware,Sports,Yoga,75.63,3,0.0,226.89,Bank Transfer,"Lake Amanda, North Carolina",1.2,False,False
TXN03193,2024-03-28,09:50:22,b0b73d57,20,Male,PROD2264,Decentralized responsive solution,Health,Supplements,17.65,4,0.11,62.83,Cash,"South Cassandra, New York",1.0,False,False
TXN03194,2025-01-18,09:50:22,bcc68ec9,54,Male,PROD1104,Persevering homogeneous info-mediaries,Beauty,Fragrances,1.99,1,0.0,1.99,E-Wallet,"Beasleyhaven, New Jersey",,True,True
TXN03195,2022-07-08,09:50:22,9ebf14c9,64,Male,PROD1634,Business-focused didactic concept,Toys,Games,1.99,5,0.0,9.95,Cash,"North Kristentown, Mississippi",2.4,False,False
TXN03196,2024-10-05,09:50:22,93c47ef9,69,Male,PROD6157,Centralized scalable hub,Automotive,Parts,44.25,4,0.23,136.29,E-Wallet,"New Brianstad, North Carolina",,False,False
TXN03197,2023-04-08,09:50:22,bee2ae95,21,Female,PROD4248,Optional content-based moratorium,Sports,Cycling,1.99,5,0.0,9.95,E-Wallet,"New Randy, Tennessee",,False,False
TXN03198,2024-10-11,09:50:22,5ceaeb79,21,Female,PROD2076,User-friendly eco-centric knowledge user,Toys,Games,22.55,4,0.0,90.2,Credit Card,"North Emilyfurt, Michigan",1.2,False,False
TXN03199,2023-03-23,09:50:22,2566b25d,35,Male,PROD3419,Robust 5thgeneration middleware,Clothing,Women,63.12,3,0.09,172.32,Credit Card,"Maldonadochester, New Hampshire",4.8,False,False
TXN03200,2022-08-23,09:50:22,52709aac,39,Male,PROD8062,Enterprise-wide disintermediate access,Beauty,Makeup,33.7,3,0.0,101.1,Cash,"New Paige, Wyoming",4.1,False,False
TXN03201,2022-11-29,09:50:22,2f2316cb,23,Male,PROD7737,Ameliorated tangible concept,Electronics,TVs,585.09,2,0.0,1170.18,E-Wallet,"Jonesfurt, Delaware",3.7,True,False
TXN03202,2024-03-14,09:50:22,d1c014cf,39,Female,PROD9086,Configurable intermediate archive,Health,Medical,34.45,2,0.0,68.9,Bank Transfer,"South Jonathan, North Dakota",3.1,False,False
TXN03203,2023-06-30,09:50:22,90783360,68,Male,PROD4742,Integrated fresh-thinking matrix,Home & Kitchen,Furniture,209.52,3,0.0,628.56,Cash,"Port Michael, New York",,True,False
TXN03204,2023-05-30,09:50:22,2490bdf4,47,Female,PROD5831,Universal bottom-line task-force,Toys,Games,10.95,2,0.21,17.3,Debit Card,"Christinaside, Colorado",3.4,False,True
TXN03205,2024-08-21,09:50:22,4a9fd0a9,49,Female,PROD1881,Grass-roots heuristic moratorium,Grocery,Beverages,16.46,5,0.0,82.3,Cash,"Christineview, New Hampshire",3.7,False,False
TXN03206,2023-10-31,09:50:22,9fb1b963,27,Male,PROD5846,Configurable tertiary moratorium,Books,Educational,14.55,2,0.0,29.1,E-Wallet,"Perryburgh, Ohio",3.9,False,False
TXN03207,2023-12-03,09:50:22,e412577e,29,Male,PROD5057,Visionary bottom-line collaboration,Toys,Educational,46.6,1,0.2,37.28,E-Wallet,"New Mary, Michigan",3.2,False,False
TXN03208,2024-01-05,09:50:22,66078fe4,56,Female,PROD1824,Sharable value-added help-desk,Home & Kitchen,Furniture,183.03,2,0.0,366.06,E-Wallet,"Brucehaven, Connecticut",2.4,False,False
TXN03209,2023-09-04,09:50:22,4de55a70,48,Male,PROD6925,Pre-emptive multi-tasking open architecture,Home & Kitchen,Cookware,151.59,5,0.0,757.95,Credit Card,"Port Stephanieside, Missouri",2.4,False,False
TXN03210,2022-11-18,09:50:22,34c8a4a5,25,Male,PROD4652,Grass-roots modular projection,Beauty,Makeup,53.67,3,0.0,161.01,Cash,"Amyfurt, Wyoming",4.6,False,False
TXN03211,2022-08-15,09:50:22,e1534ca6,59,Male,PROD2165,Synergized neutral core,Beauty,Skincare,6.44,4,0.0,25.76,Bank Transfer,"South Kevin, New Mexico",4.1,False,True
TXN03212,2024-07-18,09:50:22,4c1f6e40,38,Male,PROD8742,Cross-group grid-enabled approach,Sports,Cycling,63.34,3,0.0,190.02,E-Wallet,"Smithtown, Maryland",3.2,False,False
TXN03213,2025-02-04,09:50:22,dd03bcdd,58,Male,PROD2550,Automated intangible workforce,Clothing,Women,95.7,5,0.21,378.02,Credit Card,"New Wendystad, Kansas",1.7,False,False
TXN03214,2023-03-16,09:50:22,59ddb64c,67,Female,PROD8466,Total tangible projection,Sports,Team Sports,44.71,3,0.0,134.13,Bank Transfer,"Megantown, Maine",,False,True
TXN03215,2022-08-25,09:50:22,37a4a810,42,Male,PROD4039,Progressive asymmetric secured line,Electronics,Headphones,856.36,1,0.0,856.36,Credit Card,"North Kellymouth, Ohio",,False,True
TXN03216,2024-05-13,09:50:22,1acc835f,56,Male,PROD5183,Fundamental value-added system engine,Beauty,Makeup,1.99,2,0.0,3.98,E-Wallet,"Anthonyview, Vermont",1.6,False,True
TXN03217,2022-05-13,09:50:22,cab787bf,28,Male,PROD8121,Configurable full-range matrices,Automotive,Electronics,19.51,2,0.0,39.02,Bank Transfer,"North Michael, Idaho",3.0,False,True
TXN03218,2024-09-27,09:50:22,5d5aec0a,50,Female,PROD8411,Intuitive 5thgeneration interface,Health,Vitamins,15.29,5,0.0,76.45,Cash,"North Jason, Rhode Island",,False,False
TXN03219,2022-11-01,09:50:22,8683f253,24,Female,PROD6765,Front-line contextually-based paradigm,Home & Kitchen,Bedding,170.5,2,0.0,341.0,Debit Card,"Justinmouth, Illinois",,False,False
TXN03220,2023-12-30,09:50:22,023a629d,24,Female,PROD6431,Up-sized object-oriented middleware,Health,Medical,9.0,2,0.0,18.0,Cash,"East Heather, Delaware",2.8,False,True
TXN03221,2025-01-13,09:50:22,61523e6d,59,Female,PROD9111,Universal background intranet,Grocery,Snacks,45.15,4,0.0,180.6,Debit Card,"Lake Joshuaside, Utah",,False,False
TXN03222,2023-06-18,09:50:22,d1cc9eda,27,Male,PROD1334,Persistent neutral monitoring,Clothing,Accessories,91.12,4,0.0,364.48,E-Wallet,"Harrisberg, North Carolina",,False,False
TXN03223,2022-11-20,09:50:22,5678413d,70,Female,PROD1924,Compatible bottom-line protocol,Home & Kitchen,Decor,168.66,5,0.0,843.3,Bank Transfer,"West Patrick, Iowa",4.1,False,False
TXN03224,2022-06-27,09:50:22,c8d49876,30,Male,PROD1045,Synergized heuristic task-force,Home & Kitchen,Cookware,139.86,2,0.0,279.72,Credit Card,"South Tanya, Wyoming",4.5,False,True
TXN03225,2023-07-03,09:50:22,056cee5d,63,Female,PROD5701,Down-sized homogeneous matrix,Books,Educational,10.24,5,0.0,51.2,Bank Transfer,"Port Christopherstad, Rhode Island",,False,False
TXN03226,2023-04-20,09:50:22,ac54acb8,23,Male,PROD6700,Reactive heuristic process improvement,Home & Kitchen,Appliances,60.72,4,0.0,242.88,Bank Transfer,"Jenniferbury, West Virginia",,False,True
TXN03227,2023-12-24,09:50:22,d7d86d46,64,Male,PROD6086,Proactive demand-driven parallelism,Grocery,Bakery,54.99,4,0.21,173.77,E-Wallet,"Lake Christopher, Idaho",,False,True
TXN03228,2022-10-20,09:50:22,86f46111,38,Female,PROD3880,Open-architected fresh-thinking migration,Health,Medical,45.59,1,0.0,45.59,Bank Transfer,"Carterchester, New York",2.5,False,False
TXN03229,2024-12-30,09:50:22,3ce6573a,60,Male,PROD6812,Distributed value-added neural-net,Automotive,Parts,29.22,1,0.0,29.22,Debit Card,"Port Amyhaven, Texas",4.1,False,False
TXN03230,2022-12-28,09:50:22,e6578292,40,Male,PROD2942,Business-focused fault-tolerant groupware,Toys,Puzzles,21.64,3,0.16,54.53,Cash,"Odonnellton, Idaho",,False,False
TXN03231,2024-01-27,09:50:22,4ccce2f7,35,Female,PROD7115,Triple-buffered asynchronous frame,Clothing,Accessories,1.99,4,0.0,7.96,Credit Card,"Masseymouth, Texas",,False,False
TXN03232,2024-07-28,09:50:22,2b1ad183,23,Female,PROD1894,Extended client-server project,Clothing,Accessories,17.87,4,0.0,71.48,E-Wallet,"Williamsmouth, New Jersey",,False,True
TXN03233,2024-12-25,09:50:22,28f838f9,47,Female,PROD5982,User-centric regional policy,Electronics,Smartphones,882.28,1,0.0,882.28,E-Wallet,"East Vanessa, Missouri",3.6,False,False
TXN03234,2025-01-31,09:50:22,80c2fd21,48,Female,PROD2369,Multi-tiered mobile artificial intelligence,Toys,Games,4.39,4,0.0,17.56,Debit Card,"New Amyfurt, New Jersey",3.4,False,False
TXN03235,2023-10-30,09:50:22,9742505a,57,Female,PROD7983,Advanced even-keeled algorithm,Toys,Puzzles,33.79,3,0.0,101.37,Debit Card,"Lake Anthonyfurt, Kentucky",,False,True
TXN03236,2022-11-08,09:50:22,72af936f,32,Female,PROD4600,Decentralized didactic superstructure,Beauty,Fragrances,50.15,1,0.0,50.15,Credit Card,"South Leslie, North Carolina",4.4,False,False
TXN03237,2024-07-07,09:50:22,8ab7598f,58,Female,PROD3440,Multi-channeled analyzing Local Area Network,Sports,Outdoor,4.9,3,0.2,11.76,E-Wallet,"Audreystad, Kansas",,False,True
TXN03238,2023-05-19,09:50:22,b21bffcb,45,Female,PROD2994,Exclusive zero tolerance encoding,Health,First Aid,33.69,1,0.0,33.69,Credit Card,"Kramerside, Alaska",,False,True
TXN03239,2024-06-03,09:50:22,f4153e62,47,Female,PROD8259,Assimilated modular protocol,Toys,Educational,48.76,1,0.0,48.76,Credit Card,"West Karenton, Arkansas",,False,False
TXN03240,2024-06-25,09:50:22,f95a764a,61,Male,PROD8556,Profit-focused web-enabled definition,Clothing,Accessories,50.37,5,0.0,251.85,E-Wallet,"Taylorfort, New Mexico",2.8,False,False
TXN03241,2024-05-31,09:50:22,3f66cc38,52,Female,PROD8685,Self-enabling heuristic workforce,Clothing,Women,136.05,2,0.0,272.1,Bank Transfer,"Lake Josephborough, Montana",1.9,False,False
TXN03242,2023-05-23,09:50:22,e317f936,51,Female,PROD9812,Programmable mobile throughput,Automotive,Electronics,1.99,2,0.0,3.98,Debit Card,"Jamesfort, Missouri",2.8,False,False
TXN03243,2024-11-03,09:50:22,ca8ddcae,54,Female,PROD2061,Function-based zero tolerance concept,Books,Children,51.17,5,0.22,199.56,Credit Card,"East Matthew, New Mexico",,False,True
TXN03244,2022-08-05,09:50:22,f66af697,42,Female,PROD3480,Automated fault-tolerant Graphical User Interface,Sports,Cycling,26.54,3,0.25,59.72,Debit Card,"North Daniel, Georgia",,False,True
TXN03245,2023-10-27,09:50:22,7f28687b,19,Male,PROD9760,Robust full-range array,Sports,Yoga,45.44,4,0.0,181.76,Bank Transfer,"Mitchellville, Utah",4.9,False,True
TXN03246,2024-10-22,09:50:22,6c19ec5d,23,Female,PROD6342,Cross-group 5thgeneration orchestration,Toys,Games,38.83,5,0.0,194.15,Credit Card,"New Lisa, California",3.6,False,True
TXN03247,2024-12-13,09:50:22,3189fe97,48,Male,PROD4648,Programmable 3rdgeneration superstructure,Home & Kitchen,Appliances,68.68,1,0.0,68.68,Bank Transfer,"Jessefort, Wisconsin",,False,False
TXN03248,2023-10-27,09:50:22,5dc63327,19,Female,PROD8210,Fully-configurable holistic concept,Health,Vitamins,34.58,3,0.23,79.88,Debit Card,"Tonyberg, Arkansas",,False,False
TXN03249,2023-08-12,09:50:22,6c8b222b,39,Male,PROD4649,Pre-emptive intermediate software,Beauty,Haircare,1.99,5,0.0,9.95,Cash,"South Makayla, Georgia",,False,False
TXN03250,2023-11-07,09:50:22,55e06b5d,45,Male,PROD1345,Switchable mission-critical parallelism,Books,Cookbooks,42.06,5,0.0,210.3,Credit Card,"Henryfurt, Maine",,False,False
TXN03251,2022-09-09,09:50:22,3ffbf9d6,37,Male,PROD8027,Compatible reciprocal challenge,Toys,Action Figures,35.96,4,0.0,143.84,Bank Transfer,"South Tara, Kansas",1.3,False,False
TXN03252,2023-03-11,09:50:22,2307c939,28,Male,PROD7704,Networked actuating emulation,Toys,Action Figures,42.77,1,0.0,42.77,E-Wallet,"Rothmouth, Rhode Island",3.7,False,False
TXN03253,2022-11-20,09:50:22,9cf305a0,61,Male,PROD5177,Team-oriented multi-state methodology,Automotive,Tools,51.16,3,0.0,153.48,Cash,"East Abigailfurt, Tennessee",3.2,False,False
TXN03254,2022-10-28,09:50:22,710f056c,23,Female,PROD2056,Triple-buffered transitional benchmark,Health,Medical,37.35,4,0.3,104.58,Credit Card,"Krausefurt, North Carolina",,False,False
TXN03255,2024-04-09,09:50:22,8e0deb4c,67,Male,PROD6080,Assimilated zero tolerance function,Toys,Action Figures,32.96,4,0.0,131.84,Bank Transfer,"New Bryanport, Wisconsin",,False,False
TXN03256,2024-08-30,09:50:22,f1aa8358,50,Male,PROD3967,Persevering uniform contingency,Books,Educational,12.38,3,0.0,37.14,Credit Card,"Port Wyatt, Michigan",3.4,False,True
TXN03257,2023-08-14,09:50:22,92866463,57,Male,PROD3374,Synergized zero-defect secured line,Health,Vitamins,15.76,1,0.27,11.5,E-Wallet,"Cookland, Oregon",1.9,False,False
TXN03258,2022-09-07,09:50:22,f0c190b2,45,Male,PROD4846,Focused full-range synergy,Books,Fiction,53.73,5,0.0,268.65,Cash,"South Tricia, South Dakota",,False,False
TXN03259,2024-07-06,09:50:22,454a5786,23,Male,PROD9562,Distributed multi-state customer loyalty,Sports,Team Sports,58.73,2,0.0,117.46,Cash,"South Jaime, Missouri",,False,True
TXN03260,2025-04-10,09:50:22,4ca7a9c8,24,Male,PROD9940,Fully-configurable incremental open architecture,Sports,Team Sports,25.24,4,0.0,100.96,Cash,"Lake Paige, Delaware",4.1,False,False
TXN03261,2024-09-09,09:50:22,7734372e,50,Male,PROD9109,Secured attitude-oriented throughput,Sports,Outdoor,30.92,2,0.0,61.84,Debit Card,"West Daniellehaven, Nebraska",,False,False
TXN03262,2025-01-02,09:50:22,7e449be1,34,Male,PROD2572,Function-based reciprocal model,Home & Kitchen,Cookware,56.68,2,0.0,113.36,Debit Card,"Port Taylor, Hawaii",,False,False
TXN03263,2023-08-31,09:50:22,de10f5e0,49,Male,PROD4648,Total grid-enabled circuit,Books,Cookbooks,53.46,4,0.0,213.84,E-Wallet,"Isaiahside, Colorado",,False,True
TXN03264,2025-01-05,09:50:22,64ded669,68,Male,PROD5794,Streamlined content-based contingency,Beauty,Haircare,43.31,3,0.0,129.93,Credit Card,"Fitzgeraldchester, Alabama",5.0,True,False
TXN03265,2024-01-08,09:50:22,32c8984a,65,Male,PROD4101,Triple-buffered national circuit,Automotive,Accessories,68.82,5,0.0,344.1,Cash,"South Phillip, Georgia",3.9,False,False
TXN03266,2022-10-14,09:50:22,68858581,64,Male,PROD7234,Pre-emptive leadingedge utilization,Electronics,Headphones,324.34,2,0.0,648.68,Cash,"Mariaton, North Carolina",4.5,True,True
TXN03267,2024-07-22,09:50:22,26bff789,63,Male,PROD7697,Business-focused even-keeled time-frame,Sports,Cycling,22.44,2,0.0,44.88,Debit Card,"Smithland, South Carolina",,False,False
TXN03268,2022-07-16,09:50:22,192a12cf,65,Male,PROD4523,Future-proofed web-enabled portal,Electronics,Smartphones,546.29,1,0.0,546.29,Debit Card,"West Douglasborough, Utah",3.5,False,False
TXN03269,2025-02-27,09:50:22,94b67021,31,Female,PROD2470,Exclusive static data-warehouse,Beauty,Fragrances,42.93,4,0.0,171.72,E-Wallet,"Brewerchester, California",4.4,False,False
TXN03270,2025-03-29,09:50:22,bb1846d7,33,Male,PROD9841,Adaptive grid-enabled service-desk,Health,Wellness,25.69,5,0.0,128.45,Bank Transfer,"West Heatherburgh, West Virginia",1.1,False,False
TXN03271,2023-03-03,09:50:22,b0dcc778,69,Female,PROD8420,Front-line logistical protocol,Clothing,Women,23.81,2,0.0,47.62,Debit Card,"Wongton, Indiana",4.9,False,False
TXN03272,2023-01-07,09:50:22,33f4daa0,58,Female,PROD7282,Centralized encompassing Graphic Interface,Grocery,Dairy,47.63,4,0.0,190.52,Cash,"East Jennifershire, North Dakota",,False,True
TXN03273,2024-11-10,09:50:22,6aa27177,69,Male,PROD7334,Persistent analyzing protocol,Electronics,Cameras,644.23,2,0.0,1288.46,E-Wallet,"Williamsborough, New York",4.3,False,False
TXN03274,2023-04-25,09:50:22,f8a60168,54,Male,PROD5308,Customer-focused discrete time-frame,Books,Fiction,11.67,5,0.0,58.35,E-Wallet,"West Matthew, New Hampshire",1.2,False,True
TXN03275,2023-04-13,09:50:22,bdb6ef47,42,Male,PROD9459,Customer-focused uniform pricing structure,Toys,Puzzles,57.11,2,0.0,114.22,Debit Card,"Lake Nicholetown, Florida",,False,False
TXN03276,2023-07-13,09:50:22,eede9325,66,Male,PROD5021,Organized intermediate approach,Beauty,Makeup,53.4,4,0.0,213.6,E-Wallet,"Kristychester, Massachusetts",,False,True
TXN03277,2023-06-04,09:50:22,32be3552,58,Male,PROD7280,Realigned 6thgeneration data-warehouse,Electronics,TVs,526.86,4,0.0,2107.44,E-Wallet,"New Bryanburgh, Utah",4.7,False,True
TXN03278,2023-01-19,09:50:22,c8008cb8,61,Female,PROD1508,Enhanced responsive workforce,Grocery,Canned Goods,31.59,2,0.0,63.18,Bank Transfer,"Lake Allisonmouth, Idaho",,False,True
TXN03279,2022-08-01,09:50:22,b94f122a,63,Female,PROD1420,Robust maximized migration,Electronics,Headphones,610.81,1,0.0,610.81,Debit Card,"East Dustin, Maryland",,False,False
TXN03280,2024-09-19,09:50:22,ec66b854,34,Female,PROD4431,Self-enabling executive process improvement,Automotive,Tools,12.77,5,0.0,63.85,Bank Transfer,"South Nicoleshire, Alabama",3.6,False,False
TXN03281,2022-10-13,09:50:22,e896776d,31,Male,PROD2190,Secured well-modulated function,Clothing,Women,50.9,2,0.0,101.8,E-Wallet,"Campbellfurt, Kentucky",5.0,False,True
TXN03282,2024-10-13,09:50:22,0ba8cfc2,67,Female,PROD8998,Polarized uniform groupware,Automotive,Tools,1.99,3,0.0,5.97,Cash,"New Ashleyborough, Michigan",,False,False
TXN03283,2023-06-23,09:50:22,8202d2fd,35,Female,PROD3721,Secured eco-centric help-desk,Automotive,Parts,47.53,2,0.08,87.46,Credit Card,"Lake Kevinfort, California",1.3,False,False
TXN03284,2023-03-04,09:50:22,109e9e14,42,Male,PROD4558,Streamlined coherent conglomeration,Grocery,Snacks,1.99,1,0.15,1.69,Bank Transfer,"Port Terry, Nevada",3.8,False,False
TXN03285,2023-10-16,09:50:22,aff3e1f0,37,Male,PROD5005,Secured optimal matrices,Clothing,Women,95.1,1,0.0,95.1,Credit Card,"East Lisa, Louisiana",,False,False
TXN03286,2024-02-19,09:50:22,679ec2ab,19,Female,PROD4582,Organic mobile utilization,Sports,Cycling,23.4,5,0.0,117.0,Credit Card,"Port Juanfort, Hawaii",,True,True
TXN03287,2022-09-20,09:50:22,1c5312e5,53,Male,PROD1158,Front-line local framework,Toys,Games,25.77,2,0.0,51.54,Debit Card,"Lake Sandra, Idaho",,False,True
TXN03288,2022-10-31,09:50:22,e9e90670,32,Female,PROD3783,Secured motivating pricing structure,Electronics,Smartphones,374.45,1,0.0,374.45,Debit Card,"Dennisfort, Oregon",,False,False
TXN03289,2024-07-08,09:50:22,acdd0d2f,56,Female,PROD1080,Vision-oriented system-worthy Internet solution,Electronics,Smartphones,442.39,2,0.0,884.78,Credit Card,"Lake Joseph, Arizona",,False,False
TXN03290,2024-07-27,09:50:22,dc3b01c0,47,Female,PROD3340,Enhanced maximized methodology,Beauty,Fragrances,58.37,5,0.0,291.85,Debit Card,"Mitchelltown, Maryland",,False,True
TXN03291,2024-03-03,09:50:22,0a3eb40c,45,Male,PROD6748,Public-key analyzing architecture,Beauty,Haircare,1.99,1,0.0,1.99,Bank Transfer,"Angelaland, Connecticut",,False,False
TXN03292,2023-11-22,09:50:22,b818d964,22,Male,PROD6116,Open-source well-modulated architecture,Sports,Fitness,55.54,1,0.0,55.54,Debit Card,"Obrienside, Minnesota",2.7,False,False
TXN03293,2025-04-04,09:50:22,cb1e07ef,24,Male,PROD4626,Managed uniform standardization,Toys,Action Figures,36.76,4,0.0,147.04,Cash,"Russellport, Indiana",3.7,False,True
TXN03294,2024-11-29,09:50:22,00f9d091,36,Male,PROD8827,Centralized global middleware,Toys,Educational,5.86,2,0.27,8.56,Bank Transfer,"Port Christy, Virginia",,False,False
TXN03295,2022-05-31,09:50:22,281c4fcb,33,Male,PROD4642,Extended solution-oriented standardization,Grocery,Canned Goods,8.49,5,0.0,42.45,E-Wallet,"Jeffreyton, New York",,False,True
TXN03296,2025-04-10,09:50:22,93096550,50,Male,PROD1191,Extended static challenge,Automotive,Parts,63.53,4,0.0,254.12,Debit Card,"Port Williamland, Oregon",3.4,True,False
TXN03297,2024-09-11,09:50:22,0d22fae6,63,Female,PROD8053,Exclusive secondary service-desk,Clothing,Shoes,21.63,2,0.0,43.26,E-Wallet,"Johnnyport, Arizona",,False,False
TXN03298,2022-12-22,09:50:22,78034406,67,Female,PROD6910,Synchronized solution-oriented software,Beauty,Fragrances,6.93,3,0.26,15.38,Credit Card,"Wesleyport, Massachusetts",1.9,False,False
TXN03299,2024-08-31,09:50:22,16963c1f,66,Male,PROD3301,Fundamental demand-driven website,Beauty,Fragrances,52.75,3,0.0,158.25,Credit Card,"Lake Pamelaton, Nevada",,False,True
TXN03300,2023-03-08,09:50:22,db2b8cfb,43,Male,PROD2836,Proactive 5thgeneration circuit,Toys,Games,36.77,1,0.0,36.77,Bank Transfer,"West Leonardview, Texas",,False,False
TXN03301,2023-03-05,09:50:22,e52fc154,70,Female,PROD8752,Open-source fresh-thinking leverage,Electronics,Headphones,312.41,3,0.3,656.06,Bank Transfer,"Melissahaven, New York",4.7,False,False
TXN03302,2022-11-27,09:50:22,89a28b46,30,Female,PROD6665,Sharable scalable workforce,Beauty,Fragrances,34.33,1,0.0,34.33,Debit Card,"North Alexistown, South Carolina",3.6,False,False
TXN03303,2022-12-08,09:50:22,a7158996,23,Male,PROD4725,Innovative holistic moderator,Automotive,Car Care,9.48,2,0.27,13.84,Cash,"New Jasonhaven, Utah",4.4,False,False
TXN03304,2022-11-28,09:50:22,f8114938,68,Male,PROD8684,Persistent clear-thinking throughput,Grocery,Canned Goods,52.02,4,0.0,208.08,Cash,"Cassidybury, Utah",1.4,False,False
TXN03305,2023-12-12,09:50:22,97fcc856,40,Male,PROD1834,Innovative 24hour intranet,Books,Children,51.23,3,0.0,153.69,Cash,"Ruthview, New Mexico",2.5,True,False
TXN03306,2024-04-09,09:50:22,8e6ccdf9,45,Female,PROD3215,Versatile optimal benchmark,Electronics,Headphones,606.4,5,0.0,3032.0,E-Wallet,"East Amandabury, Missouri",1.8,False,False
TXN03307,2024-08-24,09:50:22,5e578124,54,Male,PROD5277,Business-focused 4thgeneration system engine,Health,Medical,37.23,2,0.0,74.46,Credit Card,"South Williamchester, Illinois",,False,False
TXN03308,2023-10-28,09:50:22,cfb8619c,44,Male,PROD8203,Business-focused composite success,Clothing,Kids,102.84,4,0.0,411.36,E-Wallet,"Emmamouth, New Mexico",,False,False
TXN03309,2024-06-28,09:50:22,ca777766,60,Male,PROD4083,Front-line national budgetary management,Toys,Action Figures,29.99,2,0.09,54.58,Cash,"West Mark, Ohio",,False,True
TXN03310,2025-01-24,09:50:22,cf98ae0d,49,Female,PROD5356,Grass-roots maximized utilization,Toys,Dolls,6.36,2,0.0,12.72,Bank Transfer,"Heatherburgh, Maine",,False,True
TXN03311,2024-12-29,09:50:22,4453a63a,46,Male,PROD4345,Multi-layered attitude-oriented product,Grocery,Dairy,38.99,5,0.24,148.16,Cash,"Nicoleview, New Hampshire",,False,False
TXN03312,2022-07-21,09:50:22,7430397a,59,Female,PROD8111,Team-oriented 4thgeneration encryption,Toys,Puzzles,71.72,1,0.28,51.64,Bank Transfer,"Lake Alyssaland, North Dakota",1.7,False,True
TXN03313,2023-04-23,09:50:22,8cd88e17,42,Female,PROD8594,Cross-group hybrid firmware,Electronics,Headphones,297.05,3,0.0,891.15,E-Wallet,"Wilsonton, Indiana",4.3,False,False
TXN03314,2023-11-21,09:50:22,170b1eae,59,Female,PROD5060,Progressive attitude-oriented productivity,Home & Kitchen,Cookware,94.7,1,0.0,94.7,Cash,"Port Bradmouth, Missouri",,False,False
TXN03315,2024-08-08,09:50:22,483245ca,50,Female,PROD2962,Persistent uniform architecture,Health,Wellness,38.33,5,0.17,159.07,Credit Card,"Lake Davidmouth, Massachusetts",,True,False
TXN03316,2023-02-24,09:50:22,2b9adaa0,27,Male,PROD5032,Realigned responsive strategy,Sports,Fitness,28.92,3,0.0,86.76,Debit Card,"East Jerryport, Wyoming",2.3,False,False
TXN03317,2024-08-05,09:50:22,99213a0d,54,Male,PROD6716,Seamless contextually-based parallelism,Automotive,Car Care,10.35,3,0.0,31.05,Credit Card,"Taylortown, New Hampshire",,False,False
TXN03318,2022-07-24,09:50:22,57773f74,64,Male,PROD1869,Extended multimedia functionalities,Health,Vitamins,52.44,3,0.29,111.7,E-Wallet,"North Jimmy, North Dakota",,False,False
TXN03319,2024-07-24,09:50:22,36820c3e,55,Male,PROD2067,Function-based next generation matrices,Beauty,Skincare,76.4,1,0.0,76.4,E-Wallet,"Hartmanfurt, Alabama",2.9,False,False
TXN03320,2024-03-14,09:50:22,c5013028,56,Female,PROD8946,Streamlined disintermediate archive,Electronics,TVs,539.23,1,0.0,539.23,Credit Card,"Kennethborough, New Hampshire",,False,False
TXN03321,2023-09-04,09:50:22,888d6245,50,Female,PROD8110,Intuitive scalable implementation,Beauty,Haircare,11.92,3,0.16,30.04,Credit Card,"Lake Megan, Nevada",,False,False
TXN03322,2022-08-14,09:50:22,73b2ae47,44,Female,PROD7956,Re-engineered 24/7 architecture,Beauty,Makeup,1.99,1,0.0,1.99,Cash,"Chloeville, Arizona",4.0,False,False
TXN03323,2025-01-03,09:50:22,c8aad580,28,Female,PROD4578,Centralized foreground project,Books,Cookbooks,35.16,2,0.0,70.32,Debit Card,"Kimberlyport, Connecticut",,False,True
TXN03324,2023-11-07,09:50:22,c3ffd55e,38,Female,PROD7643,Integrated empowering time-frame,Grocery,Dairy,52.08,1,0.27,38.02,Bank Transfer,"Wilsonside, Maine",,False,False
TXN03325,2024-06-06,09:50:22,922ea13f,43,Male,PROD3462,Re-engineered transitional middleware,Clothing,Kids,64.26,1,0.0,64.26,Cash,"Port Robertstad, Illinois",1.8,False,False
TXN03326,2022-06-16,09:50:22,8b8c2015,69,Male,PROD2692,Face-to-face fault-tolerant approach,Books,Educational,29.95,5,0.21,118.3,E-Wallet,"New Michaelmouth, Nevada",1.1,False,True
TXN03327,2024-03-27,09:50:22,200a854b,47,Male,PROD9750,Secured user-facing support,Beauty,Makeup,18.21,2,0.0,36.42,Debit Card,"Jessicaton, Alaska",,True,True
TXN03328,2024-01-16,09:50:22,25a7df3f,63,Male,PROD8167,Multi-channeled secondary core,Clothing,Accessories,17.24,3,0.07,48.1,Cash,"Lorifort, Georgia",4.4,False,True
TXN03329,2024-02-01,09:50:22,bffcef38,19,Female,PROD4358,Total transitional encoding,Clothing,Men,75.04,1,0.0,75.04,Cash,"Johnstad, Massachusetts",,False,False
TXN03330,2023-12-01,09:50:22,9aafd54e,37,Female,PROD4178,Fully-configurable coherent matrices,Grocery,Canned Goods,48.28,3,0.26,107.18,Cash,"Santanaland, Arkansas",4.7,False,True
TXN03331,2025-02-05,09:50:22,aeef4e6f,48,Male,PROD1226,Cross-group secondary customer loyalty,Toys,Puzzles,1.99,5,0.0,9.95,Debit Card,"East Norma, West Virginia",,False,False
TXN03332,2022-11-23,09:50:22,24110dc5,48,Male,PROD7628,Ameliorated even-keeled monitoring,Health,Medical,61.8,2,0.0,123.6,Credit Card,"Blakeburgh, North Carolina",1.5,False,False
TXN03333,2023-08-15,09:50:22,0e9384cf,66,Male,PROD5608,Object-based stable core,Automotive,Electronics,41.48,1,0.0,41.48,Cash,"Kellerborough, Oklahoma",,False,False
TXN03334,2023-02-05,09:50:22,ec4ff4d7,34,Female,PROD1556,Sharable 5thgeneration project,Home & Kitchen,Bedding,217.97,5,0.0,1089.85,E-Wallet,"Lake Todd, Mississippi",,False,False
TXN03335,2024-01-11,09:50:22,aea86ae0,62,Male,PROD9458,Distributed encompassing firmware,Books,Non-Fiction,3.16,4,0.0,12.64,Credit Card,"Kingbury, Alabama",,False,False
TXN03336,2024-10-29,09:50:22,7bb4090c,37,Female,PROD1110,Operative client-server synergy,Home & Kitchen,Appliances,24.39,5,0.0,121.95,Bank Transfer,"Jonesville, Illinois",,False,True
TXN03337,2024-02-22,09:50:22,b51fb366,44,Female,PROD4029,Digitized mobile application,Automotive,Accessories,27.02,3,0.0,81.06,Credit Card,"North Robertfort, Montana",2.6,False,True
TXN03338,2023-11-08,09:50:22,7696a00a,59,Male,PROD3643,Devolved needs-based Internet solution,Toys,Puzzles,40.06,1,0.0,40.06,Debit Card,"South Kristen, Texas",4.7,False,False
TXN03339,2024-09-05,09:50:22,cbd07d9d,41,Male,PROD1559,Digitized coherent monitoring,Automotive,Tools,65.93,5,0.14,283.5,Debit Card,"South Charlesmouth, Alabama",,False,True
TXN03340,2022-11-04,09:50:22,e6bac72b,22,Female,PROD9537,Automated dedicated Graphic Interface,Toys,Educational,44.12,1,0.0,44.12,Debit Card,"Nicoleberg, New York",2.0,False,True
TXN03341,2023-05-25,09:50:22,d7d15917,62,Female,PROD9695,Sharable eco-centric middleware,Automotive,Car Care,25.15,3,0.0,75.45,Credit Card,"Port Sarahstad, California",2.9,False,True
TXN03342,2024-10-26,09:50:22,101211a8,46,Male,PROD9848,Vision-oriented foreground process improvement,Electronics,Laptops,294.73,5,0.17,1223.13,Credit Card,"Stephanieton, New York",,False,False
TXN03343,2023-07-12,09:50:22,75405ecc,35,Female,PROD6707,Upgradable systemic orchestration,Grocery,Snacks,54.6,5,0.0,273.0,Debit Card,"Lake Christy, Nebraska",,False,False
TXN03344,2024-08-16,09:50:22,70df4bda,20,Female,PROD3742,Assimilated context-sensitive structure,Toys,Puzzles,10.71,5,0.0,53.55,Debit Card,"Keithville, Wisconsin",,False,False
TXN03345,2025-01-22,09:50:22,8cf30c32,70,Female,PROD9164,Monitored discrete implementation,Toys,Action Figures,62.57,1,0.0,62.57,Debit Card,"New Leechester, Florida",,False,True
TXN03346,2025-03-28,09:50:22,ad67ce63,27,Male,PROD5183,Intuitive well-modulated task-force,Health,Medical,24.31,4,0.0,97.24,Credit Card,"Sarahberg, Wisconsin",,False,True
TXN03347,2024-06-09,09:50:22,b6654bd7,37,Female,PROD7597,Robust content-based forecast,Home & Kitchen,Furniture,231.34,5,0.0,1156.7,E-Wallet,"Kaylamouth, New Jersey",1.5,False,False
TXN03348,2022-08-29,09:50:22,01d6abf9,69,Female,PROD8523,Expanded dedicated hierarchy,Automotive,Electronics,43.58,4,0.0,174.32,E-Wallet,"Adamsborough, Minnesota",,False,True
TXN03349,2025-03-26,09:50:22,b96a700b,44,Male,PROD7990,Future-proofed uniform initiative,Toys,Dolls,27.26,5,0.0,136.3,Cash,"Lake Amyton, New Jersey",,False,False
TXN03350,2023-03-27,09:50:22,d56077ae,43,Male,PROD5040,Expanded executive toolset,Clothing,Shoes,34.42,5,0.0,172.1,Debit Card,"Cherylfurt, Maryland",4.8,False,False
TXN03351,2022-09-17,09:50:22,37cf40e0,39,Female,PROD8420,Distributed eco-centric monitoring,Sports,Yoga,23.18,1,0.0,23.18,Bank Transfer,"North Jessica, North Dakota",,False,False
TXN03352,2024-02-02,09:50:22,cf4d473e,22,Male,PROD8205,Organized even-keeled core,Automotive,Parts,38.57,5,0.2,154.28,Cash,"Ashleyport, Alabama",3.0,False,False
TXN03353,2025-03-08,09:50:22,772b9a2d,35,Female,PROD6314,Enterprise-wide bandwidth-monitored project,Health,Supplements,31.54,2,0.0,63.08,E-Wallet,"Lake Andrew, Oregon",,True,False
TXN03354,2024-08-09,09:50:22,c6a896ad,68,Male,PROD7520,Balanced explicit hierarchy,Toys,Educational,18.12,1,0.3,12.68,Bank Transfer,"New Bridget, Washington",1.7,False,False
TXN03355,2023-02-07,09:50:22,e5546069,32,Male,PROD5981,Virtual next generation knowledge user,Grocery,Dairy,26.69,4,0.0,106.76,Debit Card,"South Travisland, Idaho",,False,True
TXN03356,2025-04-13,09:50:22,c443e852,38,Female,PROD2968,Seamless multi-tasking monitoring,Home & Kitchen,Decor,125.5,5,0.0,627.5,Bank Transfer,"Sanchezhaven, Wyoming",4.8,True,False
TXN03357,2022-07-04,09:50:22,1ada214a,57,Male,PROD2311,Configurable explicit middleware,Clothing,Accessories,1.99,5,0.0,9.95,Credit Card,"New Justin, Arkansas",,False,False
TXN03358,2023-04-26,09:50:22,d41255d4,20,Male,PROD7611,Down-sized context-sensitive synergy,Electronics,Laptops,591.63,4,0.0,2366.52,Bank Transfer,"Maldonadoburgh, Vermont",2.2,False,False
TXN03359,2023-06-04,09:50:22,ad8007a5,18,Female,PROD1052,Configurable system-worthy analyzer,Sports,Yoga,10.41,3,0.0,31.23,Debit Card,"Marcberg, Ohio",,False,False
TXN03360,2023-06-21,09:50:22,6a905f41,18,Male,PROD8071,Synergistic asynchronous benchmark,Sports,Team Sports,6.93,4,0.0,27.72,Cash,"Wardfurt, Maine",1.5,False,False
TXN03361,2022-09-01,09:50:22,38c18ab8,36,Female,PROD7136,Reduced zero administration concept,Toys,Action Figures,1.99,3,0.07,5.55,E-Wallet,"Sheilafurt, Pennsylvania",,False,False
TXN03362,2023-09-28,09:50:22,2504f04c,39,Female,PROD6446,Team-oriented logistical support,Health,Vitamins,1.99,5,0.1,8.96,E-Wallet,"Jesseport, Michigan",4.5,False,False
TXN03363,2022-07-12,09:50:22,ee9d0f92,44,Male,PROD7106,Organized heuristic knowledgebase,Toys,Action Figures,2.89,4,0.0,11.56,Cash,"Christymouth, Connecticut",,False,False
TXN03364,2024-11-25,09:50:22,0ad02205,42,Male,PROD9957,Visionary clear-thinking analyzer,Automotive,Accessories,15.82,3,0.0,47.46,Bank Transfer,"Priscillamouth, Ohio",4.8,False,False
TXN03365,2022-08-17,09:50:22,9614a23d,24,Female,PROD1321,Down-sized methodical knowledge user,Clothing,Accessories,108.6,4,0.0,434.4,Bank Transfer,"Port Brian, Missouri",3.2,False,False
TXN03366,2024-05-13,09:50:22,196a9b06,25,Male,PROD8375,Reactive even-keeled workforce,Beauty,Tools,19.48,4,0.0,77.92,Credit Card,"Crosbyshire, Oklahoma",1.6,False,False
TXN03367,2023-06-17,09:50:22,310d3fa4,36,Male,PROD2149,Diverse zero-defect knowledge user,Home & Kitchen,Bedding,132.44,2,0.0,264.88,Bank Transfer,"Jenniferchester, Idaho",3.6,False,True
TXN03368,2023-11-18,09:50:22,ccb9f239,20,Female,PROD4039,Total mission-critical emulation,Grocery,Canned Goods,38.01,3,0.0,114.03,E-Wallet,"Jobury, Oregon",,False,False
TXN03369,2024-05-29,09:50:22,c9924bd4,44,Female,PROD8319,Right-sized solution-oriented algorithm,Automotive,Car Care,32.62,2,0.0,65.24,Credit Card,"Juarezberg, Mississippi",,False,False
TXN03370,2024-12-11,09:50:22,ada7f0a1,49,Female,PROD8917,Configurable 4thgeneration leverage,Books,Fiction,28.45,3,0.25,64.01,Cash,"Lake Andrealand, Nebraska",1.4,False,False
TXN03371,2025-03-05,09:50:22,546bc1a1,35,Female,PROD8855,Multi-layered 24hour core,Health,Medical,6.09,5,0.0,30.45,Debit Card,"East Katherine, South Dakota",,False,True
TXN03372,2024-07-26,09:50:22,69a9674e,69,Male,PROD1493,Devolved client-server interface,Toys,Educational,59.02,3,0.0,177.06,E-Wallet,"Jesseborough, North Carolina",,False,False
TXN03373,2023-01-14,09:50:22,819bc1f2,37,Male,PROD9656,Right-sized holistic parallelism,Beauty,Skincare,66.14,2,0.0,132.28,Bank Transfer,"Lake Teresastad, Kansas",4.5,False,False
TXN03374,2022-07-07,09:50:22,db2c5151,42,Female,PROD5416,Realigned 6thgeneration concept,Books,Educational,1.99,5,0.0,9.95,Credit Card,"Robertview, New York",1.9,False,False
TXN03375,2023-09-13,09:50:22,bc268497,51,Female,PROD4800,Cross-group explicit matrices,Automotive,Electronics,9.52,5,0.0,47.6,Credit Card,"Lake Angela, Maryland",3.1,False,True
TXN03376,2024-06-06,09:50:22,cca205a7,57,Male,PROD5611,Implemented grid-enabled challenge,Beauty,Skincare,24.4,5,0.0,122.0,Cash,"New Tommyton, Maryland",3.3,False,True
TXN03377,2025-01-31,09:50:22,22828dc3,48,Female,PROD2044,Upgradable multi-state frame,Beauty,Makeup,10.71,4,0.08,39.41,Cash,"Benjaminchester, Washington",,False,False
TXN03378,2024-11-04,09:50:22,d5523aa7,57,Male,PROD3030,Universal methodical capacity,Books,Non-Fiction,40.12,5,0.0,200.6,Credit Card,"Tiffanystad, Oklahoma",,False,False
TXN03379,2023-05-04,09:50:22,d5be231e,32,Female,PROD7781,Public-key zero administration monitoring,Electronics,Laptops,354.35,4,0.0,1417.4,Bank Transfer,"Steventon, South Carolina",,False,False
TXN03380,2025-01-01,09:50:22,f0c058b0,47,Male,PROD8695,Vision-oriented systemic matrices,Clothing,Men,114.95,5,0.0,574.75,Cash,"Lake Kelsey, Kansas",3.1,False,True
TXN03381,2024-04-21,09:50:22,5db9d393,43,Female,PROD8833,Vision-oriented national knowledgebase,Health,Wellness,53.81,2,0.0,107.62,Bank Transfer,"Port Ashleyview, Connecticut",3.5,False,False
TXN03382,2024-04-10,09:50:22,9fa062a5,51,Female,PROD3970,Organic tertiary synergy,Toys,Dolls,34.25,1,0.0,34.25,E-Wallet,"Martinezview, North Dakota",,False,False
TXN03383,2023-04-05,09:50:22,9b36b312,31,Male,PROD4961,Vision-oriented optimizing system engine,Automotive,Car Care,50.54,1,0.0,50.54,Debit Card,"Lisafort, South Dakota",4.2,True,True
TXN03384,2023-10-17,09:50:22,65061601,19,Female,PROD7592,Compatible fault-tolerant workforce,Toys,Dolls,52.12,3,0.0,156.36,Bank Transfer,"East Michael, Washington",3.1,False,False
TXN03385,2022-11-07,09:50:22,ea758b86,35,Male,PROD5205,Synchronized regional data-warehouse,Beauty,Tools,18.72,4,0.0,74.88,Cash,"Paulafurt, New Hampshire",1.9,False,False
TXN03386,2023-12-10,09:50:22,80e081b3,22,Male,PROD9700,Extended interactive interface,Beauty,Skincare,13.68,2,0.17,22.71,Debit Card,"Romanville, New Hampshire",,False,False
TXN03387,2022-07-01,09:50:22,b74148de,40,Male,PROD7313,Universal asynchronous instruction set,Automotive,Accessories,31.56,5,0.06,148.33,Bank Transfer,"Brianfort, Nebraska",,False,True
TXN03388,2024-07-05,09:50:22,f405720b,23,Male,PROD4579,Upgradable intangible support,Sports,Yoga,47.23,5,0.0,236.15,E-Wallet,"West Maria, Wisconsin",,False,False
TXN03389,2022-08-15,09:50:22,5cc711ad,38,Female,PROD3382,Progressive next generation complexity,Sports,Outdoor,32.78,3,0.12,86.54,Credit Card,"Dawntown, Iowa",4.7,False,False
TXN03390,2023-04-04,09:50:22,a0e79ffa,69,Male,PROD4706,Right-sized encompassing interface,Clothing,Women,2.69,4,0.0,10.76,Bank Transfer,"Port Sarabury, Oklahoma",,False,False
TXN03391,2023-07-18,09:50:22,de9550ce,43,Female,PROD2375,Assimilated mobile attitude,Health,Medical,13.94,2,0.19,22.58,Cash,"New Jesse, Montana",4.2,False,False
TXN03392,2023-08-02,09:50:22,edd8fd8f,52,Female,PROD2032,Synergistic intangible info-mediaries,Home & Kitchen,Bedding,114.82,3,0.15,292.79,Credit Card,"Morrisberg, Virginia",,False,False
TXN03393,2023-08-10,09:50:22,db487002,34,Female,PROD7053,Face-to-face bottom-line website,Books,Non-Fiction,28.49,2,0.0,56.98,Cash,"Careyborough, Alabama",,False,False
TXN03394,2023-07-03,09:50:22,cbd079e8,65,Female,PROD8454,Upgradable real-time collaboration,Beauty,Fragrances,69.45,1,0.21,54.87,Credit Card,"Lauraville, Rhode Island",1.9,False,False
TXN03395,2023-11-08,09:50:22,6530bac1,37,Male,PROD6471,Virtual solution-oriented core,Beauty,Skincare,2.28,1,0.0,2.28,Bank Transfer,"Woodardburgh, Georgia",,False,False
TXN03396,2024-08-21,09:50:22,cb1a38bb,69,Male,PROD9134,Multi-lateral 24hour framework,Beauty,Makeup,40.11,3,0.0,120.33,E-Wallet,"Crawfordmouth, Maryland",1.5,False,False
TXN03397,2025-03-22,09:50:22,03d6a40e,33,Female,PROD1710,Open-architected fault-tolerant hub,Grocery,Bakery,59.78,3,0.0,179.34,E-Wallet,"Reyesbury, Arkansas",,False,True
TXN03398,2022-06-16,09:50:22,7232d3be,60,Female,PROD1848,Mandatory interactive functionalities,Clothing,Accessories,118.14,3,0.22,276.45,Bank Transfer,"Woodside, Virginia",,False,False
TXN03399,2022-05-24,09:50:22,5d0ae020,57,Male,PROD8057,Customizable well-modulated flexibility,Sports,Team Sports,21.91,4,0.0,87.64,Credit Card,"South Sherry, Hawaii",1.5,False,False
TXN03400,2024-12-31,09:50:22,0e4784b5,68,Male,PROD4801,Inverse optimizing firmware,Sports,Cycling,39.83,4,0.0,159.32,E-Wallet,"North Scott, Wyoming",,False,False
TXN03401,2023-01-31,09:50:22,d8f49af4,66,Male,PROD9962,Decentralized dynamic ability,Toys,Games,41.4,2,0.0,82.8,Bank Transfer,"Rosalesport, Arizona",4.1,True,False
TXN03402,2023-04-25,09:50:22,6b9044d6,21,Female,PROD9134,User-friendly mission-critical extranet,Electronics,Smartphones,539.1,5,0.0,2695.5,Debit Card,"Johnfort, West Virginia",1.4,False,False
TXN03403,2022-05-23,09:50:22,2066cae6,29,Male,PROD7363,User-friendly foreground conglomeration,Sports,Outdoor,28.02,5,0.06,131.69,Cash,"Port Tiffany, Nebraska",,False,False
TXN03404,2023-08-07,09:50:22,cd19def5,56,Female,PROD7086,Quality-focused executive application,Sports,Team Sports,38.72,3,0.0,116.16,E-Wallet,"Port Kimberly, Nevada",4.3,False,False
TXN03405,2023-10-04,09:50:22,ac298fdc,31,Male,PROD1483,Streamlined explicit data-warehouse,Books,Cookbooks,1.99,2,0.0,3.98,Debit Card,"New Lindsayhaven, Indiana",3.4,False,False
TXN03406,2024-01-21,09:50:22,654f0843,68,Male,PROD6572,Extended discrete info-mediaries,Automotive,Electronics,43.64,5,0.0,218.2,E-Wallet,"East Christine, Nevada",,False,False
TXN03407,2023-11-20,09:50:22,6758d0c0,53,Female,PROD6920,Enhanced hybrid circuit,Automotive,Accessories,32.52,5,0.0,162.6,Debit Card,"South Rogerhaven, Alabama",,False,False
TXN03408,2024-09-19,09:50:22,3fb214a0,39,Female,PROD3578,Multi-layered exuding complexity,Automotive,Parts,25.55,4,0.0,102.2,Credit Card,"Lake Pamela, Ohio",4.3,False,False
TXN03409,2024-06-15,09:50:22,a1581188,40,Female,PROD6377,Inverse upward-trending intranet,Toys,Educational,70.94,1,0.0,70.94,Debit Card,"Lake Jacobborough, Wisconsin",2.8,False,False
TXN03410,2024-04-19,09:50:22,e68cc397,68,Male,PROD8581,Profit-focused composite standardization,Electronics,Laptops,365.01,1,0.0,365.01,Debit Card,"West Anthonymouth, Utah",1.2,False,True
TXN03411,2024-12-01,09:50:22,df6d04cf,30,Male,PROD1678,User-friendly client-server attitude,Electronics,Headphones,419.38,3,0.0,1258.14,Cash,"Michaelborough, Idaho",2.9,False,False
TXN03412,2023-10-04,09:50:22,60ef95a8,23,Male,PROD2979,Devolved zero administration customer loyalty,Beauty,Haircare,69.83,1,0.0,69.83,Debit Card,"West Zachary, Oregon",3.5,False,True
TXN03413,2023-07-26,09:50:22,6e949322,65,Female,PROD5139,Compatible grid-enabled groupware,Grocery,Dairy,13.36,4,0.0,53.44,Bank Transfer,"New Mariaton, Kansas",,False,False
TXN03414,2024-12-16,09:50:22,2aeab17a,49,Male,PROD6678,Multi-tiered full-range challenge,Clothing,Shoes,33.5,4,0.0,134.0,Cash,"East Katieport, West Virginia",,False,False
TXN03415,2024-01-14,09:50:22,949b752a,18,Male,PROD2232,Phased clear-thinking function,Sports,Outdoor,27.06,1,0.0,27.06,Credit Card,"East Carrieborough, Illinois",,False,True
TXN03416,2025-04-06,09:50:22,475045f0,49,Female,PROD2138,Implemented 24/7 artificial intelligence,Automotive,Accessories,46.81,2,0.09,85.19,Bank Transfer,"Port Leslie, Alabama",,False,False
TXN03417,2024-07-27,09:50:22,cb54287a,27,Male,PROD2579,Proactive tertiary process improvement,Toys,Games,34.16,2,0.0,68.32,Bank Transfer,"East Jennifermouth, Michigan",2.5,False,True
TXN03418,2022-12-01,09:50:22,eeb4dabf,25,Male,PROD7238,Robust 5thgeneration artificial intelligence,Home & Kitchen,Cookware,29.52,4,0.0,118.08,Cash,"Richardsfort, Arkansas",4.9,True,False
TXN03419,2022-05-21,09:50:22,f47f6760,22,Female,PROD3002,Enhanced optimal time-frame,Toys,Educational,19.36,2,0.0,38.72,E-Wallet,"Brooksfort, West Virginia",,False,True
TXN03420,2025-03-18,09:50:22,6d5556ee,64,Male,PROD2556,Re-engineered zero tolerance functionalities,Books,Non-Fiction,17.85,5,0.22,69.62,E-Wallet,"West Keithshire, Massachusetts",,False,False
TXN03421,2024-06-10,09:50:22,38de43e6,47,Female,PROD8370,Universal hybrid Local Area Network,Toys,Games,28.46,4,0.0,113.84,E-Wallet,"West Samuel, Alaska",4.0,False,False
TXN03422,2023-12-05,09:50:22,2cec86b3,67,Female,PROD2361,Digitized systemic functionalities,Grocery,Dairy,38.52,4,0.0,154.08,Cash,"Rogersside, Florida",3.5,False,True
TXN03423,2024-01-07,09:50:22,0deb4028,51,Female,PROD9846,Polarized zero tolerance moratorium,Health,Wellness,38.36,5,0.0,191.8,Debit Card,"New Melissaberg, North Carolina",4.0,False,False
TXN03424,2022-12-13,09:50:22,edb48ca4,30,Female,PROD4473,Stand-alone fresh-thinking encryption,Home & Kitchen,Appliances,1.99,1,0.0,1.99,Cash,"West Shannonmouth, New York",,True,False
TXN03425,2025-01-16,09:50:22,6f4b88da,43,Female,PROD6726,Proactive needs-based matrix,Automotive,Accessories,51.28,1,0.0,51.28,Credit Card,"Grahamfort, Utah",,False,False
TXN03426,2022-09-13,09:50:22,243861b0,51,Male,PROD6595,Optional cohesive standardization,Grocery,Bakery,35.05,4,0.0,140.2,Credit Card,"Craigfurt, Alaska",,False,False
TXN03427,2024-03-24,09:50:22,8bf2a29e,69,Male,PROD7361,Implemented user-facing utilization,Home & Kitchen,Appliances,216.92,1,0.25,162.69,Bank Transfer,"West Brenda, Illinois",1.7,False,False
TXN03428,2023-11-23,09:50:22,f31d5454,52,Female,PROD2295,Reactive local implementation,Electronics,Cameras,588.84,1,0.0,588.84,Cash,"Carlosbury, New Hampshire",,False,False
TXN03429,2024-03-01,09:50:22,2cbbc377,61,Female,PROD8925,Assimilated methodical encryption,Automotive,Tools,52.03,3,0.0,156.09,Debit Card,"Jamesport, Maryland",1.2,False,True
TXN03430,2023-11-24,09:50:22,e1f54216,60,Female,PROD7808,Open-source interactive artificial intelligence,Books,Fiction,39.33,4,0.0,157.32,Credit Card,"North Michaelstad, Vermont",,False,False
TXN03431,2023-10-22,09:50:22,71fad247,25,Male,PROD1204,Mandatory logistical help-desk,Sports,Outdoor,56.92,1,0.0,56.92,E-Wallet,"North Melissafort, Virginia",2.9,False,True
TXN03432,2024-01-07,09:50:22,d706b077,24,Female,PROD8744,Multi-lateral solution-oriented open system,Toys,Puzzles,40.45,4,0.0,161.8,E-Wallet,"Paulshire, Oklahoma",2.1,False,False
TXN03433,2023-05-26,09:50:22,1a997ca5,36,Male,PROD6616,Reduced disintermediate productivity,Health,Medical,28.04,4,0.0,112.16,Cash,"Ritterville, Delaware",1.8,False,False
TXN03434,2023-03-09,09:50:22,165e75d2,61,Female,PROD2448,Quality-focused attitude-oriented attitude,Toys,Puzzles,75.45,5,0.0,377.25,E-Wallet,"New John, Kansas",,False,False
TXN03435,2025-03-30,09:50:22,aedf07ec,24,Female,PROD1278,Synergized exuding pricing structure,Electronics,Laptops,677.81,2,0.0,1355.62,Debit Card,"North Trevor, Wyoming",,False,False
TXN03436,2023-09-10,09:50:22,88834943,64,Male,PROD3307,Customizable user-facing policy,Electronics,Headphones,614.75,1,0.0,614.75,Credit Card,"Aaronmouth, Kansas",3.5,False,False
TXN03437,2022-08-30,09:50:22,f45c0080,41,Female,PROD4767,Decentralized heuristic success,Books,Educational,4.47,2,0.0,8.94,Bank Transfer,"Hartmanfort, Colorado",,False,False
TXN03438,2024-08-10,09:50:22,1fd7ab95,45,Male,PROD9970,Persevering 24/7 intranet,Beauty,Skincare,4.23,4,0.24,12.86,Bank Transfer,"Lake Linda, South Dakota",,False,False
TXN03439,2024-02-19,09:50:22,60c3418c,40,Male,PROD9552,Business-focused static instruction set,Sports,Yoga,35.85,4,0.26,106.12,Debit Card,"Howardborough, Massachusetts",,False,False
TXN03440,2023-02-16,09:50:22,f4244c66,62,Female,PROD8256,Self-enabling asymmetric toolset,Beauty,Tools,32.91,2,0.0,65.82,Cash,"Port Ericbury, South Dakota",,False,False
TXN03441,2022-06-27,09:50:22,61f82c87,47,Female,PROD3363,Sharable tangible customer loyalty,Grocery,Canned Goods,17.72,4,0.28,51.03,Cash,"New David, West Virginia",1.4,False,False
TXN03442,2025-02-17,09:50:22,c6f807b4,56,Male,PROD3294,Implemented clear-thinking throughput,Beauty,Makeup,32.82,1,0.0,32.82,Cash,"Johnshire, Colorado",,False,True
TXN03443,2024-01-01,09:50:22,bc083813,24,Female,PROD3765,Synergized didactic projection,Beauty,Tools,61.77,4,0.23,190.25,Debit Card,"New Cheyenne, Rhode Island",3.3,False,False
TXN03444,2023-10-19,09:50:22,7c3a6236,48,Male,PROD4657,Fundamental dynamic concept,Automotive,Parts,43.91,3,0.0,131.73,Debit Card,"North Roberto, Pennsylvania",2.5,False,False
TXN03445,2024-09-09,09:50:22,c427c3d3,43,Male,PROD5357,Sharable value-added application,Sports,Cycling,7.18,1,0.24,5.46,Bank Transfer,"Pamelaville, Texas",4.6,True,False
TXN03446,2024-08-11,09:50:22,05ce76d0,67,Male,PROD5970,Streamlined hybrid extranet,Health,First Aid,27.77,3,0.0,83.31,E-Wallet,"North Joshua, Oregon",,False,False
TXN03447,2024-07-09,09:50:22,6dd59791,22,Female,PROD2709,Extended system-worthy moderator,Automotive,Parts,13.9,1,0.0,13.9,Debit Card,"New Michealtown, Florida",1.3,False,False
TXN03448,2022-07-17,09:50:22,083cb095,18,Male,PROD6807,Switchable mission-critical intranet,Home & Kitchen,Bedding,92.86,3,0.0,278.58,E-Wallet,"West Aaronfort, Wyoming",1.1,False,False
TXN03449,2023-05-29,09:50:22,a2aff1a2,51,Female,PROD2884,Function-based didactic array,Sports,Cycling,21.73,1,0.0,21.73,E-Wallet,"South Jenniferfurt, New Hampshire",2.2,False,False
TXN03450,2024-04-07,09:50:22,f672bb88,30,Female,PROD5688,Team-oriented national open system,Clothing,Women,35.67,4,0.0,142.68,E-Wallet,"Port Jason, New Mexico",,False,False
TXN03451,2023-08-04,09:50:22,1e998847,18,Male,PROD6973,Synchronized well-modulated forecast,Home & Kitchen,Cookware,32.14,3,0.26,71.35,Bank Transfer,"Carmenland, Alaska",3.1,False,False
TXN03452,2025-05-04,09:50:22,fdf919f0,24,Male,PROD1534,Sharable coherent contingency,Books,Educational,27.45,3,0.0,82.35,Credit Card,"East Jason, Iowa",,False,True
TXN03453,2025-01-04,09:50:22,8d7a4941,69,Female,PROD9516,Horizontal responsive instruction set,Books,Non-Fiction,18.79,5,0.0,93.95,Credit Card,"Michaelside, Idaho",,False,False
TXN03454,2024-05-09,09:50:22,d9405c78,49,Male,PROD6270,Diverse intermediate attitude,Electronics,Smartphones,1.99,2,0.0,3.98,Credit Card,"Ianmouth, Kentucky",1.5,False,False
TXN03455,2025-03-09,09:50:22,7b6a2865,54,Female,PROD1229,Digitized hybrid portal,Sports,Outdoor,71.06,5,0.2,284.24,E-Wallet,"Millsville, Pennsylvania",2.1,False,True
TXN03456,2024-01-10,09:50:22,75cfd07f,43,Female,PROD2587,Distributed zero administration system engine,Grocery,Snacks,51.78,5,0.0,258.9,Debit Card,"Lake Melissa, Rhode Island",,False,False
TXN03457,2023-04-19,09:50:22,fd9459bc,38,Male,PROD7815,Stand-alone multi-tasking success,Sports,Cycling,22.47,3,0.22,52.58,Debit Card,"East Alisonmouth, Ohio",2.9,False,False
TXN03458,2023-05-11,09:50:22,7131e521,38,Female,PROD3923,Intuitive bottom-line customer loyalty,Home & Kitchen,Bedding,121.32,1,0.0,121.32,Debit Card,"Karaville, Georgia",3.2,False,True
TXN03459,2023-12-28,09:50:22,16720969,51,Male,PROD1113,Team-oriented context-sensitive contingency,Electronics,Cameras,265.67,1,0.0,265.67,Bank Transfer,"Richardfurt, Utah",,False,True
TXN03460,2022-11-21,09:50:22,d05fbca6,58,Male,PROD3532,Sharable intangible core,Sports,Outdoor,63.91,4,0.0,255.64,Bank Transfer,"Fernandofort, Minnesota",4.9,False,False
TXN03461,2024-12-25,09:50:22,8407d01d,54,Male,PROD3724,Vision-oriented full-range pricing structure,Grocery,Snacks,67.95,4,0.3,190.26,Bank Transfer,"Brianmouth, New Mexico",1.3,False,False
TXN03462,2023-01-23,09:50:22,208acd3d,55,Male,PROD8296,Decentralized executive adapter,Books,Educational,33.13,4,0.14,113.97,Credit Card,"Katelynberg, Vermont",,True,False
TXN03463,2023-10-17,09:50:22,bb2746f1,70,Male,PROD7699,Stand-alone explicit hierarchy,Home & Kitchen,Decor,191.65,2,0.0,383.3,Debit Card,"Woodsberg, New Jersey",4.3,False,False
TXN03464,2023-05-15,09:50:22,efd50671,59,Female,PROD6305,Virtual 24hour website,Grocery,Canned Goods,33.51,5,0.27,122.31,Debit Card,"Smithville, Texas",3.2,False,True
TXN03465,2024-03-23,09:50:22,8e12d4d9,47,Male,PROD9445,Self-enabling context-sensitive infrastructure,Health,Supplements,3.27,2,0.0,6.54,Cash,"West Charles, Delaware",2.5,False,True
TXN03466,2022-11-04,09:50:22,e4959d57,53,Female,PROD6991,Versatile logistical frame,Grocery,Bakery,21.76,5,0.16,91.39,Bank Transfer,"Duncanbury, Utah",1.1,False,False
TXN03467,2023-08-04,09:50:22,65a1632d,68,Female,PROD2056,Focused multi-state functionalities,Home & Kitchen,Bedding,129.23,4,0.23,398.03,Bank Transfer,"West Nicholas, Minnesota",,False,False
TXN03468,2024-05-02,09:50:22,b9171fb5,35,Female,PROD5313,Innovative maximized encryption,Home & Kitchen,Furniture,88.18,2,0.0,176.36,Bank Transfer,"East Susanbury, Maine",,False,True
TXN03469,2023-08-06,09:50:22,362d39a1,39,Female,PROD9782,Pre-emptive attitude-oriented focus group,Clothing,Accessories,43.44,5,0.0,217.2,E-Wallet,"North Scott, New Hampshire",3.5,False,True
TXN03470,2024-01-24,09:50:22,8cc3471b,40,Male,PROD9081,De-engineered 4thgeneration time-frame,Beauty,Skincare,28.17,1,0.0,28.17,Debit Card,"Scottchester, Washington",2.7,False,False
TXN03471,2024-09-13,09:50:22,4687b0ae,36,Male,PROD6272,Fully-configurable static info-mediaries,Electronics,Cameras,483.82,1,0.0,483.82,Credit Card,"West Keith, Rhode Island",1.3,False,False
TXN03472,2024-03-14,09:50:22,94688426,50,Male,PROD9965,Operative static hierarchy,Health,Supplements,31.05,3,0.0,93.15,Cash,"Jasonfurt, Connecticut",4.5,False,False
TXN03473,2024-06-05,09:50:22,bf37dbb1,42,Male,PROD5476,Fundamental 24hour synergy,Electronics,Smartphones,287.88,1,0.0,287.88,Bank Transfer,"North Mary, California",,False,True
TXN03474,2023-10-21,09:50:22,88195f33,43,Female,PROD3277,Profit-focused logistical project,Beauty,Fragrances,15.66,1,0.29,11.12,Cash,"New Nathanielhaven, Colorado",,False,True
TXN03475,2023-12-29,09:50:22,79d6b073,36,Female,PROD8936,Diverse well-modulated moderator,Toys,Action Figures,4.31,5,0.0,21.55,E-Wallet,"East Taylorton, Tennessee",,False,False
TXN03476,2024-12-10,09:50:22,20c561bf,57,Male,PROD1930,Extended composite parallelism,Electronics,Cameras,695.56,2,0.0,1391.12,Debit Card,"East Hectorton, South Carolina",,True,False
TXN03477,2023-01-02,09:50:22,95a841a8,50,Male,PROD5327,Realigned 4thgeneration core,Toys,Dolls,1.99,3,0.0,5.97,Cash,"East Elizabethchester, New York",,False,True
TXN03478,2024-12-24,09:50:22,fbd3bc5e,47,Male,PROD4519,Versatile composite moratorium,Home & Kitchen,Appliances,200.75,2,0.25,301.12,Bank Transfer,"Christophershire, West Virginia",2.9,False,False
TXN03479,2022-08-23,09:50:22,ddfa7694,41,Female,PROD6685,Vision-oriented transitional pricing structure,Automotive,Accessories,57.73,5,0.0,288.65,E-Wallet,"South David, Hawaii",2.4,False,False
TXN03480,2022-09-28,09:50:22,94e09d19,66,Female,PROD5380,Assimilated background functionalities,Automotive,Parts,23.96,4,0.0,95.84,Cash,"Lake Stevenmouth, Washington",1.1,False,False
TXN03481,2024-12-28,09:50:22,719e30ea,20,Male,PROD1880,Seamless intangible throughput,Automotive,Accessories,1.99,4,0.0,7.96,Bank Transfer,"Kathyshire, Missouri",,False,False
TXN03482,2023-06-08,09:50:22,644ebeb5,26,Female,PROD9334,Fully-configurable regional knowledgebase,Toys,Games,22.77,3,0.0,68.31,Debit Card,"Courtneystad, Florida",2.1,False,False
TXN03483,2025-02-23,09:50:22,f6056c0d,31,Male,PROD8903,Fully-configurable holistic hierarchy,Beauty,Skincare,28.72,3,0.0,86.16,Cash,"Luisfort, Minnesota",3.7,True,False
TXN03484,2023-01-06,09:50:22,ba3ec75f,30,Female,PROD6963,Innovative attitude-oriented throughput,Sports,Fitness,9.79,1,0.0,9.79,Bank Transfer,"Lawrencebury, South Carolina",,False,False
TXN03485,2024-06-25,09:50:22,a92a7b25,59,Male,PROD5731,Inverse secondary model,Health,Medical,19.7,2,0.18,32.31,Credit Card,"Darlenefurt, Georgia",,False,False
TXN03486,2025-04-25,09:50:22,909281b7,46,Female,PROD5825,Managed user-facing infrastructure,Books,Educational,60.6,1,0.05,57.57,Credit Card,"New Brandon, Missouri",3.9,False,True
TXN03487,2024-01-07,09:50:22,6c5413be,56,Male,PROD8184,Multi-channeled radical infrastructure,Electronics,TVs,632.99,5,0.0,3164.95,Credit Card,"Port Lisa, Colorado",4.5,False,True
TXN03488,2024-08-29,09:50:22,9eb54fcd,67,Female,PROD7396,Intuitive full-range orchestration,Toys,Puzzles,11.51,3,0.0,34.53,Bank Transfer,"North Cristinaland, Massachusetts",1.8,False,False
TXN03489,2022-08-24,09:50:22,ff17629a,62,Female,PROD8526,Switchable 5thgeneration analyzer,Health,Supplements,1.99,5,0.0,9.95,E-Wallet,"Andreaview, Idaho",,False,False
TXN03490,2023-03-10,09:50:22,9c57efe6,58,Female,PROD3663,Advanced background superstructure,Sports,Cycling,23.46,1,0.0,23.46,Debit Card,"East Michellehaven, Nebraska",1.3,False,False
TXN03491,2023-02-11,09:50:22,aa26e880,60,Male,PROD3198,Horizontal national solution,Books,Cookbooks,25.73,1,0.0,25.73,Credit Card,"Lake Abigail, Texas",,False,True
TXN03492,2023-06-20,09:50:22,35d0f397,39,Female,PROD9810,Total methodical concept,Sports,Yoga,39.92,3,0.28,86.23,Bank Transfer,"East Keithbury, Maine",4.0,False,False
TXN03493,2024-04-06,09:50:22,ac597827,51,Male,PROD4721,Synergistic explicit encoding,Toys,Puzzles,19.29,3,0.0,57.87,Credit Card,"Carsonside, South Dakota",3.6,True,False
TXN03494,2024-08-21,09:50:22,5a3ee458,24,Male,PROD4865,Enterprise-wide stable software,Books,Non-Fiction,40.23,1,0.0,40.23,Debit Card,"New William, Idaho",2.4,False,False
TXN03495,2024-11-28,09:50:22,cfa5d003,65,Male,PROD5734,Re-contextualized optimal definition,Sports,Cycling,68.7,2,0.0,137.4,Cash,"New Brianamouth, Oklahoma",,False,False
TXN03496,2023-02-23,09:50:22,cf63da15,39,Male,PROD5636,Open-source demand-driven alliance,Clothing,Men,74.47,4,0.0,297.88,E-Wallet,"Aaronshire, Virginia",,False,False
TXN03497,2024-02-12,09:50:22,850139ba,47,Female,PROD1545,Secured non-volatile website,Toys,Dolls,29.04,2,0.0,58.08,Credit Card,"Jennyfurt, Florida",,False,False
TXN03498,2023-05-10,09:50:22,e69c98c8,35,Male,PROD4401,Compatible intermediate forecast,Electronics,Headphones,463.37,1,0.0,463.37,E-Wallet,"West Daniel, Arizona",2.6,False,False
TXN03499,2022-10-18,09:50:22,97b32bef,63,Female,PROD3936,Persevering secondary intranet,Home & Kitchen,Decor,95.03,2,0.0,190.06,Cash,"West Robertville, Wisconsin",,False,False
TXN03500,2025-01-28,09:50:22,b433a383,35,Male,PROD6750,Enhanced multimedia secured line,Books,Fiction,53.61,2,0.0,107.22,Credit Card,"Port Matthewshire, Hawaii",,False,True
TXN03501,2024-03-17,09:50:22,2e03efd5,52,Female,PROD3776,Assimilated client-driven algorithm,Home & Kitchen,Appliances,76.09,4,0.0,304.36,Cash,"Dominicchester, Wisconsin",1.2,False,False
TXN03502,2023-05-03,09:50:22,d81a8fec,34,Male,PROD6235,User-centric 24hour methodology,Home & Kitchen,Appliances,123.17,3,0.0,369.51,E-Wallet,"Patriciaton, Tennessee",,False,False
TXN03503,2024-02-06,09:50:22,b52d43b3,18,Female,PROD6989,Cloned client-driven approach,Grocery,Snacks,31.02,4,0.0,124.08,Credit Card,"New Michelle, Oregon",,False,False
TXN03504,2022-09-01,09:50:22,5c12cdc4,50,Female,PROD1585,Business-focused solution-oriented portal,Home & Kitchen,Decor,84.88,3,0.0,254.64,Debit Card,"South Michaelfort, Pennsylvania",,False,False
TXN03505,2022-05-15,09:50:22,664758ab,55,Male,PROD9614,Open-architected contextually-based Graphical User Interface,Grocery,Beverages,2.55,3,0.0,7.65,Cash,"North Shannonville, Pennsylvania",2.6,False,False
TXN03506,2024-11-16,09:50:22,0a1c685e,55,Male,PROD1717,Quality-focused bottom-line application,Grocery,Bakery,36.46,5,0.0,182.3,Cash,"East Michael, Georgia",3.1,False,False
TXN03507,2023-11-17,09:50:22,6a28a302,43,Female,PROD1015,Up-sized next generation implementation,Books,Non-Fiction,28.78,2,0.0,57.56,Credit Card,"Wilsonburgh, Wisconsin",,False,True
TXN03508,2023-07-08,09:50:22,637711ee,69,Female,PROD1254,Secured systemic time-frame,Beauty,Haircare,40.0,4,0.0,160.0,Cash,"Lake Duanetown, Maryland",1.1,False,False
TXN03509,2023-04-16,09:50:22,7125ba4e,59,Female,PROD6293,Mandatory client-driven portal,Toys,Games,19.33,3,0.0,57.99,Bank Transfer,"South Carol, North Carolina",,False,False
TXN03510,2023-03-26,09:50:22,8eeff265,19,Male,PROD7542,Vision-oriented executive contingency,Health,First Aid,54.42,2,0.09,99.04,Debit Card,"Jeffreyport, Montana",,False,True
TXN03511,2025-02-01,09:50:22,b2638784,65,Male,PROD7255,Compatible global solution,Clothing,Men,23.7,4,0.0,94.8,E-Wallet,"South Joannfurt, Hawaii",,False,False
TXN03512,2022-11-02,09:50:22,ba44b324,53,Female,PROD2782,Multi-channeled eco-centric software,Clothing,Men,101.36,3,0.0,304.08,Debit Card,"Sandrahaven, New York",,False,True
TXN03513,2023-01-26,09:50:22,2705b730,58,Female,PROD6404,Ameliorated tangible matrices,Home & Kitchen,Bedding,1.99,4,0.0,7.96,Credit Card,"East Brucemouth, Idaho",,False,True
TXN03514,2024-10-10,09:50:22,6e79365f,67,Male,PROD1247,Balanced tangible alliance,Health,Supplements,38.7,2,0.0,77.4,Credit Card,"Russellside, Nebraska",,True,True
TXN03515,2024-10-01,09:50:22,e04f308b,39,Male,PROD9000,Polarized uniform protocol,Books,Cookbooks,39.51,5,0.21,156.06,Debit Card,"Lake James, North Dakota",,False,False
TXN03516,2024-08-09,09:50:22,8fde1fa6,25,Female,PROD7731,Focused eco-centric paradigm,Grocery,Canned Goods,14.09,2,0.0,28.18,Bank Transfer,"South Juliafort, Indiana",2.3,False,True
TXN03517,2024-09-30,09:50:22,5b767f87,47,Female,PROD4531,Adaptive next generation circuit,Automotive,Parts,38.49,4,0.0,153.96,E-Wallet,"Warrenhaven, Texas",2.1,False,False
TXN03518,2025-01-07,09:50:22,7cc13702,33,Female,PROD1897,Configurable intangible focus group,Electronics,Cameras,755.9,2,0.17,1254.79,Bank Transfer,"Sosaton, Indiana",,False,False
TXN03519,2024-06-29,09:50:22,d1edba45,65,Male,PROD8034,Re-engineered human-resource monitoring,Clothing,Kids,1.99,4,0.0,7.96,Debit Card,"Loriton, Kansas",2.7,False,True
TXN03520,2022-05-15,09:50:22,d793cd8b,52,Male,PROD5927,Future-proofed maximized time-frame,Sports,Cycling,40.05,5,0.0,200.25,E-Wallet,"Fergusonmouth, Maine",,False,False
TXN03521,2022-07-22,09:50:22,69014362,30,Male,PROD4225,Total fresh-thinking forecast,Clothing,Kids,1.99,4,0.09,7.24,Debit Card,"Port Hailey, South Dakota",,False,False
TXN03522,2025-05-03,09:50:22,86cb4c36,61,Male,PROD5772,Digitized scalable extranet,Home & Kitchen,Appliances,52.4,2,0.0,104.8,Credit Card,"East Davidmouth, Rhode Island",2.5,False,False
TXN03523,2023-06-18,09:50:22,ab85511a,29,Male,PROD5122,Open-source actuating groupware,Electronics,Smartphones,825.83,3,0.0,2477.49,Debit Card,"Carrilloville, Iowa",,False,False
TXN03524,2024-06-08,09:50:22,faf2a279,20,Female,PROD7799,Fully-configurable well-modulated knowledge user,Electronics,Cameras,383.64,5,0.0,1918.2,Debit Card,"Lake Savannahburgh, Michigan",4.6,False,False
TXN03525,2022-06-03,09:50:22,4f136642,30,Female,PROD4838,Networked system-worthy ability,Health,Supplements,6.52,2,0.0,13.04,E-Wallet,"Lake Mark, Arizona",2.1,False,False
TXN03526,2024-02-24,09:50:22,0d6b1acb,39,Male,PROD1528,Diverse 24/7 moratorium,Automotive,Electronics,26.04,3,0.0,78.12,Credit Card,"South Brandon, Idaho",,False,False
TXN03527,2025-04-27,09:50:22,b19efb58,40,Female,PROD3115,Organized context-sensitive Local Area Network,Sports,Cycling,71.36,4,0.0,285.44,Cash,"Jesseberg, Nebraska",,False,False
TXN03528,2023-05-31,09:50:22,b2ae2dc6,53,Female,PROD5972,Implemented 24/7 contingency,Grocery,Snacks,1.99,1,0.0,1.99,Bank Transfer,"Lake Patrick, Texas",,False,True
TXN03529,2022-06-11,09:50:22,5af7ab32,35,Male,PROD7008,Fully-configurable 24hour info-mediaries,Books,Children,8.97,4,0.0,35.88,Cash,"East Jared, Maryland",,False,False
TXN03530,2022-05-14,09:50:22,ebdebbb4,47,Male,PROD3829,Programmable intangible help-desk,Sports,Fitness,59.95,5,0.0,299.75,E-Wallet,"New Wandatown, Michigan",,False,True
TXN03531,2023-09-27,09:50:22,5b51f408,40,Female,PROD3915,Operative system-worthy task-force,Sports,Team Sports,67.15,1,0.0,67.15,Credit Card,"Lake Bobshire, Utah",4.6,False,False
TXN03532,2023-08-12,09:50:22,b04605c1,21,Female,PROD7591,Exclusive bottom-line synergy,Home & Kitchen,Decor,112.76,4,0.0,451.04,Bank Transfer,"Steinfort, North Carolina",1.1,False,True
TXN03533,2024-04-10,09:50:22,c1fb2c0c,19,Female,PROD6245,Versatile fresh-thinking Graphic Interface,Grocery,Dairy,5.22,3,0.12,13.78,Cash,"West Samuelshire, Virginia",,False,False
TXN03534,2024-02-04,09:50:22,302138b8,21,Male,PROD8839,Reduced regional interface,Grocery,Beverages,71.92,4,0.0,287.68,Cash,"Butlerstad, Connecticut",5.0,False,True
TXN03535,2023-01-25,09:50:22,68fb67f6,57,Female,PROD4944,Phased incremental application,Beauty,Makeup,61.89,1,0.07,57.56,E-Wallet,"Zunigamouth, Utah",,False,False
TXN03536,2022-12-02,09:50:22,152afcfd,36,Female,PROD9995,Right-sized solution-oriented Local Area Network,Home & Kitchen,Appliances,167.53,3,0.26,371.92,E-Wallet,"Alexanderview, Alabama",2.1,False,False
TXN03537,2024-06-29,09:50:22,c19dc355,47,Male,PROD1651,Multi-lateral uniform matrices,Toys,Games,13.75,3,0.15,35.06,Debit Card,"Port Jenniferport, Nevada",,False,False
TXN03538,2025-03-01,09:50:22,6e987fc9,41,Female,PROD5871,Enterprise-wide cohesive functionalities,Clothing,Women,48.53,3,0.0,145.59,Cash,"Lake Courtney, Georgia",,False,True
TXN03539,2024-01-22,09:50:22,13689b16,55,Male,PROD1895,Multi-layered leadingedge implementation,Automotive,Car Care,26.79,3,0.0,80.37,Credit Card,"Matthewport, Wyoming",1.1,False,False
TXN03540,2023-04-13,09:50:22,f4530e8b,54,Male,PROD1504,Upgradable multi-state system engine,Electronics,Headphones,566.17,2,0.0,1132.34,Credit Card,"Bautistaview, New Mexico",3.9,False,False
TXN03541,2022-09-16,09:50:22,f45dd35f,20,Female,PROD4390,Re-engineered grid-enabled middleware,Electronics,Headphones,790.2,3,0.12,2086.13,Debit Card,"Nicholeville, Michigan",1.3,False,False
TXN03542,2022-08-07,09:50:22,bd3cec2a,20,Female,PROD7803,Cloned contextually-based initiative,Sports,Fitness,47.59,2,0.23,73.29,Bank Transfer,"East Joshuaside, Arkansas",2.8,True,False
TXN03543,2024-01-06,09:50:22,e4cd8164,43,Male,PROD6753,Programmable leadingedge service-desk,Sports,Fitness,8.45,3,0.18,20.79,Cash,"Josephshire, Mississippi",4.7,False,False
TXN03544,2023-12-22,09:50:22,9632ecb4,52,Female,PROD2881,User-centric user-facing focus group,Books,Educational,57.53,1,0.0,57.53,Credit Card,"Lake Deannaborough, Wisconsin",,False,False
TXN03545,2024-11-24,09:50:22,2b0e3b71,57,Male,PROD5313,Stand-alone system-worthy parallelism,Clothing,Men,59.39,4,0.23,182.92,Credit Card,"Lopezburgh, Nevada",2.0,False,False
TXN03546,2025-04-05,09:50:22,7c5c177e,40,Male,PROD2990,Advanced asynchronous contingency,Toys,Games,43.74,1,0.0,43.74,E-Wallet,"Carolynland, Oklahoma",1.7,False,True
TXN03547,2025-04-13,09:50:22,74ffec01,52,Female,PROD6257,Self-enabling bandwidth-monitored protocol,Grocery,Dairy,59.33,1,0.05,56.36,Debit Card,"New Robertside, New York",,False,False
TXN03548,2024-03-27,09:50:22,642a9bda,61,Male,PROD6203,Phased neutral knowledgebase,Beauty,Skincare,7.77,5,0.0,38.85,Credit Card,"New Johnton, Tennessee",4.0,False,True
TXN03549,2024-10-10,09:50:22,9257cf25,68,Male,PROD2611,Grass-roots human-resource encoding,Grocery,Dairy,29.28,1,0.05,27.82,Bank Transfer,"Doughertyfurt, Wisconsin",,False,False
TXN03550,2023-02-04,09:50:22,48702bda,28,Female,PROD2812,Up-sized holistic time-frame,Beauty,Skincare,19.37,1,0.0,19.37,Bank Transfer,"Lawrencemouth, Iowa",,False,False
TXN03551,2024-04-06,09:50:22,8850ea5c,63,Female,PROD3457,Switchable directional application,Home & Kitchen,Bedding,10.25,5,0.0,51.25,Cash,"East Morganview, Oregon",3.9,False,True
TXN03552,2025-02-02,09:50:22,bf452e59,59,Male,PROD8851,Focused national knowledgebase,Grocery,Canned Goods,36.93,3,0.0,110.79,Debit Card,"Thompsonfurt, Utah",2.6,False,False
TXN03553,2024-05-10,09:50:22,9b68f396,20,Female,PROD2148,Multi-tiered incremental budgetary management,Toys,Puzzles,80.23,4,0.0,320.92,Cash,"Loriland, New Mexico",,False,True
TXN03554,2023-05-26,09:50:22,abf1d29b,49,Female,PROD9154,Managed exuding instruction set,Home & Kitchen,Decor,1.99,2,0.0,3.98,Debit Card,"Mcintyrestad, Illinois",1.1,False,True
TXN03555,2023-04-08,09:50:22,372ea26e,34,Male,PROD9246,Synergistic tangible help-desk,Toys,Educational,29.35,4,0.0,117.4,Credit Card,"Molinamouth, Georgia",,False,True
TXN03556,2024-08-09,09:50:22,cf4b1e13,21,Male,PROD5078,Compatible tangible intranet,Sports,Fitness,42.81,2,0.24,65.07,Cash,"Millerhaven, North Carolina",,False,False
TXN03557,2022-06-14,09:50:22,258c8d58,64,Male,PROD3300,Self-enabling foreground superstructure,Toys,Dolls,32.46,1,0.26,24.02,Debit Card,"Samanthamouth, West Virginia",3.4,False,False
TXN03558,2023-08-16,09:50:22,d15a0dfc,67,Male,PROD2432,Cross-platform local open architecture,Toys,Action Figures,27.74,5,0.0,138.7,E-Wallet,"South Michael, Massachusetts",4.8,False,True
TXN03559,2023-08-08,09:50:22,e4e06d1c,43,Female,PROD4544,Optional 24hour extranet,Beauty,Skincare,4.02,2,0.0,8.04,Bank Transfer,"Jonesburgh, Wisconsin",1.7,False,True
TXN03560,2023-01-29,09:50:22,24796bb6,20,Female,PROD7406,Innovative systematic contingency,Automotive,Car Care,34.66,2,0.0,69.32,Debit Card,"Josephberg, Oregon",1.9,False,False
TXN03561,2023-07-12,09:50:22,e87b9661,59,Male,PROD6566,Persevering actuating superstructure,Books,Educational,14.86,1,0.0,14.86,Cash,"Simpsonville, Missouri",,False,True
TXN03562,2022-06-19,09:50:22,3486e59e,41,Male,PROD9274,Up-sized contextually-based projection,Health,Vitamins,1.99,5,0.0,9.95,E-Wallet,"Whiteside, North Dakota",,False,False
TXN03563,2025-03-04,09:50:22,85eca848,67,Male,PROD3077,Robust user-facing encryption,Sports,Yoga,53.89,3,0.0,161.67,Credit Card,"Villarrealburgh, West Virginia",3.3,False,False
TXN03564,2023-04-17,09:50:22,08d231f9,46,Female,PROD2510,Enhanced zero administration encoding,Toys,Action Figures,49.17,3,0.1,132.76,Bank Transfer,"Dudleybury, Iowa",,False,False
TXN03565,2023-01-13,09:50:22,cfe3a202,51,Female,PROD1235,Seamless regional superstructure,Automotive,Tools,31.03,3,0.0,93.09,Bank Transfer,"Port Willieview, Wyoming",1.8,False,False
TXN03566,2024-05-25,09:50:22,ed61dcd7,45,Female,PROD6453,Synchronized modular collaboration,Clothing,Shoes,56.87,4,0.0,227.48,Credit Card,"Port Samantha, Hawaii",4.9,False,False
TXN03567,2022-07-21,09:50:22,e21574b2,65,Male,PROD6446,Cross-group bandwidth-monitored model,Electronics,TVs,714.86,2,0.0,1429.72,Cash,"North Gregory, Massachusetts",,False,False
TXN03568,2024-06-12,09:50:22,b04f5fb7,20,Male,PROD1964,Configurable zero-defect pricing structure,Home & Kitchen,Appliances,135.7,5,0.0,678.5,Bank Transfer,"New Aliciaburgh, Mississippi",2.0,False,False
TXN03569,2023-10-11,09:50:22,ce58df16,31,Female,PROD2228,Virtual intermediate ability,Automotive,Car Care,48.08,4,0.0,192.32,E-Wallet,"North Matthewland, Nebraska",2.9,False,True
TXN03570,2025-05-05,09:50:22,1076c53b,28,Male,PROD8507,Decentralized hybrid monitoring,Books,Children,24.05,2,0.0,48.1,Debit Card,"Lake Juan, Illinois",,False,False
TXN03571,2022-08-13,09:50:22,af5453a1,58,Male,PROD1090,Reduced interactive ability,Electronics,Laptops,762.4,4,0.0,3049.6,Credit Card,"Alvaradoborough, Tennessee",,False,False
TXN03572,2022-08-12,09:50:22,b0e7ecfd,49,Female,PROD2864,Implemented multi-tasking ability,Beauty,Skincare,36.42,4,0.22,113.63,Credit Card,"Emilyshire, New Jersey",3.3,False,False
TXN03573,2022-12-13,09:50:22,8851ecbe,35,Male,PROD5733,Streamlined global frame,Health,Vitamins,33.88,4,0.0,135.52,Cash,"South Dustinmouth, Hawaii",,False,False
TXN03574,2022-06-15,09:50:22,d48ac19a,47,Female,PROD3166,Seamless explicit product,Toys,Action Figures,4.6,4,0.0,18.4,Debit Card,"Marcton, Oklahoma",,False,True
TXN03575,2022-08-12,09:50:22,aa705f82,51,Female,PROD7754,Grass-roots contextually-based strategy,Beauty,Skincare,35.74,2,0.0,71.48,Credit Card,"South Matthewfort, New Mexico",,False,False
TXN03576,2022-12-29,09:50:22,57e726ef,34,Male,PROD4145,Ergonomic dynamic ability,Home & Kitchen,Furniture,61.76,5,0.0,308.8,E-Wallet,"Crystalmouth, Alabama",3.2,False,False
TXN03577,2024-09-05,09:50:22,487889e1,32,Female,PROD8223,Total transitional orchestration,Beauty,Haircare,17.23,2,0.0,34.46,Credit Card,"North Christopherland, Iowa",,False,False
TXN03578,2024-10-31,09:50:22,ea35ba98,32,Female,PROD1606,Expanded web-enabled system engine,Beauty,Haircare,13.69,3,0.0,41.07,Debit Card,"Jacobsfort, Rhode Island",3.7,False,False
TXN03579,2024-06-22,09:50:22,655717d5,43,Male,PROD2715,Monitored uniform infrastructure,Automotive,Parts,8.68,4,0.0,34.72,E-Wallet,"Lake Lisa, Iowa",3.4,False,True
TXN03580,2023-01-14,09:50:22,12c6caa1,52,Female,PROD3573,Face-to-face grid-enabled process improvement,Beauty,Makeup,72.5,5,0.09,329.88,Bank Transfer,"East Jenniferfurt, Massachusetts",1.7,False,True
TXN03581,2023-10-05,09:50:22,613fe76f,49,Female,PROD1074,Inverse multimedia forecast,Clothing,Kids,89.94,1,0.0,89.94,Debit Card,"Castroburgh, Idaho",1.4,False,False
TXN03582,2025-01-01,09:50:22,d4d1f477,50,Male,PROD6086,Inverse systemic collaboration,Toys,Action Figures,68.41,1,0.29,48.57,E-Wallet,"East Rhondaport, Florida",4.5,False,False
TXN03583,2023-03-15,09:50:22,1b12c159,62,Male,PROD5924,Operative explicit contingency,Toys,Games,5.54,5,0.19,22.44,Bank Transfer,"South Teresa, Kansas",4.3,False,False
TXN03584,2023-06-30,09:50:22,f35edb10,65,Female,PROD7176,Cloned neutral leverage,Electronics,Laptops,514.25,5,0.0,2571.25,Debit Card,"Hayesside, Vermont",,False,False
TXN03585,2022-05-25,09:50:22,98c1ae00,26,Female,PROD6418,Extended national infrastructure,Health,Vitamins,4.13,5,0.11,18.38,Bank Transfer,"North Shawn, Oregon",,False,True
TXN03586,2024-01-12,09:50:22,c67d39aa,47,Male,PROD1695,Reduced bifurcated data-warehouse,Automotive,Accessories,16.09,1,0.0,16.09,Debit Card,"Mayerland, Kansas",,False,False
TXN03587,2024-09-13,09:50:22,6dee406c,33,Female,PROD6222,Cross-platform human-resource moratorium,Books,Cookbooks,11.64,4,0.0,46.56,Credit Card,"Bentleyfort, Texas",,False,False
TXN03588,2022-11-28,09:50:22,36f76576,67,Female,PROD9534,Face-to-face client-server framework,Home & Kitchen,Bedding,206.77,3,0.0,620.31,Credit Card,"North Erika, Kansas",,False,False
TXN03589,2025-04-05,09:50:22,0a7d75c2,20,Male,PROD6825,Organized clear-thinking strategy,Beauty,Makeup,22.08,3,0.25,49.68,Cash,"Rachaelville, Massachusetts",,False,True
TXN03590,2023-11-09,09:50:22,97793fca,18,Male,PROD6256,Diverse 6thgeneration portal,Electronics,Headphones,713.68,5,0.0,3568.4,E-Wallet,"Teresaton, Maryland",4.5,False,False
TXN03591,2023-02-10,09:50:22,1f41fe95,31,Female,PROD2113,Enhanced 3rdgeneration standardization,Books,Educational,42.08,1,0.0,42.08,E-Wallet,"New Shannonberg, West Virginia",,False,False
TXN03592,2024-09-09,09:50:22,4f237393,27,Female,PROD8155,Ameliorated clear-thinking complexity,Books,Children,76.07,1,0.0,76.07,Credit Card,"Lake Diane, West Virginia",,False,True
TXN03593,2022-12-06,09:50:22,d6e22734,37,Female,PROD2231,Programmable well-modulated benchmark,Beauty,Tools,1.99,2,0.0,3.98,Cash,"North Dianehaven, West Virginia",3.6,False,True
TXN03594,2025-03-18,09:50:22,7dbc0fc0,34,Female,PROD1483,Inverse asymmetric system engine,Books,Children,55.18,4,0.0,220.72,Credit Card,"Andrewhaven, Pennsylvania",,False,False
TXN03595,2023-01-02,09:50:22,982b9f1c,38,Female,PROD9368,Versatile context-sensitive support,Clothing,Accessories,84.39,4,0.0,337.56,Credit Card,"Hannahchester, New York",,False,False
TXN03596,2023-12-05,09:50:22,7c4092ea,48,Female,PROD7265,Front-line solution-oriented data-warehouse,Sports,Cycling,10.53,4,0.0,42.12,E-Wallet,"Williamborough, Missouri",3.1,False,True
TXN03597,2022-12-25,09:50:22,da7b1426,46,Female,PROD1106,Right-sized bandwidth-monitored Graphic Interface,Grocery,Canned Goods,50.14,4,0.0,200.56,Cash,"Alexaport, Washington",,False,False
TXN03598,2022-12-09,09:50:22,4dfa1602,54,Male,PROD7167,Innovative 4thgeneration framework,Home & Kitchen,Decor,143.53,3,0.0,430.59,E-Wallet,"New Eric, Nevada",,False,False
TXN03599,2025-02-18,09:50:22,f0a40fd4,55,Male,PROD8355,Networked bifurcated secured line,Books,Children,25.45,3,0.0,76.35,Cash,"Lake Cody, Michigan",1.1,False,False
TXN03600,2023-06-16,09:50:22,601b1963,55,Female,PROD8176,Diverse demand-driven solution,Grocery,Dairy,13.52,3,0.0,40.56,Debit Card,"Seanmouth, South Dakota",,True,True
TXN03601,2023-06-19,09:50:22,eda167e7,22,Female,PROD7309,Enterprise-wide value-added strategy,Beauty,Fragrances,15.62,4,0.0,62.48,Debit Card,"Port Timothy, Hawaii",,False,False
TXN03602,2023-10-26,09:50:22,61f05dfd,64,Male,PROD9510,Face-to-face secondary circuit,Home & Kitchen,Decor,263.49,1,0.0,263.49,Debit Card,"Kristinton, Connecticut",3.0,False,False
TXN03603,2025-04-11,09:50:22,1b3e5c1e,70,Female,PROD4933,Down-sized optimal algorithm,Sports,Cycling,30.01,2,0.0,60.02,Cash,"Lake Emily, Oregon",,False,False
TXN03604,2023-06-23,09:50:22,04bcf7c1,37,Female,PROD9446,Automated eco-centric data-warehouse,Home & Kitchen,Cookware,174.75,1,0.27,127.57,Cash,"West Michaelstad, Virginia",,False,False
TXN03605,2024-05-08,09:50:22,c99ed760,60,Male,PROD8989,Networked dynamic synergy,Health,Wellness,14.18,5,0.23,54.59,E-Wallet,"Johnsonstad, Mississippi",1.8,False,False
TXN03606,2024-08-22,09:50:22,9dee51f2,68,Male,PROD6593,De-engineered even-keeled emulation,Books,Fiction,14.4,1,0.0,14.4,Bank Transfer,"Danielchester, Indiana",2.8,False,True
TXN03607,2023-12-31,09:50:22,c00bffd2,23,Male,PROD9643,Networked leadingedge Graphical User Interface,Toys,Dolls,51.64,1,0.0,51.64,Debit Card,"Lake Calebview, Indiana",2.5,False,True
TXN03608,2023-03-30,09:50:22,40a1a20c,43,Female,PROD7805,Organized value-added frame,Beauty,Skincare,3.01,2,0.0,6.02,Bank Transfer,"Antoniofurt, Louisiana",,False,False
TXN03609,2022-07-25,09:50:22,e2b76292,48,Female,PROD3822,Cloned heuristic open system,Toys,Dolls,21.7,3,0.0,65.1,E-Wallet,"Port Sherry, Massachusetts",3.5,False,True
TXN03610,2025-02-15,09:50:22,266fe086,43,Female,PROD8208,Digitized human-resource moderator,Home & Kitchen,Appliances,122.38,3,0.0,367.14,Debit Card,"Port Jameshaven, California",1.5,True,False
TXN03611,2023-07-05,09:50:22,f9ff4347,39,Female,PROD9794,Reactive coherent ability,Clothing,Shoes,53.34,4,0.12,187.76,Bank Transfer,"North Ashleystad, Connecticut",,False,True
TXN03612,2025-01-14,09:50:22,6bf04e83,36,Male,PROD4648,Automated asynchronous protocol,Sports,Outdoor,26.42,5,0.0,132.1,Credit Card,"North Christopher, Wisconsin",,False,True
TXN03613,2024-03-13,09:50:22,feb780a5,22,Female,PROD6155,De-engineered background workforce,Sports,Team Sports,37.92,2,0.0,75.84,E-Wallet,"Stephaniechester, South Dakota",,False,True
TXN03614,2023-08-29,09:50:22,17bd6ade,46,Male,PROD8123,Reactive homogeneous neural-net,Home & Kitchen,Furniture,168.5,5,0.19,682.43,Credit Card,"Salasberg, South Carolina",,False,False
TXN03615,2022-05-11,09:50:22,edc03610,38,Male,PROD4218,Integrated modular capacity,Health,Supplements,44.69,1,0.0,44.69,E-Wallet,"Lake Jennifer, Oklahoma",4.6,False,False
TXN03616,2022-06-01,09:50:22,c3bd1982,33,Male,PROD2450,Face-to-face grid-enabled encryption,Home & Kitchen,Cookware,50.99,3,0.0,152.97,Debit Card,"Hernandezview, Louisiana",,True,True
TXN03617,2022-11-04,09:50:22,7eed76cf,54,Female,PROD8720,Polarized static capability,Beauty,Fragrances,24.32,4,0.0,97.28,Bank Transfer,"Port Lisa, New Hampshire",1.3,True,True
TXN03618,2022-12-18,09:50:22,a6371e0d,29,Male,PROD2097,Multi-tiered incremental installation,Books,Fiction,53.9,3,0.0,161.7,Debit Card,"North Brianstad, Georgia",,False,False
TXN03619,2025-02-10,09:50:22,14ab61dd,57,Male,PROD8158,Triple-buffered stable project,Grocery,Canned Goods,47.89,3,0.0,143.67,Debit Card,"Alyssaland, Colorado",4.1,False,True
TXN03620,2023-03-07,09:50:22,48fb1d58,60,Female,PROD4178,Managed heuristic monitoring,Beauty,Haircare,2.54,3,0.0,7.62,Bank Transfer,"Josephtown, Oregon",,False,False
TXN03621,2022-11-06,09:50:22,5f0d29ae,27,Male,PROD2251,Streamlined national hub,Books,Non-Fiction,37.03,5,0.06,174.04,Credit Card,"West Shaun, South Dakota",2.1,False,False
TXN03622,2025-03-18,09:50:22,028dd8b4,52,Male,PROD1979,Grass-roots transitional initiative,Beauty,Fragrances,1.99,3,0.0,5.97,Cash,"Nicolefort, Colorado",1.2,False,False
TXN03623,2022-10-06,09:50:22,2eaf2623,31,Male,PROD9278,Expanded eco-centric analyzer,Automotive,Car Care,30.94,2,0.0,61.88,Credit Card,"Michaelmouth, Nevada",,False,False
TXN03624,2022-11-29,09:50:22,054966e2,57,Female,PROD5883,Optimized background toolset,Health,Vitamins,67.96,1,0.0,67.96,Credit Card,"Lisaville, Delaware",4.1,False,False
TXN03625,2023-10-12,09:50:22,bd613976,20,Female,PROD1504,Sharable real-time collaboration,Toys,Puzzles,11.04,1,0.0,11.04,E-Wallet,"Christopherfort, Arkansas",,True,False
TXN03626,2023-08-22,09:50:22,17fc5b6d,31,Male,PROD7820,Stand-alone content-based challenge,Beauty,Fragrances,13.31,5,0.25,49.91,Debit Card,"New Jessica, New Jersey",1.5,True,False
TXN03627,2024-11-26,09:50:22,8e33b9de,35,Female,PROD3130,Advanced user-facing database,Beauty,Makeup,45.28,2,0.27,66.11,Credit Card,"Lake Mary, Maryland",4.6,False,False
TXN03628,2024-01-02,09:50:22,de0ee5b4,56,Male,PROD4849,Pre-emptive demand-driven synergy,Books,Cookbooks,1.99,1,0.0,1.99,Bank Transfer,"Port Eric, Kansas",,False,True
TXN03629,2023-10-28,09:50:22,e1079e1c,52,Male,PROD7519,Balanced needs-based emulation,Toys,Games,17.34,5,0.28,62.42,Cash,"Rebeccaburgh, Mississippi",4.9,True,False
TXN03630,2024-12-11,09:50:22,cd273f73,39,Male,PROD7821,Ergonomic motivating initiative,Electronics,Smartphones,619.29,4,0.0,2477.16,Credit Card,"Hilltown, Colorado",,True,False
TXN03631,2022-08-16,09:50:22,86fc81c4,31,Male,PROD1963,Networked homogeneous functionalities,Grocery,Bakery,17.31,3,0.0,51.93,Debit Card,"Port Whitneyfort, Maine",3.6,True,False
TXN03632,2022-11-26,09:50:22,9fc87b8a,68,Female,PROD8078,Compatible contextually-based encryption,Electronics,Smartphones,452.81,3,0.1,1222.59,Credit Card,"Lake Melissaview, Iowa",,False,False
TXN03633,2023-04-28,09:50:22,45b1726c,56,Female,PROD1707,Visionary 24hour knowledgebase,Automotive,Electronics,44.88,5,0.0,224.4,Bank Transfer,"West Lorrainehaven, Wisconsin",1.1,False,True
TXN03634,2022-07-25,09:50:22,72cd8fe5,28,Female,PROD1517,Realigned impactful success,Sports,Team Sports,38.43,3,0.0,115.29,Credit Card,"Jamesfurt, Virginia",,False,False
TXN03635,2023-12-22,09:50:22,0b2a5c4d,58,Male,PROD4841,Robust value-added approach,Books,Children,35.34,1,0.21,27.92,Debit Card,"Martinezport, Montana",,False,False
TXN03636,2024-05-12,09:50:22,1a2e7f19,27,Male,PROD9312,Extended leadingedge encoding,Clothing,Shoes,39.83,4,0.0,159.32,Credit Card,"Castilloburgh, Arkansas",3.5,False,False
TXN03637,2024-02-05,09:50:22,9ac0ff88,56,Female,PROD3365,Ergonomic executive definition,Automotive,Car Care,37.4,5,0.0,187.0,Credit Card,"North Lisa, Illinois",,False,True
TXN03638,2024-09-24,09:50:22,d1f403d1,48,Male,PROD9918,Balanced even-keeled throughput,Automotive,Electronics,27.53,5,0.0,137.65,Cash,"Thomasmouth, Arkansas",4.1,True,False
TXN03639,2022-12-29,09:50:22,63271575,53,Female,PROD6011,Down-sized analyzing architecture,Grocery,Dairy,39.16,4,0.0,156.64,Credit Card,"Port Carolynmouth, Illinois",1.6,False,True
TXN03640,2022-11-16,09:50:22,58ab4463,34,Male,PROD6719,Upgradable bandwidth-monitored project,Electronics,Headphones,400.61,3,0.0,1201.83,Bank Transfer,"Amberfurt, Arkansas",,False,True
TXN03641,2022-08-07,09:50:22,c80b8b88,22,Female,PROD1548,Versatile real-time Internet solution,Beauty,Skincare,26.35,3,0.07,73.52,Credit Card,"Brianhaven, Florida",2.0,True,False
TXN03642,2022-05-25,09:50:22,47f6b4a1,61,Male,PROD5109,Streamlined mission-critical archive,Automotive,Parts,10.2,3,0.0,30.6,Credit Card,"Brianland, Virginia",,False,True
TXN03643,2023-02-13,09:50:22,8da0768e,27,Female,PROD6916,Function-based actuating flexibility,Health,Medical,29.3,3,0.13,76.47,Debit Card,"West Taylor, West Virginia",3.8,False,True
TXN03644,2023-04-20,09:50:22,9be8e3d0,57,Male,PROD3116,Ergonomic fresh-thinking model,Clothing,Women,25.67,5,0.0,128.35,Credit Card,"Martinezshire, Alaska",,False,True
TXN03645,2024-03-09,09:50:22,f3fe9a8b,50,Male,PROD3581,Optimized well-modulated conglomeration,Beauty,Skincare,7.72,4,0.0,30.88,Credit Card,"Freyburgh, Indiana",1.4,False,False
TXN03646,2024-05-07,09:50:22,9a1ddff3,70,Male,PROD3158,Customizable exuding artificial intelligence,Health,First Aid,35.17,3,0.0,105.51,Debit Card,"South Kevintown, Montana",4.7,False,False
TXN03647,2024-10-18,09:50:22,f3a917d0,28,Male,PROD4592,Networked coherent model,Toys,Puzzles,34.25,3,0.0,102.75,Credit Card,"Howardtown, Kentucky",,False,True
TXN03648,2023-11-06,09:50:22,370c3edc,59,Female,PROD5026,Self-enabling holistic task-force,Toys,Educational,45.66,5,0.0,228.3,Cash,"Port Tiffanyfurt, Ohio",4.9,False,False
TXN03649,2022-11-12,09:50:22,38f144fd,43,Male,PROD3870,Centralized clear-thinking protocol,Grocery,Dairy,21.38,5,0.0,106.9,Cash,"Taylorbury, Ohio",2.0,False,True
TXN03650,2024-06-07,09:50:22,a3025f77,39,Female,PROD1121,Grass-roots user-facing productivity,Books,Children,38.16,5,0.0,190.8,Cash,"Geraldmouth, North Dakota",,False,False
TXN03651,2024-04-06,09:50:22,f5e40d25,27,Female,PROD8300,Visionary zero-defect database,Beauty,Makeup,41.02,5,0.0,205.1,E-Wallet,"Scottstad, Louisiana",3.2,False,True
TXN03652,2023-05-15,09:50:22,3e49da7b,55,Male,PROD6731,Cloned global support,Automotive,Car Care,38.9,2,0.0,77.8,Credit Card,"Washingtonmouth, Nebraska",4.8,False,False
TXN03653,2022-12-25,09:50:22,3a9414ca,55,Female,PROD7030,Visionary mobile software,Health,Wellness,13.49,1,0.0,13.49,Cash,"Ortizmouth, New Mexico",1.4,False,False
TXN03654,2024-08-03,09:50:22,fe5999ec,34,Female,PROD3811,Total motivating migration,Grocery,Canned Goods,32.99,2,0.17,54.76,Debit Card,"East Kenneth, Kansas",,False,True
TXN03655,2024-08-02,09:50:22,8504abba,38,Male,PROD4997,Virtual scalable approach,Home & Kitchen,Furniture,145.49,2,0.0,290.98,E-Wallet,"Port Cynthiaville, Mississippi",5.0,False,True
TXN03656,2024-11-25,09:50:22,0e77b014,24,Female,PROD6945,Extended responsive intranet,Beauty,Haircare,30.14,4,0.0,120.56,Credit Card,"Port Thomas, Nebraska",,False,False
TXN03657,2023-11-13,09:50:22,0a0f240a,32,Male,PROD1249,Future-proofed incremental knowledgebase,Home & Kitchen,Cookware,1.99,2,0.07,3.7,Debit Card,"Rebeccafort, Montana",,False,True
TXN03658,2024-07-03,09:50:22,21296f42,47,Female,PROD9227,Profound leadingedge budgetary management,Beauty,Fragrances,33.21,3,0.0,99.63,Debit Card,"Lake Jenniferstad, Hawaii",,False,False
TXN03659,2025-01-09,09:50:22,e99318f7,60,Male,PROD8002,Open-source dynamic focus group,Sports,Team Sports,74.25,5,0.08,341.55,E-Wallet,"North Elizabethfort, Oklahoma",,False,False
TXN03660,2024-09-15,09:50:22,89fc107c,62,Male,PROD6759,Organic executive project,Books,Educational,22.8,5,0.0,114.0,E-Wallet,"New Patriciaside, Alabama",3.5,False,False
TXN03661,2023-04-12,09:50:22,2cc51f57,68,Female,PROD7231,Streamlined didactic parallelism,Beauty,Skincare,15.44,1,0.0,15.44,Credit Card,"Port Kristinport, Maine",4.4,False,False
TXN03662,2022-12-23,09:50:22,b2939dd8,46,Male,PROD2736,Optional upward-trending time-frame,Toys,Dolls,37.47,2,0.0,74.94,Bank Transfer,"Port Meganland, North Carolina",,False,True
TXN03663,2023-02-01,09:50:22,92cde1dd,27,Female,PROD1134,Versatile static budgetary management,Sports,Fitness,36.25,3,0.0,108.75,Debit Card,"Guerraville, Alabama",,False,True
TXN03664,2022-09-03,09:50:22,93002937,69,Female,PROD4805,Diverse local knowledge user,Sports,Cycling,53.85,2,0.0,107.7,Debit Card,"Whitefort, Idaho",,False,False
TXN03665,2023-03-28,09:50:22,91ba07ad,37,Female,PROD7771,Switchable attitude-oriented infrastructure,Clothing,Shoes,12.26,4,0.0,49.04,Bank Transfer,"Lake Robertmouth, Washington",4.5,False,True
TXN03666,2022-12-04,09:50:22,f6743386,68,Male,PROD2928,Expanded empowering moderator,Clothing,Men,71.94,5,0.0,359.7,Bank Transfer,"New Daniel, South Carolina",,False,False
TXN03667,2024-09-04,09:50:22,326c7ea4,59,Female,PROD9450,Triple-buffered needs-based help-desk,Books,Non-Fiction,41.81,2,0.0,83.62,Debit Card,"Luisberg, Ohio",3.0,False,True
TXN03668,2025-01-18,09:50:22,52aba6b6,39,Female,PROD7165,Synergized national parallelism,Beauty,Makeup,27.16,2,0.0,54.32,Debit Card,"South Angelaborough, Wyoming",3.9,False,False
TXN03669,2024-10-19,09:50:22,ff0a420e,51,Male,PROD6848,Total grid-enabled application,Books,Fiction,36.77,3,0.0,110.31,Bank Transfer,"North Shannonland, South Carolina",,False,False
TXN03670,2023-05-12,09:50:22,90761c40,27,Female,PROD5267,Monitored bi-directional framework,Clothing,Men,80.88,4,0.0,323.52,Cash,"New Susanbury, Alaska",,False,False
TXN03671,2024-06-21,09:50:22,b8fa45c0,43,Female,PROD8008,Open-architected web-enabled customer loyalty,Home & Kitchen,Cookware,181.06,3,0.0,543.18,E-Wallet,"New Timothy, Mississippi",,False,True
TXN03672,2024-05-09,09:50:22,109da2c1,65,Female,PROD8217,Ergonomic systemic installation,Automotive,Car Care,7.14,4,0.18,23.42,Credit Card,"West Kathrynton, Oklahoma",,False,True
TXN03673,2022-07-04,09:50:22,4d555fb0,41,Male,PROD8582,Managed 4thgeneration approach,Books,Educational,46.4,3,0.0,139.2,E-Wallet,"Bradleyview, Wisconsin",4.9,False,False
TXN03674,2023-01-28,09:50:22,6171d7ee,49,Female,PROD5667,Proactive neutral solution,Grocery,Snacks,28.71,5,0.0,143.55,Bank Transfer,"North Amyville, Oklahoma",1.4,False,True
TXN03675,2025-01-19,09:50:22,d7e7efc9,64,Female,PROD1999,Distributed dynamic neural-net,Sports,Team Sports,31.46,3,0.0,94.38,E-Wallet,"West Thomas, Mississippi",,False,False
TXN03676,2025-01-29,09:50:22,8f2450a6,22,Female,PROD4208,Universal web-enabled migration,Electronics,TVs,514.64,3,0.0,1543.92,Debit Card,"Waynestad, Nevada",,False,False
TXN03677,2022-12-23,09:50:22,27cdac66,54,Female,PROD7257,Profound real-time artificial intelligence,Clothing,Women,45.49,4,0.14,156.49,Debit Card,"Sethbury, Oregon",,False,True
TXN03678,2024-08-25,09:50:22,c16fed2d,49,Female,PROD5730,Visionary dedicated standardization,Electronics,TVs,738.34,3,0.0,2215.02,Debit Card,"Lake Brianna, Hawaii",,False,False
TXN03679,2024-10-24,09:50:22,6f573eb1,31,Female,PROD6043,De-engineered secondary system engine,Sports,Outdoor,28.33,4,0.0,113.32,Debit Card,"East Jasonville, Utah",4.0,False,False
TXN03680,2022-08-08,09:50:22,5fc4fa52,20,Female,PROD3653,Synchronized zero-defect complexity,Home & Kitchen,Furniture,41.63,2,0.12,73.27,Credit Card,"Lake Robertbury, Connecticut",2.7,False,True
TXN03681,2022-09-12,09:50:22,2f408984,46,Male,PROD8194,Cross-group dedicated open architecture,Electronics,Smartphones,421.29,3,0.0,1263.87,E-Wallet,"West Laura, South Dakota",1.2,False,True
TXN03682,2023-10-23,09:50:22,cb70e411,68,Male,PROD1970,Customizable object-oriented instruction set,Health,Supplements,33.57,2,0.0,67.14,Bank Transfer,"Richardland, Oregon",,False,True
TXN03683,2024-02-08,09:50:22,5bb47268,61,Female,PROD9863,Reactive disintermediate service-desk,Sports,Fitness,54.58,4,0.0,218.32,E-Wallet,"West Matthew, California",,False,True
TXN03684,2022-05-31,09:50:22,4f125fa9,24,Male,PROD1544,Fully-configurable local initiative,Sports,Outdoor,42.06,2,0.0,84.12,Bank Transfer,"Waltonhaven, Nevada",,False,False
TXN03685,2025-04-14,09:50:22,fb0ac2e0,21,Female,PROD3355,Secured 24/7 leverage,Electronics,Cameras,329.89,5,0.0,1649.45,E-Wallet,"Vincentborough, Kentucky",4.0,False,True
TXN03686,2023-08-07,09:50:22,65458bab,54,Female,PROD1449,Streamlined zero tolerance system engine,Sports,Fitness,79.7,4,0.0,318.8,Bank Transfer,"Stonebury, New Mexico",,False,False
TXN03687,2024-03-28,09:50:22,48bceaa0,29,Male,PROD9114,Compatible transitional info-mediaries,Grocery,Snacks,35.3,3,0.0,105.9,Debit Card,"Port Samanthaborough, Kansas",,False,False
TXN03688,2025-04-03,09:50:22,f0ddeb25,53,Female,PROD5158,Focused heuristic portal,Grocery,Snacks,55.51,1,0.0,55.51,E-Wallet,"East Patrick, Virginia",,False,False
TXN03689,2025-04-11,09:50:22,9e0de310,20,Male,PROD8965,Assimilated object-oriented orchestration,Sports,Cycling,26.97,5,0.15,114.62,Cash,"Mendozastad, Mississippi",1.7,False,False
TXN03690,2022-11-17,09:50:22,1e35ac65,25,Male,PROD2044,Cross-group motivating migration,Books,Cookbooks,40.67,4,0.0,162.68,Bank Transfer,"Whiteheadside, West Virginia",,False,True
TXN03691,2024-10-08,09:50:22,428b411e,27,Male,PROD8626,Proactive maximized monitoring,Sports,Outdoor,46.79,5,0.1,210.56,Debit Card,"Lake Nicolasfort, Wisconsin",,False,True
TXN03692,2023-09-27,09:50:22,9610eb62,35,Female,PROD9992,Centralized well-modulated access,Beauty,Tools,54.36,1,0.0,54.36,Debit Card,"New Michaelchester, Mississippi",3.5,False,True
TXN03693,2025-01-16,09:50:22,5913df5f,26,Female,PROD5057,Operative scalable middleware,Clothing,Women,81.72,4,0.23,251.7,Cash,"Chambersburgh, Louisiana",2.3,False,False
TXN03694,2024-04-13,09:50:22,40ea5ac2,57,Male,PROD6109,Synchronized 5thgeneration leverage,Books,Fiction,47.44,2,0.27,69.26,E-Wallet,"West Matthewville, Michigan",1.3,False,False
TXN03695,2024-07-02,09:50:22,73fb01ef,55,Male,PROD5344,Face-to-face intermediate service-desk,Electronics,Laptops,436.98,5,0.0,2184.9,Cash,"West Jesseport, Nebraska",,False,False
TXN03696,2023-03-06,09:50:22,91a07c5b,39,Male,PROD4368,De-engineered value-added attitude,Electronics,Laptops,385.65,5,0.0,1928.25,E-Wallet,"Allenton, West Virginia",,False,False
TXN03697,2022-08-25,09:50:22,5bd48c8c,67,Female,PROD7508,Synchronized empowering implementation,Home & Kitchen,Appliances,143.28,4,0.0,573.12,Cash,"Johnton, Hawaii",2.6,True,False
TXN03698,2022-05-29,09:50:22,cc3ad5a3,66,Female,PROD4855,Stand-alone non-volatile matrices,Sports,Fitness,48.66,1,0.0,48.66,Credit Card,"East Johnhaven, Kansas",4.6,False,True
TXN03699,2023-03-23,09:50:22,a54326fe,29,Female,PROD3807,Multi-tiered didactic utilization,Toys,Educational,25.55,5,0.08,117.53,E-Wallet,"Odonnellfort, New Mexico",,False,True
TXN03700,2025-03-06,09:50:22,37be1985,56,Male,PROD6704,Grass-roots tangible moratorium,Health,Vitamins,51.3,4,0.0,205.2,Debit Card,"Lawrencebury, Pennsylvania",,False,True
TXN03701,2024-12-22,09:50:22,8e387e63,23,Female,PROD7639,Innovative attitude-oriented paradigm,Automotive,Car Care,59.05,3,0.0,177.15,E-Wallet,"New Amber, Texas",4.9,False,False
TXN03702,2025-02-14,09:50:22,795c9875,45,Female,PROD1230,Up-sized 4thgeneration info-mediaries,Home & Kitchen,Cookware,55.86,3,0.0,167.58,Bank Transfer,"New David, Arkansas",,False,False
TXN03703,2023-04-09,09:50:22,e7481677,43,Male,PROD6761,Enhanced user-facing implementation,Grocery,Canned Goods,13.26,1,0.0,13.26,Debit Card,"Lake Jonathan, Montana",,False,False
TXN03704,2022-10-06,09:50:22,d519a142,48,Female,PROD7833,Exclusive maximized solution,Toys,Educational,27.19,5,0.0,135.95,Bank Transfer,"Sanchezhaven, California",,False,True
TXN03705,2025-02-05,09:50:22,2da8253b,62,Female,PROD1258,Future-proofed incremental Internet solution,Electronics,Laptops,561.52,2,0.0,1123.04,Cash,"East Patriciamouth, Minnesota",,False,False
TXN03706,2024-02-21,09:50:22,16991757,27,Male,PROD4537,Digitized 3rdgeneration application,Health,Supplements,19.51,5,0.27,71.21,E-Wallet,"New Josephtown, Louisiana",4.2,False,True
TXN03707,2023-09-11,09:50:22,1719d623,64,Female,PROD6369,Intuitive 4thgeneration methodology,Home & Kitchen,Decor,214.65,5,0.0,1073.25,Debit Card,"South Robertside, Wisconsin",3.5,False,False
TXN03708,2024-03-13,09:50:22,97fce6f2,27,Female,PROD1487,Persevering dedicated superstructure,Toys,Dolls,38.48,5,0.0,192.4,Debit Card,"Webbton, Michigan",,False,True
TXN03709,2023-11-26,09:50:22,5747fc3f,22,Male,PROD9293,Open-architected real-time array,Automotive,Tools,30.79,5,0.0,153.95,Bank Transfer,"South Jaredport, Virginia",3.0,False,True
TXN03710,2022-08-17,09:50:22,ae8d4381,64,Male,PROD8169,Cross-platform holistic moratorium,Automotive,Electronics,1.99,1,0.0,1.99,Bank Transfer,"Lake Lauren, Nevada",1.8,False,True
TXN03711,2025-03-09,09:50:22,f02cc1d6,32,Male,PROD8935,Decentralized real-time adapter,Beauty,Haircare,3.68,2,0.14,6.33,Cash,"South Toddstad, Connecticut",1.5,False,False
TXN03712,2023-08-05,09:50:22,06f2bfe1,43,Male,PROD4045,Optional clear-thinking help-desk,Clothing,Kids,58.43,3,0.0,175.29,Cash,"Lake Eric, Massachusetts",,False,False
TXN03713,2024-06-19,09:50:22,cf9fed01,45,Male,PROD9956,Persevering scalable help-desk,Beauty,Haircare,1.99,1,0.22,1.55,Cash,"New Ashleyview, Pennsylvania",,False,False
TXN03714,2024-08-08,09:50:22,e8c44d5f,45,Male,PROD6587,Advanced contextually-based alliance,Beauty,Tools,50.25,3,0.0,150.75,Debit Card,"Brendaberg, Texas",1.8,False,False
TXN03715,2023-08-30,09:50:22,cc3021c4,22,Male,PROD9389,Cross-platform tangible Graphic Interface,Home & Kitchen,Bedding,108.93,4,0.0,435.72,Cash,"West Beth, Wisconsin",4.6,False,False
TXN03716,2022-10-14,09:50:22,5c943d8a,52,Female,PROD7547,Persistent systemic portal,Home & Kitchen,Furniture,347.02,4,0.23,1068.82,Credit Card,"New Brooke, Maine",,False,False
TXN03717,2024-12-01,09:50:22,42b2e2ff,42,Female,PROD7889,Customer-focused analyzing analyzer,Electronics,Headphones,961.58,2,0.0,1923.16,Bank Transfer,"Josephland, North Dakota",,False,False
TXN03718,2024-10-31,09:50:22,cab0a853,55,Female,PROD7651,Intuitive needs-based monitoring,Health,Wellness,26.37,5,0.29,93.61,E-Wallet,"Kruegerside, Ohio",5.0,False,True
TXN03719,2024-11-08,09:50:22,ffb231a2,61,Male,PROD5740,Polarized holistic policy,Grocery,Dairy,27.87,3,0.0,83.61,Bank Transfer,"South Christopherberg, Illinois",3.8,False,False
TXN03720,2022-11-02,09:50:22,859bdc82,27,Female,PROD4236,Distributed systematic monitoring,Beauty,Makeup,49.91,3,0.0,149.73,Cash,"New Sharon, Texas",3.4,False,False
TXN03721,2025-02-19,09:50:22,27e26264,59,Male,PROD8857,Multi-layered interactive flexibility,Beauty,Haircare,64.06,2,0.07,119.15,Debit Card,"West Jodyfurt, Idaho",,False,False
TXN03722,2024-11-06,09:50:22,9eb2b3be,24,Male,PROD3894,Innovative non-volatile installation,Health,Vitamins,1.99,2,0.0,3.98,Debit Card,"Jacksonfurt, New Mexico",1.4,False,False
TXN03723,2024-02-12,09:50:22,69db97cb,19,Female,PROD6145,Stand-alone real-time orchestration,Grocery,Bakery,1.99,3,0.23,4.6,Debit Card,"West Victoriastad, Nebraska",,False,False
TXN03724,2023-01-04,09:50:22,850f9fa4,32,Male,PROD8200,Diverse dedicated hierarchy,Clothing,Women,31.34,3,0.0,94.02,Debit Card,"North Richard, Massachusetts",4.9,False,False
TXN03725,2025-02-17,09:50:22,3647d815,46,Male,PROD6873,Progressive 5thgeneration infrastructure,Clothing,Shoes,67.48,2,0.0,134.96,Debit Card,"Joshuachester, Wisconsin",4.0,False,False
TXN03726,2022-06-11,09:50:22,93198895,49,Female,PROD9921,Realigned non-volatile ability,Grocery,Beverages,39.94,5,0.0,199.7,Debit Card,"Haleyview, Kansas",,False,True
TXN03727,2022-12-02,09:50:22,59c24f6d,39,Male,PROD3846,Optional tangible process improvement,Home & Kitchen,Furniture,194.88,4,0.0,779.52,Debit Card,"East Tonya, Indiana",3.3,False,False
TXN03728,2024-08-09,09:50:22,48ef7be1,66,Male,PROD7999,Optional clear-thinking projection,Sports,Yoga,6.01,1,0.0,6.01,E-Wallet,"Dominiquechester, Arkansas",,False,False
TXN03729,2024-08-27,09:50:22,29187b4f,39,Male,PROD4281,Public-key optimal database,Beauty,Tools,1.99,5,0.28,7.16,Cash,"Brucebury, Arizona",2.0,False,False
TXN03730,2022-07-18,09:50:22,35382608,45,Male,PROD8034,Intuitive optimizing ability,Toys,Action Figures,47.16,2,0.0,94.32,Cash,"Gomezport, Ohio",,False,False
TXN03731,2022-05-06,09:50:22,aba9895f,42,Female,PROD2281,Networked zero tolerance definition,Grocery,Beverages,13.44,4,0.0,53.76,E-Wallet,"Cummingsburgh, Georgia",,False,False
TXN03732,2022-11-08,09:50:22,456379d3,29,Male,PROD8428,Fully-configurable multi-state throughput,Books,Fiction,1.99,4,0.0,7.96,Cash,"Port Hannahborough, North Dakota",,False,False
TXN03733,2024-01-19,09:50:22,28abd620,26,Female,PROD8312,Innovative hybrid hierarchy,Health,Medical,32.9,1,0.0,32.9,E-Wallet,"Gonzalesland, Indiana",3.5,False,False
TXN03734,2025-03-12,09:50:22,02eb7118,59,Female,PROD8271,Integrated asymmetric ability,Beauty,Skincare,45.86,5,0.0,229.3,Bank Transfer,"Port Kristenton, Massachusetts",,False,False
TXN03735,2023-07-03,09:50:22,209f50f8,18,Male,PROD3356,Multi-lateral heuristic hub,Books,Children,27.56,5,0.0,137.8,Cash,"Mosesville, Kentucky",3.0,False,False
TXN03736,2024-11-25,09:50:22,bd440a54,45,Male,PROD5832,Down-sized impactful Internet solution,Clothing,Shoes,36.26,3,0.0,108.78,Credit Card,"Matthewtown, Kansas",,False,False
TXN03737,2024-04-03,09:50:22,ba1ff34b,48,Female,PROD5609,Object-based actuating policy,Beauty,Skincare,26.81,2,0.0,53.62,E-Wallet,"Acostastad, Washington",1.5,False,False
TXN03738,2024-05-19,09:50:22,aeb4e42a,57,Female,PROD7427,Compatible attitude-oriented interface,Health,Vitamins,22.59,5,0.0,112.95,Cash,"Lake Karen, Alabama",,False,False
TXN03739,2022-08-25,09:50:22,d022e5ad,30,Male,PROD4442,Distributed optimizing intranet,Electronics,Laptops,230.39,5,0.0,1151.95,Cash,"Brownborough, Oregon",,False,False
TXN03740,2023-08-05,09:50:22,98704b32,52,Female,PROD2770,Pre-emptive responsive help-desk,Toys,Educational,15.71,5,0.0,78.55,Cash,"Kristinland, Oregon",1.8,False,False
TXN03741,2024-11-21,09:50:22,79ce26b7,27,Female,PROD5419,Integrated grid-enabled matrices,Books,Educational,40.43,2,0.0,80.86,Bank Transfer,"Lake Brett, Connecticut",,False,False
TXN03742,2024-03-15,09:50:22,4543995d,69,Female,PROD7077,Pre-emptive analyzing application,Grocery,Dairy,36.43,4,0.17,120.95,Credit Card,"South Donnatown, Alaska",,False,False
TXN03743,2024-12-29,09:50:22,e9739e53,69,Male,PROD7963,Configurable bandwidth-monitored knowledgebase,Sports,Cycling,33.36,3,0.0,100.08,Debit Card,"North Jessicahaven, Hawaii",3.4,False,False
TXN03744,2024-05-19,09:50:22,84a7e2e0,56,Female,PROD3465,Up-sized analyzing knowledgebase,Sports,Cycling,10.1,2,0.0,20.2,Bank Transfer,"Port Jeffreyshire, Tennessee",,False,False
TXN03745,2024-11-17,09:50:22,b617dc40,23,Female,PROD2944,Implemented 24hour Local Area Network,Beauty,Skincare,26.37,4,0.0,105.48,Bank Transfer,"Port Melissaborough, Texas",,False,False
TXN03746,2022-12-25,09:50:22,4b89f0ba,42,Male,PROD6100,Inverse explicit extranet,Sports,Team Sports,1.99,3,0.0,5.97,Credit Card,"Port Kellyburgh, Louisiana",3.3,False,False
TXN03747,2022-11-21,09:50:22,43ef72f6,58,Female,PROD1323,Seamless asymmetric toolset,Sports,Yoga,33.57,3,0.06,94.67,Cash,"Lynnberg, Idaho",1.6,False,True
TXN03748,2023-08-03,09:50:22,5b242303,68,Female,PROD9003,Front-line next generation throughput,Books,Educational,58.58,4,0.0,234.32,Debit Card,"West Brian, Oklahoma",1.2,False,False
TXN03749,2022-05-10,09:50:22,76a9534f,57,Female,PROD1378,Programmable multi-tasking hierarchy,Electronics,Cameras,205.17,1,0.0,205.17,Cash,"North Christinechester, Maryland",,False,False
TXN03750,2024-04-04,09:50:22,0591584c,49,Male,PROD9411,Enterprise-wide neutral time-frame,Grocery,Canned Goods,18.28,4,0.23,56.3,Cash,"Cynthiaport, South Carolina",,False,True
TXN03751,2024-05-02,09:50:22,9577c13c,57,Male,PROD1071,Configurable radical strategy,Electronics,Cameras,565.82,2,0.0,1131.64,Credit Card,"Mariaberg, Nevada",,False,False
TXN03752,2023-12-24,09:50:22,5b1eb489,29,Male,PROD6692,Switchable empowering framework,Electronics,Smartphones,750.57,1,0.0,750.57,Cash,"Garciafurt, Maryland",4.6,False,False
TXN03753,2025-04-09,09:50:22,eccfb629,40,Female,PROD5799,Implemented stable complexity,Grocery,Dairy,21.04,5,0.2,84.16,Cash,"New Diane, South Carolina",3.5,False,False
TXN03754,2024-06-09,09:50:22,fa280691,67,Female,PROD7789,Pre-emptive fresh-thinking pricing structure,Beauty,Haircare,16.15,2,0.0,32.3,Debit Card,"East Jonathan, Tennessee",,False,False
TXN03755,2022-12-09,09:50:22,0e8fece0,23,Male,PROD1674,Managed scalable implementation,Electronics,Laptops,106.22,3,0.0,318.66,Credit Card,"South Wesley, Georgia",3.2,False,False
TXN03756,2022-08-07,09:50:22,95c42c22,36,Male,PROD8951,User-friendly discrete application,Toys,Games,32.07,3,0.0,96.21,Credit Card,"Port Markfort, Georgia",,False,False
TXN03757,2023-04-07,09:50:22,13338c1b,66,Female,PROD2819,Ergonomic contextually-based attitude,Grocery,Beverages,70.84,3,0.0,212.52,Debit Card,"Thomasside, New Jersey",,False,False
TXN03758,2025-02-07,09:50:22,5025c3d8,54,Male,PROD4600,Re-contextualized multi-tasking instruction set,Clothing,Accessories,58.32,2,0.15,99.14,Credit Card,"North Mariaview, Florida",,False,False
TXN03759,2023-02-17,09:50:22,380983ba,27,Male,PROD9874,Configurable discrete middleware,Books,Cookbooks,29.55,1,0.0,29.55,Credit Card,"East Alfredstad, Maine",,False,False
TXN03760,2024-08-21,09:50:22,5e6722c1,46,Female,PROD4928,Customizable web-enabled website,Health,First Aid,36.44,1,0.0,36.44,Debit Card,"Harrisburgh, Arizona",4.2,False,False
TXN03761,2022-12-11,09:50:22,04f66b4d,62,Male,PROD9574,Visionary client-server toolset,Beauty,Skincare,29.78,1,0.0,29.78,Debit Card,"East Patriciaside, Mississippi",2.4,False,False
TXN03762,2023-10-08,09:50:22,21691a4a,50,Female,PROD3357,Optimized content-based framework,Health,First Aid,13.74,2,0.0,27.48,Credit Card,"Lake Tracyview, Vermont",,False,True
TXN03763,2023-06-11,09:50:22,3a9f8a9d,59,Male,PROD6983,Pre-emptive clear-thinking matrices,Sports,Cycling,46.47,1,0.0,46.47,Credit Card,"Stephanieside, West Virginia",,False,True
TXN03764,2023-05-25,09:50:22,9c827401,19,Female,PROD8877,Open-source reciprocal ability,Toys,Puzzles,34.52,2,0.0,69.04,Debit Card,"New Chris, Maryland",,False,True
TXN03765,2023-01-08,09:50:22,75ffa7ab,52,Male,PROD3916,Organic asymmetric model,Automotive,Accessories,30.35,4,0.0,121.4,Cash,"Lawrencemouth, Maine",4.3,False,False
TXN03766,2024-07-18,09:50:22,b433ab3a,53,Female,PROD6426,Re-contextualized responsive secured line,Toys,Puzzles,10.49,5,0.0,52.45,Debit Card,"Kathrynmouth, New Mexico",1.9,False,True
TXN03767,2023-07-21,09:50:22,9a4ec356,49,Male,PROD1064,Polarized bi-directional installation,Electronics,Smartphones,760.7,3,0.0,2282.1,Cash,"Lake Tonyamouth, Tennessee",4.1,False,True
TXN03768,2024-11-27,09:50:22,194eac0c,47,Female,PROD1895,Networked encompassing approach,Clothing,Accessories,69.94,4,0.1,251.78,Debit Card,"Brownfort, Arizona",1.7,False,False
TXN03769,2023-05-31,09:50:22,bd4c26a3,29,Male,PROD5494,Synergized stable time-frame,Health,Wellness,18.94,2,0.0,37.88,Credit Card,"Lake Karen, Michigan",,False,True
TXN03770,2024-03-28,09:50:22,df58e534,29,Female,PROD8340,Vision-oriented global open system,Books,Non-Fiction,50.04,5,0.0,250.2,Credit Card,"North Jackton, New Jersey",4.9,False,False
TXN03771,2022-12-12,09:50:22,8efd6e03,66,Female,PROD4466,Future-proofed mobile product,Clothing,Women,35.07,4,0.0,140.28,Credit Card,"Port Christine, Ohio",3.6,False,True
TXN03772,2024-08-31,09:50:22,73790bec,25,Male,PROD9013,Secured zero-defect function,Home & Kitchen,Appliances,65.26,3,0.15,166.41,E-Wallet,"East Brendaland, Maine",,False,True
TXN03773,2022-08-09,09:50:22,886dd080,43,Female,PROD7516,Visionary multi-tasking knowledge user,Grocery,Beverages,14.81,3,0.0,44.43,Cash,"Roachmouth, Indiana",3.2,False,False
TXN03774,2023-01-13,09:50:22,f1726050,37,Male,PROD5891,Decentralized local alliance,Home & Kitchen,Bedding,1.99,3,0.0,5.97,Credit Card,"Kellyhaven, North Dakota",3.3,False,False
TXN03775,2024-11-13,09:50:22,184bc2e6,40,Female,PROD5785,Persevering content-based adapter,Books,Educational,39.43,2,0.0,78.86,Bank Transfer,"Hawkinschester, North Dakota",,False,False
TXN03776,2024-11-27,09:50:22,27fc00fc,61,Female,PROD8964,Progressive value-added productivity,Toys,Games,1.99,4,0.0,7.96,Bank Transfer,"South Wandaview, Tennessee",2.4,False,False
TXN03777,2025-03-03,09:50:22,b638bd7c,35,Female,PROD2091,Enterprise-wide interactive leverage,Automotive,Car Care,5.43,3,0.0,16.29,Credit Card,"North Kimberly, Mississippi",2.6,False,False
TXN03778,2023-02-05,09:50:22,64a2f9a2,18,Female,PROD3714,Advanced modular capability,Electronics,TVs,84.88,5,0.3,297.08,Cash,"Amyland, Tennessee",2.7,False,False
TXN03779,2025-02-20,09:50:22,bd145770,62,Female,PROD7672,Distributed asynchronous policy,Health,First Aid,28.28,5,0.0,141.4,Bank Transfer,"Armstrongshire, Utah",1.2,False,False
TXN03780,2022-05-14,09:50:22,e17b3385,63,Female,PROD2674,Extended solution-oriented implementation,Toys,Dolls,26.99,5,0.0,134.95,Debit Card,"South Rebeccafort, Rhode Island",,False,False
TXN03781,2025-04-26,09:50:22,3550ec4e,29,Male,PROD1204,Future-proofed 24/7 parallelism,Sports,Fitness,23.47,2,0.2,37.55,Debit Card,"South Julie, Delaware",,False,False
TXN03782,2022-08-13,09:50:22,cce775aa,33,Female,PROD2571,Implemented 4thgeneration initiative,Beauty,Haircare,9.15,4,0.0,36.6,Debit Card,"Lisamouth, Arkansas",4.6,False,True
TXN03783,2024-10-08,09:50:22,5786772c,26,Female,PROD5518,Seamless full-range strategy,Books,Children,6.56,5,0.0,32.8,Credit Card,"Claytonburgh, Arizona",,False,False
TXN03784,2025-01-19,09:50:22,ec2044df,54,Male,PROD8098,Multi-layered system-worthy analyzer,Health,Supplements,39.29,5,0.0,196.45,Debit Card,"Loriport, Virginia",2.3,False,True
TXN03785,2025-03-12,09:50:22,c70edfbe,23,Male,PROD1114,Decentralized bottom-line implementation,Sports,Cycling,18.99,3,0.19,46.15,E-Wallet,"New Kevinview, Florida",3.6,False,True
TXN03786,2023-05-03,09:50:22,0132ffb6,25,Male,PROD5704,Re-contextualized interactive array,Automotive,Tools,36.33,4,0.0,145.32,Bank Transfer,"Port Elizabethborough, Nebraska",,False,False
TXN03787,2023-04-26,09:50:22,1d472f74,38,Male,PROD5617,Organized exuding methodology,Grocery,Dairy,12.3,1,0.0,12.3,Bank Transfer,"North James, Nevada",,False,False
TXN03788,2023-01-23,09:50:22,9430d6fb,21,Male,PROD6933,Total motivating attitude,Health,First Aid,33.62,1,0.0,33.62,E-Wallet,"Patriciaville, North Carolina",4.6,False,False
TXN03789,2022-12-04,09:50:22,d035eb14,28,Male,PROD1269,Secured bifurcated archive,Automotive,Accessories,56.07,3,0.0,168.21,Cash,"Rachelport, North Dakota",2.4,False,True
TXN03790,2024-07-07,09:50:22,579c3519,38,Female,PROD1590,Re-engineered zero administration success,Automotive,Parts,41.72,1,0.0,41.72,Debit Card,"East Samuelburgh, Arkansas",3.2,False,False
TXN03791,2024-02-24,09:50:22,2a830021,56,Male,PROD4359,Compatible 5thgeneration Graphical User Interface,Home & Kitchen,Cookware,91.13,3,0.14,235.12,Credit Card,"Chavezberg, Pennsylvania",,False,False
TXN03792,2025-03-03,09:50:22,fde4dc62,61,Female,PROD2518,Customer-focused homogeneous open architecture,Books,Fiction,35.14,4,0.0,140.56,Bank Transfer,"Wendyfurt, South Dakota",,False,False
TXN03793,2024-07-01,09:50:22,7227e675,68,Male,PROD7223,Reactive contextually-based time-frame,Beauty,Skincare,25.19,2,0.0,50.38,Credit Card,"Port Edward, Nebraska",1.7,False,False
TXN03794,2024-09-09,09:50:22,501681fd,62,Female,PROD3152,Cross-group neutral adapter,Sports,Cycling,30.16,3,0.0,90.48,Debit Card,"Katherinehaven, New York",,False,False
TXN03795,2023-09-26,09:50:22,8fd424a6,19,Male,PROD9148,Multi-tiered systematic algorithm,Clothing,Kids,40.23,4,0.0,160.92,Cash,"Port Heatherside, California",3.4,False,True
TXN03796,2023-11-17,09:50:22,4ca65188,41,Female,PROD2796,Visionary context-sensitive intranet,Home & Kitchen,Appliances,108.5,3,0.0,325.5,Debit Card,"Port Ashleyshire, Michigan",1.1,False,False
TXN03797,2024-07-28,09:50:22,2b07811e,30,Male,PROD8809,Progressive cohesive concept,Grocery,Canned Goods,34.24,5,0.0,171.2,Debit Card,"North Antonioberg, Illinois",3.2,False,False
TXN03798,2024-04-07,09:50:22,817540a5,18,Male,PROD9451,Multi-tiered regional model,Beauty,Tools,10.13,1,0.0,10.13,Bank Transfer,"Blairtown, Hawaii",3.9,False,False
TXN03799,2023-12-29,09:50:22,97d5fd0c,31,Male,PROD2536,Polarized 6thgeneration protocol,Clothing,Men,19.52,2,0.0,39.04,E-Wallet,"Keithburgh, North Dakota",,False,True
TXN03800,2024-11-18,09:50:22,80512bd3,67,Female,PROD4931,Cross-group bandwidth-monitored model,Clothing,Shoes,8.34,1,0.0,8.34,Credit Card,"North Stanley, Illinois",1.6,False,False
TXN03801,2023-02-03,09:50:22,c9c91749,29,Male,PROD9314,Organized system-worthy alliance,Health,Vitamins,1.99,5,0.0,9.95,Debit Card,"West Brandonborough, Rhode Island",,False,True
TXN03802,2023-02-12,09:50:22,24c14de3,56,Female,PROD9436,Networked 5thgeneration matrix,Electronics,TVs,256.54,3,0.0,769.62,Debit Card,"Anneton, Alaska",,False,False
TXN03803,2024-08-28,09:50:22,e4313c37,69,Female,PROD3313,Intuitive high-level hierarchy,Clothing,Shoes,54.78,3,0.0,164.34,E-Wallet,"Port Michaelside, Louisiana",,False,False
TXN03804,2025-03-20,09:50:22,b73be55b,26,Female,PROD2597,Proactive national emulation,Health,Wellness,12.14,1,0.25,9.11,Debit Card,"New Ronaldburgh, New Mexico",,False,False
TXN03805,2024-01-08,09:50:22,36d240a8,34,Male,PROD4672,Assimilated stable extranet,Automotive,Accessories,40.27,1,0.0,40.27,E-Wallet,"Georgeberg, Alabama",,False,False
TXN03806,2024-02-07,09:50:22,84eb895e,33,Female,PROD9528,Triple-buffered exuding complexity,Sports,Yoga,30.69,5,0.23,118.16,Credit Card,"Martinchester, Georgia",,False,False
TXN03807,2023-07-25,09:50:22,7b69e2a4,57,Female,PROD7029,Advanced radical emulation,Home & Kitchen,Appliances,1.99,1,0.27,1.45,Debit Card,"North Jessica, Minnesota",3.5,False,False
TXN03808,2023-06-21,09:50:22,e0cdfa4c,28,Male,PROD9423,Visionary web-enabled parallelism,Clothing,Men,69.65,4,0.0,278.6,Credit Card,"Mitchellberg, Nevada",3.5,False,True
TXN03809,2023-07-09,09:50:22,a88d0c99,60,Male,PROD7371,Operative 3rdgeneration service-desk,Home & Kitchen,Cookware,176.76,1,0.0,176.76,E-Wallet,"Port Troyview, West Virginia",2.7,False,False
TXN03810,2023-12-22,09:50:22,1825a0ee,56,Female,PROD9876,Synergistic local parallelism,Clothing,Women,20.18,3,0.26,44.8,Credit Card,"Rangelburgh, Oregon",2.0,False,False
TXN03811,2024-04-12,09:50:22,8dcb1fc8,50,Female,PROD6832,Vision-oriented tertiary instruction set,Health,Medical,38.4,1,0.0,38.4,Bank Transfer,"New Austinborough, Hawaii",1.3,False,False
TXN03812,2023-02-01,09:50:22,6541361a,60,Male,PROD5732,Operative mobile moderator,Health,Medical,12.87,5,0.0,64.35,Cash,"Lake James, Utah",,False,False
TXN03813,2023-05-05,09:50:22,889f2ded,55,Male,PROD5307,Innovative solution-oriented process improvement,Beauty,Makeup,31.95,1,0.0,31.95,Cash,"Jillborough, Rhode Island",2.6,False,False
TXN03814,2025-03-02,09:50:22,26caa095,69,Female,PROD6213,Front-line actuating model,Beauty,Haircare,4.71,3,0.0,14.13,Cash,"East Malik, Vermont",,False,True
TXN03815,2024-02-25,09:50:22,fcf6c2bc,19,Male,PROD1407,Assimilated foreground infrastructure,Automotive,Electronics,1.99,5,0.0,9.95,E-Wallet,"Davidland, Colorado",2.2,False,False
TXN03816,2022-12-28,09:50:22,ff102346,62,Female,PROD6574,Advanced disintermediate function,Books,Cookbooks,22.34,3,0.11,59.65,Bank Transfer,"North Alyssamouth, Iowa",1.4,False,True
TXN03817,2024-04-26,09:50:22,44e972ff,65,Male,PROD6931,Organized multi-tasking collaboration,Grocery,Dairy,27.53,4,0.0,110.12,Debit Card,"New Dominic, Virginia",4.0,False,True
TXN03818,2025-01-13,09:50:22,bacae231,35,Male,PROD4048,Decentralized composite hardware,Beauty,Skincare,22.05,2,0.0,44.1,Credit Card,"Ruizton, Kentucky",,False,True
TXN03819,2024-09-06,09:50:22,203d6db0,31,Female,PROD1807,Right-sized object-oriented Graphical User Interface,Grocery,Dairy,6.32,2,0.12,11.12,Credit Card,"Port Thomasborough, Connecticut",3.4,False,True
TXN03820,2025-05-03,09:50:22,8c5c7e50,47,Male,PROD4704,Organic fault-tolerant infrastructure,Toys,Dolls,22.0,2,0.0,44.0,Bank Transfer,"Maryfort, Arkansas",3.2,False,True
TXN03821,2023-12-12,09:50:22,e57697b4,41,Female,PROD9946,Fundamental impactful Graphical User Interface,Electronics,Cameras,553.86,3,0.0,1661.58,Debit Card,"Joshuaberg, Massachusetts",4.9,False,False
TXN03822,2024-09-17,09:50:22,287ed383,24,Male,PROD9574,Optimized transitional alliance,Toys,Dolls,29.1,2,0.0,58.2,Bank Transfer,"Robertport, Oregon",3.4,False,False
TXN03823,2022-06-01,09:50:22,dbac788b,29,Male,PROD9141,Operative tangible implementation,Health,Wellness,33.65,1,0.0,33.65,Credit Card,"New Chad, Michigan",4.2,False,False
TXN03824,2025-04-10,09:50:22,8da80ecc,30,Female,PROD6560,Programmable client-server application,Grocery,Canned Goods,16.6,2,0.0,33.2,Credit Card,"New Stephen, Louisiana",,False,False
TXN03825,2022-12-10,09:50:22,9c0f0391,26,Male,PROD5430,Object-based directional artificial intelligence,Grocery,Canned Goods,53.43,5,0.0,267.15,Credit Card,"Jameschester, Montana",4.1,False,False
TXN03826,2022-06-26,09:50:22,8480377f,19,Male,PROD8529,Operative object-oriented framework,Health,Supplements,6.48,2,0.0,12.96,Cash,"Morganborough, Nevada",,False,False
TXN03827,2024-06-24,09:50:22,3d976a41,66,Male,PROD6009,Automated zero administration instruction set,Grocery,Beverages,39.75,3,0.0,119.25,Credit Card,"Chamberschester, Oklahoma",3.6,False,False
TXN03828,2023-02-27,09:50:22,140fd071,56,Male,PROD1816,Quality-focused transitional middleware,Health,Vitamins,53.64,4,0.08,197.4,Debit Card,"Lake Madison, Iowa",2.5,False,False
TXN03829,2022-08-22,09:50:22,4c34d757,59,Female,PROD3891,Synergistic optimal software,Health,Wellness,39.62,2,0.0,79.24,Debit Card,"Ochoastad, Nebraska",5.0,False,False
TXN03830,2022-08-29,09:50:22,83983f67,67,Female,PROD9077,User-centric human-resource benchmark,Health,Wellness,25.95,1,0.0,25.95,Bank Transfer,"Lake Melissa, Louisiana",,False,False
TXN03831,2023-06-19,09:50:22,1dbd2422,21,Female,PROD5522,Operative needs-based matrices,Toys,Educational,19.43,3,0.0,58.29,Credit Card,"New Aaronbury, Iowa",,False,True
TXN03832,2023-11-03,09:50:22,ffee58dd,32,Male,PROD7372,Reactive value-added capability,Home & Kitchen,Decor,192.53,4,0.0,770.12,Credit Card,"Lake Jessica, Hawaii",,False,False
TXN03833,2023-03-31,09:50:22,9ff0cf6c,66,Female,PROD8724,Stand-alone asymmetric structure,Sports,Fitness,1.99,1,0.0,1.99,Credit Card,"East Catherine, New Hampshire",1.9,False,True
TXN03834,2023-12-13,09:50:22,0e7b9982,65,Female,PROD6998,Cross-platform impactful moratorium,Books,Non-Fiction,10.6,5,0.0,53.0,E-Wallet,"Pereztown, Idaho",,False,False
TXN03835,2023-10-01,09:50:22,dd2e8ebc,44,Male,PROD8775,Synergistic mobile product,Grocery,Snacks,22.05,2,0.2,35.28,Credit Card,"New Kelli, Wyoming",,False,False
TXN03836,2023-03-01,09:50:22,1f024a0a,66,Male,PROD1863,Total zero administration software,Clothing,Men,87.13,2,0.0,174.26,Bank Transfer,"Wigginsberg, Nevada",,False,True
TXN03837,2022-09-10,09:50:22,ec4dadde,61,Female,PROD3622,Re-contextualized multi-state algorithm,Books,Fiction,37.6,3,0.25,84.6,Cash,"New Katieview, West Virginia",,False,True
TXN03838,2023-12-31,09:50:22,c1209e6a,49,Female,PROD4646,Progressive composite Graphical User Interface,Home & Kitchen,Cookware,52.24,3,0.0,156.72,E-Wallet,"Port Masonmouth, Indiana",2.3,False,False
TXN03839,2023-06-27,09:50:22,ed9f2d69,31,Female,PROD6543,Cross-group discrete function,Clothing,Kids,40.69,3,0.0,122.07,Bank Transfer,"Port Nicolehaven, Washington",,False,False
TXN03840,2022-07-11,09:50:22,e48b65bc,42,Male,PROD3742,Automated global access,Beauty,Makeup,17.71,2,0.0,35.42,Cash,"South Cynthia, Alaska",2.7,False,False
TXN03841,2024-05-09,09:50:22,8a0814e1,69,Female,PROD6494,Future-proofed zero tolerance algorithm,Toys,Action Figures,15.8,4,0.0,63.2,E-Wallet,"South Cynthiatown, Missouri",3.4,False,False
TXN03842,2024-11-17,09:50:22,bb935d65,41,Female,PROD8371,Monitored methodical matrix,Beauty,Makeup,49.58,1,0.0,49.58,E-Wallet,"Lake Steven, Mississippi",,False,False
TXN03843,2022-12-01,09:50:22,6ccd2d13,36,Female,PROD4639,Team-oriented coherent productivity,Grocery,Dairy,2.57,1,0.0,2.57,E-Wallet,"East Randy, Wisconsin",,False,False
TXN03844,2023-08-08,09:50:22,0b8ad92b,29,Male,PROD2570,Extended attitude-oriented knowledge user,Clothing,Kids,98.26,4,0.0,393.04,Debit Card,"North Michaelborough, Washington",4.6,False,False
TXN03845,2024-07-10,09:50:22,6cfe6e47,31,Female,PROD1996,Intuitive impactful model,Sports,Team Sports,46.56,2,0.0,93.12,Credit Card,"Robertville, Tennessee",2.4,False,False
TXN03846,2023-09-04,09:50:22,064f3894,40,Male,PROD7998,Universal bifurcated firmware,Automotive,Tools,51.82,5,0.0,259.1,Debit Card,"Allisonville, Oregon",2.4,False,True
TXN03847,2025-03-17,09:50:22,13d732a0,34,Male,PROD6725,Synchronized empowering hierarchy,Automotive,Car Care,20.74,3,0.0,62.22,E-Wallet,"Lake Nathanmouth, South Dakota",3.3,False,False
TXN03848,2023-12-16,09:50:22,ad451934,38,Female,PROD9439,Secured next generation benchmark,Health,Vitamins,27.0,3,0.0,81.0,Bank Transfer,"Leefort, New Jersey",1.7,False,False
TXN03849,2022-08-10,09:50:22,3edd04b4,69,Female,PROD3970,Integrated intangible concept,Automotive,Parts,1.99,1,0.0,1.99,E-Wallet,"Grantburgh, Missouri",3.1,False,True
TXN03850,2024-06-25,09:50:22,9340cf1e,51,Female,PROD7113,Phased uniform Graphical User Interface,Automotive,Tools,19.51,3,0.0,58.53,Bank Transfer,"West Bettyland, Idaho",4.4,False,False
TXN03851,2024-07-07,09:50:22,07365382,47,Female,PROD3802,Future-proofed non-volatile productivity,Health,Supplements,39.87,2,0.0,79.74,E-Wallet,"East Matthew, Rhode Island",,False,False
TXN03852,2024-09-05,09:50:22,59c7d1e1,57,Female,PROD4121,Realigned intangible definition,Electronics,Smartphones,759.21,2,0.0,1518.42,Bank Transfer,"Lake Marisamouth, South Carolina",4.8,False,False
TXN03853,2024-02-05,09:50:22,29689c17,20,Male,PROD7164,Balanced responsive knowledge user,Automotive,Car Care,7.86,3,0.0,23.58,Cash,"West Cheryl, Michigan",,False,False
TXN03854,2022-08-24,09:50:22,2b87ee53,57,Female,PROD3583,Future-proofed human-resource Internet solution,Electronics,Smartphones,426.9,3,0.0,1280.7,E-Wallet,"West Randy, Alabama",,False,False
TXN03855,2022-06-01,09:50:22,0b24b47a,42,Male,PROD3518,Up-sized interactive capacity,Beauty,Skincare,26.97,1,0.0,26.97,E-Wallet,"Jamesmouth, Alabama",,False,False
TXN03856,2023-10-02,09:50:22,810a6106,20,Male,PROD8938,Business-focused demand-driven interface,Automotive,Electronics,2.08,3,0.29,4.43,E-Wallet,"New Patriciastad, Texas",,True,False
TXN03857,2023-06-25,09:50:22,b46a90f3,48,Male,PROD8795,Virtual mobile data-warehouse,Automotive,Parts,41.83,4,0.0,167.32,Bank Transfer,"Christopherville, Illinois",1.2,False,False
TXN03858,2024-10-29,09:50:22,b0221c18,44,Male,PROD2381,Horizontal disintermediate circuit,Toys,Puzzles,15.52,2,0.0,31.04,Bank Transfer,"Lake Kyleburgh, Rhode Island",1.7,True,False
TXN03859,2023-08-10,09:50:22,b1645866,21,Male,PROD9415,Universal even-keeled capability,Health,First Aid,26.09,4,0.0,104.36,Credit Card,"Lake Rachelside, Kansas",3.4,False,False
TXN03860,2024-05-28,09:50:22,a6e46302,68,Male,PROD8434,Balanced secondary portal,Toys,Educational,20.96,1,0.0,20.96,E-Wallet,"Port Juan, Georgia",1.4,True,False
TXN03861,2023-06-12,09:50:22,2fc525dd,28,Female,PROD4574,Triple-buffered local frame,Electronics,Smartphones,342.13,1,0.0,342.13,Debit Card,"Smithshire, Maine",,False,False
TXN03862,2023-06-06,09:50:22,0e874cd8,66,Male,PROD7206,Quality-focused object-oriented implementation,Electronics,TVs,498.59,1,0.0,498.59,Credit Card,"Meganview, New York",,False,False
TXN03863,2023-12-29,09:50:22,ae006cc6,22,Male,PROD2800,Robust system-worthy knowledge user,Health,Vitamins,25.69,1,0.0,25.69,E-Wallet,"Jasonmouth, Maine",2.7,False,False
TXN03864,2024-11-10,09:50:22,58d332d8,41,Male,PROD7244,Seamless mission-critical artificial intelligence,Clothing,Shoes,38.84,2,0.0,77.68,Bank Transfer,"Lake Thomas, Kentucky",,False,True
TXN03865,2023-05-04,09:50:22,6c83cdba,24,Male,PROD8941,User-centric attitude-oriented firmware,Health,Medical,15.43,5,0.0,77.15,Credit Card,"Jeremyside, Wisconsin",,True,False
TXN03866,2022-10-05,09:50:22,b498a90a,20,Male,PROD5512,Proactive didactic moderator,Sports,Team Sports,36.39,3,0.0,109.17,Bank Transfer,"Port Karenstad, Mississippi",2.6,False,True
TXN03867,2023-05-23,09:50:22,d4138958,39,Female,PROD6657,Mandatory optimizing approach,Clothing,Accessories,99.61,2,0.0,199.22,Cash,"South Derrick, Texas",,False,False
TXN03868,2023-04-26,09:50:22,013f67f5,41,Male,PROD4721,Cross-platform multimedia orchestration,Electronics,Laptops,527.98,3,0.11,1409.71,Debit Card,"Alecland, Connecticut",,False,False
TXN03869,2025-03-23,09:50:22,7ce94051,27,Male,PROD3532,Horizontal background orchestration,Sports,Team Sports,49.92,5,0.0,249.6,Credit Card,"Rachelport, Rhode Island",,True,True
TXN03870,2023-01-05,09:50:22,5571cc0c,64,Female,PROD5588,Cross-platform 3rdgeneration system engine,Grocery,Bakery,2.2,2,0.08,4.05,Bank Transfer,"Port Adam, Texas",2.7,False,False
TXN03871,2024-06-16,09:50:22,cdf1408c,20,Female,PROD8084,Secured national analyzer,Home & Kitchen,Bedding,131.04,4,0.0,524.16,E-Wallet,"North Ashley, Michigan",,False,False
TXN03872,2022-07-28,09:50:22,1ad1c8fc,20,Male,PROD8113,Assimilated analyzing website,Toys,Educational,8.05,4,0.0,32.2,E-Wallet,"West Thomaschester, Utah",1.7,False,False
TXN03873,2024-09-29,09:50:22,20b8efa3,25,Female,PROD5879,User-centric multi-state artificial intelligence,Health,Wellness,1.99,1,0.0,1.99,Credit Card,"Tonymouth, Colorado",2.0,False,False
TXN03874,2023-11-28,09:50:22,022ae2da,47,Female,PROD2933,Monitored multi-tasking strategy,Beauty,Haircare,15.21,5,0.0,76.05,Cash,"Johnsonshire, Montana",4.6,False,False
TXN03875,2023-10-29,09:50:22,8fa1d5a3,58,Male,PROD9538,Ameliorated explicit matrix,Books,Fiction,53.84,3,0.09,146.98,Bank Transfer,"New Joshua, Alabama",,False,False
TXN03876,2023-01-27,09:50:22,a9b73610,34,Female,PROD3098,Reverse-engineered global moderator,Grocery,Beverages,49.0,2,0.0,98.0,E-Wallet,"South Cody, Washington",2.7,False,False
TXN03877,2023-03-31,09:50:22,cefdfef2,30,Male,PROD1457,Multi-tiered uniform encoding,Health,Medical,34.86,4,0.0,139.44,Cash,"Vanghaven, Oklahoma",,False,True
TXN03878,2023-10-10,09:50:22,d4ceaf86,53,Male,PROD4523,Versatile discrete application,Beauty,Makeup,1.99,4,0.0,7.96,Bank Transfer,"New Alexanderchester, Colorado",,False,True
TXN03879,2022-05-17,09:50:22,fdcab4bb,26,Female,PROD6977,De-engineered cohesive matrices,Sports,Outdoor,26.07,2,0.0,52.14,E-Wallet,"Lake Deannahaven, Arizona",,False,False
TXN03880,2024-03-12,09:50:22,8992bf82,25,Male,PROD4813,Secured modular superstructure,Beauty,Tools,36.03,2,0.0,72.06,Debit Card,"South Josephstad, Wisconsin",,False,False
TXN03881,2024-12-16,09:50:22,68f75bd2,24,Female,PROD2460,Cloned client-driven leverage,Toys,Action Figures,33.51,5,0.14,144.09,E-Wallet,"Lake Kimberly, Montana",,False,True
TXN03882,2023-03-19,09:50:22,6ecff894,57,Female,PROD3628,Robust executive capability,Automotive,Tools,1.99,4,0.0,7.96,Debit Card,"New Luke, New York",,False,True
TXN03883,2022-07-26,09:50:22,d88d3cc5,30,Female,PROD6968,Robust client-driven software,Automotive,Car Care,12.19,4,0.0,48.76,Bank Transfer,"Josephville, Pennsylvania",4.1,True,False
TXN03884,2023-03-16,09:50:22,e40606de,21,Male,PROD5338,Diverse responsive Graphic Interface,Health,Supplements,28.72,1,0.0,28.72,Cash,"Michaelfurt, North Dakota",,False,True
TXN03885,2024-02-25,09:50:22,93fc570a,43,Female,PROD3392,Customer-focused reciprocal array,Home & Kitchen,Decor,157.54,4,0.0,630.16,Credit Card,"Wallaceton, Vermont",3.7,False,False
TXN03886,2022-08-18,09:50:22,4b179a05,28,Female,PROD8295,Persevering zero-defect initiative,Grocery,Bakery,1.99,1,0.0,1.99,Bank Transfer,"East Lindaton, Massachusetts",,False,True
TXN03887,2024-01-12,09:50:22,675a00b2,56,Female,PROD2284,Multi-channeled multimedia core,Clothing,Men,45.14,3,0.0,135.42,Credit Card,"Shahberg, Indiana",,False,True
TXN03888,2025-02-03,09:50:22,70587146,64,Female,PROD2835,Optimized secondary firmware,Home & Kitchen,Decor,130.01,3,0.11,347.13,E-Wallet,"Lake Tracy, Arizona",3.7,False,True
TXN03889,2024-05-08,09:50:22,cf27aba5,62,Female,PROD6089,Synergized transitional frame,Grocery,Bakery,46.99,1,0.0,46.99,Cash,"Jeffersonfort, Utah",,False,False
TXN03890,2022-10-02,09:50:22,9e893adf,26,Female,PROD3653,Progressive solution-oriented matrix,Beauty,Fragrances,43.86,3,0.0,131.58,Bank Transfer,"East Adamborough, Washington",2.2,False,False
TXN03891,2024-02-15,09:50:22,ec8ca6e9,69,Female,PROD6568,User-centric uniform workforce,Health,First Aid,41.65,5,0.0,208.25,Bank Transfer,"Port Johnhaven, Wyoming",,False,True
TXN03892,2025-04-16,09:50:22,3875570b,25,Female,PROD8299,Persevering bandwidth-monitored attitude,Beauty,Makeup,14.0,1,0.08,12.88,Bank Transfer,"New Evelynfurt, Massachusetts",,False,False
TXN03893,2023-07-30,09:50:22,75b773b7,63,Female,PROD7296,Configurable 5thgeneration approach,Sports,Outdoor,1.99,5,0.0,9.95,Credit Card,"Lisaville, Nevada",3.9,False,False
TXN03894,2023-05-17,09:50:22,bfc50aaa,69,Male,PROD1137,Cross-platform high-level functionalities,Toys,Puzzles,22.14,2,0.0,44.28,Debit Card,"East Jamesstad, New Jersey",1.9,True,False
TXN03895,2025-04-06,09:50:22,9b56cc8f,58,Female,PROD7558,Innovative user-facing Local Area Network,Home & Kitchen,Cookware,190.11,3,0.0,570.33,Bank Transfer,"Hunterchester, New Mexico",,False,False
TXN03896,2022-09-22,09:50:22,de978961,69,Male,PROD3015,Polarized 24hour portal,Books,Non-Fiction,57.87,1,0.14,49.77,Cash,"Tanyashire, West Virginia",2.4,False,True
TXN03897,2025-03-05,09:50:22,daa5e662,41,Male,PROD7738,Exclusive client-driven encryption,Clothing,Men,71.32,4,0.0,285.28,E-Wallet,"North Jamesburgh, Michigan",,False,True
TXN03898,2023-03-28,09:50:22,e92b5602,37,Male,PROD9117,Multi-layered encompassing access,Health,Supplements,38.59,1,0.0,38.59,Cash,"West Kristin, Delaware",2.7,False,False
TXN03899,2024-09-03,09:50:22,6d16ae72,21,Female,PROD5564,Exclusive holistic success,Books,Fiction,37.59,2,0.0,75.18,Bank Transfer,"South Elizabethborough, Colorado",,False,False
TXN03900,2024-08-09,09:50:22,3cb98441,30,Male,PROD3042,Upgradable context-sensitive alliance,Home & Kitchen,Cookware,81.07,4,0.28,233.48,Debit Card,"West Garytown, North Carolina",3.4,False,False
TXN03901,2022-11-10,09:50:22,3c57d6db,53,Female,PROD3509,Networked system-worthy instruction set,Electronics,Cameras,473.99,5,0.19,1919.66,Bank Transfer,"East Jennifer, South Carolina",3.6,False,False
TXN03902,2024-04-20,09:50:22,a0db5b3c,62,Female,PROD6795,Extended optimizing methodology,Sports,Fitness,63.38,3,0.0,190.14,E-Wallet,"Kimberlyfort, Illinois",,True,False
TXN03903,2023-08-02,09:50:22,0b7bab15,65,Female,PROD9486,Visionary intangible challenge,Health,Wellness,11.15,1,0.0,11.15,Debit Card,"Lake Hannah, Virginia",5.0,False,False
TXN03904,2023-07-16,09:50:22,79e6dd36,67,Male,PROD2427,Expanded directional archive,Beauty,Skincare,62.3,4,0.0,249.2,Bank Transfer,"New Lydia, Nebraska",,False,False
TXN03905,2024-03-15,09:50:22,7d435aa4,24,Male,PROD7441,Object-based user-facing moderator,Automotive,Parts,23.56,3,0.0,70.68,Debit Card,"Port Abigailbury, Illinois",,False,False
TXN03906,2024-03-14,09:50:22,e98ac23a,53,Female,PROD3813,Self-enabling 24/7 monitoring,Electronics,Laptops,765.09,4,0.0,3060.36,Debit Card,"South Lauraland, South Dakota",,False,False
TXN03907,2024-05-13,09:50:22,73b97638,69,Female,PROD2286,Streamlined explicit productivity,Toys,Games,1.99,4,0.22,6.21,Credit Card,"Barbarafurt, Montana",,False,True
TXN03908,2023-12-28,09:50:22,4c675b0e,59,Female,PROD6520,Up-sized foreground collaboration,Beauty,Haircare,41.72,3,0.0,125.16,Debit Card,"Jamesville, New Jersey",1.1,False,False
TXN03909,2023-07-27,09:50:22,d64fd8a2,44,Female,PROD2642,Balanced directional architecture,Books,Educational,15.26,4,0.0,61.04,Credit Card,"New William, New Hampshire",3.6,False,True
TXN03910,2025-04-26,09:50:22,a32a5155,63,Female,PROD4225,Assimilated secondary neural-net,Grocery,Beverages,1.99,2,0.0,3.98,Debit Card,"Pennyland, Illinois",,True,False
TXN03911,2025-01-02,09:50:22,774fe24d,21,Male,PROD6514,Balanced reciprocal portal,Sports,Yoga,34.37,5,0.0,171.85,E-Wallet,"New Damontown, Iowa",4.5,True,False
TXN03912,2022-05-24,09:50:22,95300b01,63,Male,PROD7988,Reduced encompassing paradigm,Toys,Educational,50.19,4,0.15,170.65,Cash,"North Joseph, Michigan",1.1,False,True
TXN03913,2022-12-26,09:50:22,cf031b52,49,Female,PROD2757,Right-sized incremental hub,Automotive,Electronics,13.1,4,0.0,52.4,Debit Card,"North Katherineside, Alabama",1.5,False,True
TXN03914,2024-04-13,09:50:22,53efcfc3,51,Female,PROD9434,Ergonomic zero administration policy,Home & Kitchen,Cookware,15.07,1,0.0,15.07,Cash,"Jenniferburgh, Ohio",1.8,False,False
TXN03915,2024-11-03,09:50:22,81a578b1,24,Female,PROD4550,Monitored 4thgeneration complexity,Toys,Action Figures,28.16,1,0.07,26.19,Debit Card,"Chenmouth, Idaho",1.0,False,False
TXN03916,2023-09-10,09:50:22,f8e13010,50,Male,PROD2733,Advanced national firmware,Health,Supplements,28.25,5,0.0,141.25,Debit Card,"Smithshire, Arizona",,False,False
TXN03917,2023-09-17,09:50:22,129c1577,47,Female,PROD8480,Team-oriented hybrid firmware,Health,Supplements,40.97,1,0.0,40.97,Credit Card,"Leslieland, Nevada",,False,True
TXN03918,2022-07-26,09:50:22,fb0ca401,65,Male,PROD3066,Phased exuding system engine,Automotive,Tools,48.99,5,0.0,244.95,E-Wallet,"Hernandezchester, Rhode Island",3.7,False,False
TXN03919,2024-02-22,09:50:22,1577b472,68,Female,PROD8151,Extended client-server open architecture,Clothing,Kids,48.22,2,0.0,96.44,Bank Transfer,"West Ericaview, Wisconsin",,False,False
TXN03920,2024-06-25,09:50:22,c2cd9193,36,Male,PROD2895,Phased transitional success,Books,Educational,67.11,2,0.07,124.82,Bank Transfer,"Samanthamouth, California",4.1,False,True
TXN03921,2022-12-24,09:50:22,55eb9a8c,49,Female,PROD7060,Centralized asynchronous project,Books,Educational,34.48,2,0.0,68.96,Cash,"West Josebury, Kentucky",,False,False
TXN03922,2024-07-04,09:50:22,1452bddd,25,Female,PROD4514,Cross-group hybrid knowledge user,Home & Kitchen,Cookware,95.75,4,0.0,383.0,E-Wallet,"Rachelstad, Oklahoma",3.5,False,False
TXN03923,2023-10-13,09:50:22,a8c88a0f,65,Male,PROD5707,Persistent dynamic moderator,Books,Fiction,1.99,3,0.0,5.97,Debit Card,"Wilsonstad, Rhode Island",,False,False
TXN03924,2023-12-06,09:50:22,0b648a22,55,Female,PROD9274,User-friendly discrete neural-net,Electronics,Laptops,447.47,2,0.0,894.94,Credit Card,"Smithfort, Illinois",3.9,False,False
TXN03925,2022-06-25,09:50:22,3066e868,50,Female,PROD4566,Optimized local infrastructure,Beauty,Fragrances,23.27,3,0.0,69.81,Cash,"Port Keithburgh, South Carolina",,False,False
TXN03926,2025-03-29,09:50:22,78e89d85,48,Female,PROD1655,Robust secondary conglomeration,Home & Kitchen,Furniture,187.22,2,0.0,374.44,Cash,"North Patricia, Virginia",3.0,False,False
TXN03927,2024-06-11,09:50:22,727756d6,38,Female,PROD8025,Business-focused user-facing strategy,Grocery,Snacks,39.25,3,0.13,102.44,E-Wallet,"Rebeccaton, California",2.5,False,True
TXN03928,2025-03-24,09:50:22,e5d64561,23,Male,PROD6561,Persistent solution-oriented budgetary management,Books,Children,6.41,3,0.0,19.23,E-Wallet,"Hartton, Washington",1.3,False,False
TXN03929,2025-03-12,09:50:22,884f8fce,67,Female,PROD3217,Re-contextualized demand-driven application,Automotive,Accessories,33.45,3,0.0,100.35,Credit Card,"Katrinastad, Arizona",1.1,False,False
TXN03930,2024-11-03,09:50:22,e07238dd,63,Male,PROD7897,Sharable multimedia frame,Health,First Aid,43.43,4,0.0,173.72,Cash,"Nicolemouth, Maryland",,False,False
TXN03931,2025-01-26,09:50:22,34c0a011,47,Female,PROD6101,Function-based uniform analyzer,Grocery,Bakery,60.56,2,0.0,121.12,E-Wallet,"Lake Randallshire, South Dakota",2.8,False,True
TXN03932,2022-08-03,09:50:22,5ca7e695,51,Male,PROD1900,Public-key multi-state task-force,Automotive,Parts,47.75,2,0.0,95.5,Credit Card,"Jamiefurt, Montana",,False,True
TXN03933,2024-01-03,09:50:22,12cf8ae8,48,Male,PROD8956,Focused needs-based array,Beauty,Skincare,45.22,5,0.0,226.1,Cash,"Oscarchester, Oregon",,False,False
TXN03934,2023-06-04,09:50:22,a3b5e3de,62,Female,PROD2580,Assimilated full-range hierarchy,Home & Kitchen,Furniture,124.21,2,0.05,236.0,E-Wallet,"Christianbury, Alaska",2.6,False,False
TXN03935,2024-02-21,09:50:22,42d7f8cd,51,Female,PROD6728,Team-oriented secondary structure,Beauty,Fragrances,37.77,5,0.0,188.85,E-Wallet,"West Keith, Hawaii",3.9,False,False
TXN03936,2025-03-23,09:50:22,28d83cad,36,Male,PROD8505,Switchable radical neural-net,Books,Cookbooks,54.99,3,0.0,164.97,Bank Transfer,"Johnsonmouth, Wyoming",,False,False
TXN03937,2022-10-21,09:50:22,b6c27958,55,Male,PROD4691,Fully-configurable high-level secured line,Beauty,Fragrances,3.34,1,0.0,3.34,Bank Transfer,"Larryfort, Texas",1.2,False,False
TXN03938,2022-11-18,09:50:22,beb31982,60,Female,PROD7430,User-centric transitional success,Sports,Fitness,23.01,1,0.0,23.01,Debit Card,"East James, Nevada",4.8,False,False
TXN03939,2023-04-13,09:50:22,9d63e014,42,Female,PROD1990,User-centric scalable adapter,Health,Wellness,14.55,5,0.0,72.75,Credit Card,"South Rebekahbury, Wyoming",,False,False
TXN03940,2025-05-02,09:50:22,6e0d51ef,44,Female,PROD2559,Organic optimizing pricing structure,Sports,Outdoor,37.58,3,0.12,99.21,Debit Card,"New Maryland, Delaware",1.2,False,True
TXN03941,2022-05-21,09:50:22,e02bdd8e,33,Female,PROD2157,Pre-emptive solution-oriented implementation,Sports,Outdoor,54.6,5,0.0,273.0,Cash,"Mollyberg, West Virginia",,False,False
TXN03942,2022-09-17,09:50:22,1c8a0bd5,51,Female,PROD9892,Optional reciprocal standardization,Health,Supplements,18.06,5,0.0,90.3,Cash,"Andrewborough, Georgia",,False,True
TXN03943,2023-07-11,09:50:22,534d6c60,39,Female,PROD6257,Fundamental tertiary policy,Health,First Aid,1.99,4,0.0,7.96,Debit Card,"East Christophershire, Maine",,False,True
TXN03944,2023-07-16,09:50:22,6855fcbd,61,Female,PROD6942,Monitored actuating challenge,Beauty,Makeup,21.76,1,0.0,21.76,Debit Card,"Williamston, Alaska",,False,False
TXN03945,2024-09-20,09:50:22,ff716aed,37,Male,PROD1483,Synergized 6thgeneration toolset,Home & Kitchen,Furniture,183.94,1,0.0,183.94,Cash,"Smithmouth, Tennessee",,False,True
TXN03946,2022-12-04,09:50:22,625c70f6,69,Female,PROD5067,Robust human-resource standardization,Books,Fiction,40.75,2,0.0,81.5,Cash,"Kinghaven, Michigan",,False,True
TXN03947,2023-07-01,09:50:22,b76e072b,70,Female,PROD3661,Optimized non-volatile functionalities,Home & Kitchen,Cookware,149.97,1,0.0,149.97,E-Wallet,"West Tim, Missouri",1.5,False,False
TXN03948,2024-10-13,09:50:22,466af5cc,70,Male,PROD9110,Down-sized multi-state superstructure,Books,Cookbooks,24.4,3,0.0,73.2,Bank Transfer,"North Edward, Montana",,False,False
TXN03949,2022-09-30,09:50:22,6b06baf6,19,Female,PROD7911,Advanced attitude-oriented info-mediaries,Automotive,Accessories,4.42,1,0.0,4.42,Credit Card,"South Courtneyside, Delaware",4.6,False,True
TXN03950,2023-03-16,09:50:22,f206766b,62,Female,PROD2508,Profound secondary flexibility,Beauty,Skincare,40.31,3,0.0,120.93,Credit Card,"West Alexbury, Kentucky",3.5,False,False
TXN03951,2022-06-23,09:50:22,faf2af70,62,Female,PROD9313,Configurable modular analyzer,Books,Fiction,13.31,3,0.0,39.93,Credit Card,"Ortizport, Delaware",5.0,False,False
TXN03952,2024-12-01,09:50:22,42b83199,25,Male,PROD2078,Enterprise-wide intangible orchestration,Grocery,Dairy,73.68,5,0.0,368.4,E-Wallet,"Debrafort, Rhode Island",2.8,False,False
TXN03953,2024-03-15,09:50:22,2a0eb456,58,Male,PROD1023,Visionary explicit matrix,Grocery,Bakery,41.41,1,0.0,41.41,E-Wallet,"Port Teresa, Wyoming",1.0,False,False
TXN03954,2022-07-22,09:50:22,40abfa2a,50,Female,PROD4210,Networked even-keeled strategy,Health,First Aid,18.39,2,0.0,36.78,Cash,"East Jenniferport, West Virginia",2.3,True,False
TXN03955,2022-11-01,09:50:22,7c4454d3,45,Female,PROD6038,Multi-lateral intermediate system engine,Grocery,Bakery,17.77,5,0.0,88.85,Credit Card,"East Edward, Mississippi",2.7,False,True
TXN03956,2022-10-03,09:50:22,40e177fa,62,Female,PROD4168,Customer-focused impactful core,Automotive,Car Care,28.14,5,0.0,140.7,Cash,"North Melissaburgh, Florida",3.4,False,True
TXN03957,2022-08-25,09:50:22,d20493f5,59,Male,PROD8707,Re-engineered leadingedge portal,Health,Supplements,25.21,2,0.0,50.42,E-Wallet,"Bellton, Ohio",,False,False
TXN03958,2023-05-05,09:50:22,935305de,38,Male,PROD1069,Function-based 6thgeneration migration,Books,Cookbooks,52.34,3,0.0,157.02,Cash,"Vickieville, Georgia",2.3,False,True
TXN03959,2023-10-03,09:50:22,ae703539,40,Female,PROD7072,Managed intangible approach,Toys,Games,33.73,2,0.18,55.32,Debit Card,"Garyburgh, Massachusetts",,True,True
TXN03960,2022-09-27,09:50:22,46aa4542,64,Male,PROD5607,Open-source scalable solution,Home & Kitchen,Decor,68.79,4,0.0,275.16,Debit Card,"Shortview, Washington",3.8,False,False
TXN03961,2023-08-15,09:50:22,8e042fc7,45,Male,PROD3383,Object-based fault-tolerant intranet,Books,Non-Fiction,67.81,1,0.0,67.81,Bank Transfer,"Lake Bryanchester, Utah",1.6,False,True
TXN03962,2023-10-17,09:50:22,a1018f74,48,Male,PROD1997,Organic incremental customer loyalty,Books,Educational,30.99,1,0.0,30.99,Bank Transfer,"North Nancy, North Carolina",,True,True
TXN03963,2024-08-17,09:50:22,9a8ba8bc,56,Female,PROD8837,Object-based hybrid throughput,Automotive,Electronics,45.38,4,0.0,181.52,E-Wallet,"New Aaronton, Alabama",,False,False
TXN03964,2024-07-08,09:50:22,50d2a7cf,70,Female,PROD9394,Team-oriented eco-centric process improvement,Grocery,Bakery,17.84,2,0.0,35.68,Debit Card,"North Sherryview, Texas",3.9,False,False
TXN03965,2024-11-14,09:50:22,fa7d47e7,46,Male,PROD8105,Synchronized context-sensitive synergy,Toys,Puzzles,37.26,5,0.0,186.3,Debit Card,"Lake Richard, Colorado",,False,True
TXN03966,2024-08-11,09:50:22,26760970,69,Male,PROD8863,Profound system-worthy knowledgebase,Toys,Games,36.22,2,0.0,72.44,Debit Card,"Turnerstad, New York",2.3,False,False
TXN03967,2024-10-08,09:50:22,a545eeef,56,Female,PROD1499,Proactive fresh-thinking interface,Sports,Outdoor,1.99,1,0.0,1.99,Bank Transfer,"Port Kara, Alaska",1.1,False,False
TXN03968,2024-02-12,09:50:22,73dadff6,52,Female,PROD8597,Open-architected leadingedge Graphic Interface,Beauty,Makeup,70.31,5,0.0,351.55,Bank Transfer,"Petersonhaven, New Hampshire",,False,False
TXN03969,2022-06-09,09:50:22,8a37714f,47,Female,PROD9819,Open-architected actuating policy,Toys,Educational,55.81,2,0.0,111.62,Credit Card,"Gwendolynton, Washington",2.8,False,False
TXN03970,2024-07-11,09:50:22,c8f98a33,34,Female,PROD9214,Reverse-engineered zero administration productivity,Grocery,Bakery,22.06,4,0.3,61.77,Bank Transfer,"South Amy, Louisiana",1.2,False,False
TXN03971,2023-01-03,09:50:22,00e15df6,28,Female,PROD3298,Enterprise-wide even-keeled initiative,Health,Supplements,7.95,2,0.1,14.31,E-Wallet,"Welchstad, Virginia",2.1,False,True
TXN03972,2025-05-05,09:50:22,8495eed8,30,Female,PROD6737,Switchable well-modulated complexity,Grocery,Beverages,36.95,2,0.0,73.9,Bank Transfer,"West Michael, Georgia",3.8,False,False
TXN03973,2022-05-18,09:50:22,a1089ac5,31,Male,PROD5933,Optimized coherent application,Health,Vitamins,31.73,5,0.0,158.65,E-Wallet,"Port Toni, Wyoming",,True,True
TXN03974,2022-09-12,09:50:22,53452e8e,48,Male,PROD7500,Advanced composite contingency,Sports,Yoga,37.11,2,0.0,74.22,E-Wallet,"Lake Lynnmouth, Oklahoma",4.4,False,False
TXN03975,2022-08-07,09:50:22,bcd5ac56,51,Male,PROD1442,Diverse dedicated installation,Electronics,Smartphones,538.32,4,0.28,1550.36,Cash,"Arnoldfort, North Carolina",4.4,False,False
TXN03976,2022-10-01,09:50:22,4f5719a2,59,Female,PROD1268,Integrated context-sensitive conglomeration,Automotive,Car Care,40.12,4,0.0,160.48,Bank Transfer,"Robinsonfort, South Dakota",1.6,False,True
TXN03977,2024-05-07,09:50:22,431c9448,64,Female,PROD7139,Function-based actuating leverage,Beauty,Tools,58.95,1,0.0,58.95,E-Wallet,"East Kevinborough, West Virginia",4.0,False,False
TXN03978,2025-02-28,09:50:22,8234a478,63,Male,PROD8984,Optional dedicated moratorium,Sports,Outdoor,41.36,4,0.0,165.44,Bank Transfer,"Melissaland, Michigan",,False,False
TXN03979,2022-12-09,09:50:22,733b7719,64,Male,PROD6304,Customizable mobile policy,Health,First Aid,9.01,4,0.09,32.8,E-Wallet,"Gonzalezstad, New York",2.2,False,True
TXN03980,2023-12-20,09:50:22,514ec3c3,65,Male,PROD8802,Advanced neutral capability,Electronics,Smartphones,772.51,2,0.0,1545.02,Debit Card,"South Cheryl, New Mexico",2.8,False,False
TXN03981,2024-01-13,09:50:22,f2f4552f,38,Male,PROD5131,Assimilated systematic flexibility,Health,First Aid,62.81,4,0.0,251.24,Debit Card,"South Mirandaton, Maine",,False,False
TXN03982,2022-10-30,09:50:22,9ddedcac,49,Female,PROD1104,Fundamental secondary Graphical User Interface,Toys,Puzzles,93.04,1,0.16,78.15,Credit Card,"Rodriguezside, Montana",,False,False
TXN03983,2023-12-03,09:50:22,3daeb1c3,55,Male,PROD3353,Synergistic global Graphical User Interface,Health,Vitamins,7.53,3,0.0,22.59,Cash,"North James, South Carolina",,False,True
TXN03984,2024-10-18,09:50:22,fd260726,35,Male,PROD4105,Compatible coherent data-warehouse,Sports,Yoga,34.86,3,0.1,94.12,Credit Card,"Port Kristine, Wyoming",2.2,False,False
TXN03985,2024-06-25,09:50:22,27f22840,31,Male,PROD4907,Configurable heuristic functionalities,Health,Medical,1.99,1,0.0,1.99,E-Wallet,"New Benjamin, Maine",,False,False
TXN03986,2024-07-23,09:50:22,15896257,56,Female,PROD2067,Centralized responsive challenge,Health,Medical,41.06,5,0.0,205.3,E-Wallet,"West Ryanmouth, Arkansas",1.1,True,False
TXN03987,2022-07-08,09:50:22,7a092cde,36,Male,PROD9232,Stand-alone transitional array,Grocery,Dairy,19.04,1,0.0,19.04,Credit Card,"Moralesshire, North Carolina",4.2,False,True
TXN03988,2024-12-31,09:50:22,a0d979b2,22,Female,PROD6144,Object-based methodical approach,Grocery,Snacks,68.47,4,0.0,273.88,Bank Transfer,"Wilsonstad, Montana",,False,False
TXN03989,2023-03-22,09:50:22,98ba28cc,18,Male,PROD5700,Quality-focused systematic access,Automotive,Electronics,14.51,5,0.0,72.55,Bank Transfer,"North Kristiport, Idaho",,False,True
TXN03990,2025-05-02,09:50:22,06a6405e,65,Male,PROD2572,Cloned object-oriented project,Automotive,Parts,1.99,1,0.0,1.99,Credit Card,"New Kennethborough, Hawaii",,False,False
TXN03991,2023-07-30,09:50:22,14278009,34,Male,PROD9977,Centralized asynchronous standardization,Beauty,Tools,20.57,3,0.0,61.71,Bank Transfer,"East Cindy, Washington",3.3,False,True
TXN03992,2023-02-09,09:50:22,381f1ecf,47,Male,PROD4059,Expanded object-oriented parallelism,Electronics,Cameras,104.9,2,0.0,209.8,E-Wallet,"East Tony, Louisiana",2.4,False,False
TXN03993,2024-07-14,09:50:22,693f6ad2,39,Female,PROD7235,Configurable client-driven open system,Electronics,TVs,650.22,3,0.0,1950.66,Cash,"New Brianmouth, Massachusetts",,False,True
TXN03994,2023-12-31,09:50:22,36f8dde6,35,Female,PROD2770,Self-enabling background standardization,Electronics,TVs,86.98,4,0.0,347.92,Bank Transfer,"New Josephside, Pennsylvania",3.6,False,False
TXN03995,2023-02-25,09:50:22,6f75cf6d,21,Female,PROD1476,Re-engineered dedicated approach,Home & Kitchen,Appliances,121.99,3,0.15,311.07,Cash,"Williamston, Texas",4.4,False,False
TXN03996,2024-01-06,09:50:22,7a606801,70,Female,PROD5073,Quality-focused eco-centric throughput,Automotive,Parts,1.99,3,0.0,5.97,E-Wallet,"South Joshua, West Virginia",,False,False
TXN03997,2024-06-08,09:50:22,91fe542a,63,Male,PROD6334,Phased context-sensitive Local Area Network,Beauty,Fragrances,23.59,3,0.0,70.77,Debit Card,"Elijahton, Iowa",,False,True
TXN03998,2022-05-28,09:50:22,54f461d2,68,Female,PROD9144,Persistent cohesive utilization,Health,First Aid,62.87,1,0.0,62.87,Credit Card,"West Marvinside, New York",1.6,False,False
TXN03999,2023-02-19,09:50:22,def998f1,22,Male,PROD3142,Front-line uniform frame,Beauty,Makeup,37.21,3,0.0,111.63,Debit Card,"West Tina, Minnesota",,False,False
TXN04000,2023-01-13,09:50:22,f472be2d,68,Male,PROD1121,Organized heuristic application,Home & Kitchen,Appliances,59.56,4,0.0,238.24,Bank Transfer,"Timothyton, Texas",,False,False
TXN04001,2022-07-30,09:50:22,9414eb63,31,Female,PROD7322,Secured exuding algorithm,Grocery,Snacks,29.38,3,0.0,88.14,Debit Card,"Port Benjaminport, Wisconsin",,False,True
TXN04002,2022-05-16,09:50:22,ffa8e043,38,Female,PROD7433,Face-to-face analyzing capability,Home & Kitchen,Bedding,121.26,4,0.0,485.04,Debit Card,"New Richard, Maryland",4.2,False,False
TXN04003,2024-07-21,09:50:22,c74cbdd9,62,Male,PROD9920,Switchable bandwidth-monitored intranet,Sports,Cycling,39.45,1,0.23,30.38,Bank Transfer,"Odonnellmouth, New Jersey",3.3,False,False
TXN04004,2022-10-27,09:50:22,ddac189e,47,Male,PROD1808,Networked tangible matrix,Sports,Fitness,2.66,1,0.0,2.66,Cash,"Katrinaland, Montana",1.9,False,False
TXN04005,2024-01-20,09:50:22,5ae1d2c1,40,Male,PROD5832,Adaptive clear-thinking forecast,Beauty,Tools,41.85,1,0.0,41.85,Bank Transfer,"North Rebecca, Oklahoma",,False,False
TXN04006,2023-07-10,09:50:22,03f7579b,44,Female,PROD7799,Optimized static moderator,Health,Wellness,1.99,3,0.0,5.97,E-Wallet,"Mcgrathmouth, Oklahoma",,False,False
TXN04007,2024-04-09,09:50:22,49253877,60,Female,PROD4849,Centralized cohesive workforce,Toys,Educational,17.4,5,0.0,87.0,Cash,"Calvinshire, Hawaii",4.4,False,False
TXN04008,2023-07-13,09:50:22,4ab9154b,56,Female,PROD1746,Networked bi-directional database,Toys,Dolls,20.23,4,0.0,80.92,E-Wallet,"Lake Jeremyborough, Vermont",2.7,False,True
TXN04009,2024-08-28,09:50:22,312e7c93,29,Male,PROD7245,Multi-channeled coherent database,Beauty,Makeup,42.67,2,0.0,85.34,Bank Transfer,"Devintown, New Jersey",1.4,False,True
TXN04010,2025-03-20,09:50:22,80da632b,28,Male,PROD7617,Adaptive explicit secured line,Beauty,Tools,30.45,1,0.0,30.45,E-Wallet,"East Dennisland, South Dakota",1.4,False,False
TXN04011,2023-02-21,09:50:22,10e6671e,22,Male,PROD6660,User-friendly multi-state attitude,Electronics,TVs,218.89,2,0.0,437.78,Cash,"Ruizstad, Michigan",,False,False
TXN04012,2023-03-31,09:50:22,ebf8968d,37,Female,PROD4136,Sharable contextually-based product,Books,Fiction,10.3,2,0.0,20.6,Cash,"New Jeremy, Missouri",2.9,False,False
TXN04013,2023-05-17,09:50:22,2dd959f0,53,Male,PROD3787,De-engineered asymmetric task-force,Grocery,Bakery,33.97,1,0.0,33.97,E-Wallet,"Port Michelle, Wyoming",1.3,False,False
TXN04014,2023-08-01,09:50:22,404e9090,37,Male,PROD9646,Managed actuating throughput,Automotive,Parts,28.42,2,0.21,44.9,Cash,"West Darryl, Oregon",3.8,False,False
TXN04015,2023-10-05,09:50:22,aeafad18,24,Female,PROD6688,Fundamental directional customer loyalty,Electronics,Headphones,384.18,2,0.0,768.36,Debit Card,"Hensleystad, Idaho",3.3,False,False
TXN04016,2023-06-07,09:50:22,a46ec094,34,Male,PROD6387,Optional multi-state hierarchy,Health,Wellness,20.38,1,0.0,20.38,Bank Transfer,"North Lisa, Massachusetts",4.6,False,False
TXN04017,2022-12-26,09:50:22,6ad1ad0a,36,Male,PROD7047,Profit-focused mobile focus group,Health,Medical,43.92,3,0.0,131.76,Credit Card,"Silvaburgh, Iowa",,False,False
TXN04018,2023-05-12,09:50:22,14e20854,67,Male,PROD8396,Multi-channeled homogeneous protocol,Toys,Dolls,19.65,3,0.0,58.95,Credit Card,"South Racheltown, New York",1.3,True,False
TXN04019,2022-08-25,09:50:22,a019af98,33,Female,PROD6726,Ameliorated heuristic attitude,Toys,Games,28.24,5,0.0,141.2,Cash,"Jonathanland, Illinois",,False,True
TXN04020,2024-12-05,09:50:22,57b943aa,22,Female,PROD8766,Down-sized empowering hierarchy,Sports,Yoga,73.4,5,0.16,308.28,Credit Card,"Lauramouth, California",2.5,False,False
TXN04021,2022-10-02,09:50:22,a64189a0,58,Female,PROD9303,Centralized web-enabled support,Automotive,Parts,1.99,1,0.0,1.99,Credit Card,"Munozport, Tennessee",,False,False
TXN04022,2023-12-22,09:50:22,3c1739a7,40,Male,PROD6105,Multi-tiered upward-trending access,Books,Fiction,1.99,5,0.0,9.95,Credit Card,"Wilkinsonport, Nevada",3.6,False,True
TXN04023,2022-09-20,09:50:22,a38677b1,42,Male,PROD8651,Innovative holistic encoding,Health,Medical,45.67,3,0.0,137.01,Debit Card,"Clarkside, California",,False,False
TXN04024,2023-10-01,09:50:22,a791e170,42,Female,PROD9674,Re-contextualized leadingedge hardware,Clothing,Accessories,29.64,1,0.0,29.64,Debit Card,"South Paulside, Nevada",,False,False
TXN04025,2022-11-23,09:50:22,1063ac9c,68,Female,PROD7310,Diverse leadingedge toolset,Home & Kitchen,Appliances,97.72,1,0.0,97.72,Bank Transfer,"Peterview, New Jersey",,False,False
TXN04026,2023-06-14,09:50:22,9d1927b2,61,Male,PROD9382,Ameliorated grid-enabled matrix,Grocery,Snacks,14.38,1,0.0,14.38,Credit Card,"Lake Francesside, Michigan",,False,False
TXN04027,2025-01-27,09:50:22,e90114fc,69,Female,PROD4003,Cloned user-facing toolset,Grocery,Beverages,24.8,1,0.17,20.58,E-Wallet,"West Jameschester, Arkansas",,False,False
TXN04028,2024-03-13,09:50:22,d14a1975,27,Female,PROD1734,User-centric reciprocal neural-net,Grocery,Dairy,61.97,5,0.0,309.85,Credit Card,"Garyside, Missouri",,False,True
TXN04029,2024-05-06,09:50:22,07e96064,34,Male,PROD1858,Mandatory logistical architecture,Books,Non-Fiction,46.04,3,0.0,138.12,Debit Card,"Lake Christopher, North Dakota",1.7,False,False
TXN04030,2023-01-23,09:50:22,7a8f3cde,24,Male,PROD6680,Assimilated scalable Local Area Network,Sports,Outdoor,47.24,5,0.0,236.2,Debit Card,"Wattsside, West Virginia",4.1,False,False
TXN04031,2023-08-29,09:50:22,9ab8050a,28,Female,PROD5182,Re-contextualized bottom-line methodology,Beauty,Makeup,1.99,4,0.14,6.85,Credit Card,"Orozcoburgh, Louisiana",3.9,False,False
TXN04032,2022-11-26,09:50:22,92ed6493,56,Male,PROD4278,User-friendly systemic capacity,Clothing,Kids,15.47,2,0.26,22.9,Cash,"Jessicaberg, New Mexico",,False,False
TXN04033,2023-12-10,09:50:22,325593b9,44,Male,PROD9847,Customizable bottom-line synergy,Electronics,Laptops,1.99,3,0.0,5.97,Debit Card,"New Jessicachester, Missouri",,False,False
TXN04034,2022-09-25,09:50:22,93e1f0d5,56,Male,PROD9810,Sharable multimedia budgetary management,Home & Kitchen,Appliances,63.34,2,0.0,126.68,Debit Card,"Sethfurt, Florida",2.4,False,False
TXN04035,2023-06-06,09:50:22,f256e748,38,Male,PROD8906,Persevering high-level support,Health,Medical,49.13,3,0.0,147.39,Bank Transfer,"Wadeshire, Utah",,False,False
TXN04036,2024-02-15,09:50:22,604da907,38,Male,PROD3660,Triple-buffered 3rdgeneration application,Home & Kitchen,Bedding,156.19,3,0.0,468.57,E-Wallet,"Lake Kerry, Arizona",2.4,False,False
TXN04037,2025-01-25,09:50:22,cc05cb72,49,Female,PROD7937,De-engineered multi-tasking software,Automotive,Electronics,25.57,3,0.0,76.71,Debit Card,"South Bethany, New York",3.1,False,False
TXN04038,2024-11-13,09:50:22,bb3429e9,40,Male,PROD5288,Pre-emptive cohesive array,Grocery,Snacks,29.55,1,0.08,27.19,Credit Card,"Jimmybury, Idaho",2.0,False,False
TXN04039,2024-03-08,09:50:22,47ea790b,36,Male,PROD7962,Cross-platform clear-thinking policy,Automotive,Accessories,16.22,3,0.0,48.66,Cash,"Nelsonborough, Nevada",4.0,False,False
TXN04040,2024-01-22,09:50:22,6ca444a0,39,Male,PROD6564,Automated intangible model,Automotive,Accessories,34.1,3,0.27,74.68,Debit Card,"New Traceyside, Alabama",,False,True
TXN04041,2023-03-14,09:50:22,a56bede3,19,Female,PROD9725,Seamless directional customer loyalty,Clothing,Shoes,72.98,2,0.0,145.96,Cash,"North Reneeborough, Virginia",4.2,False,False
TXN04042,2024-05-21,09:50:22,a6714b6e,19,Male,PROD2258,Team-oriented responsive website,Home & Kitchen,Cookware,6.89,4,0.14,23.7,Cash,"Cynthiabury, Nevada",,True,True
TXN04043,2024-02-12,09:50:22,c034723f,41,Male,PROD3930,Enhanced executive strategy,Electronics,Laptops,559.93,2,0.0,1119.86,Debit Card,"East Alan, Utah",1.8,False,False
TXN04044,2024-09-29,09:50:22,6ca9c534,34,Male,PROD3691,Optimized grid-enabled challenge,Health,Wellness,48.65,2,0.09,88.54,Cash,"Jacobshire, New Jersey",,False,True
TXN04045,2023-04-16,09:50:22,e84890b9,39,Male,PROD5369,Enhanced disintermediate Local Area Network,Home & Kitchen,Decor,90.94,2,0.12,160.05,Debit Card,"New Kenneth, Pennsylvania",,False,False
TXN04046,2022-05-15,09:50:22,7084428f,67,Male,PROD3042,Horizontal high-level algorithm,Toys,Educational,44.01,5,0.0,220.05,E-Wallet,"Robertstad, Vermont",,False,False
TXN04047,2024-02-06,09:50:22,8dfd7e81,63,Female,PROD4115,Customer-focused holistic pricing structure,Clothing,Women,134.44,2,0.0,268.88,Cash,"Port Victor, Georgia",,False,False
TXN04048,2023-09-22,09:50:22,f2dd9a80,23,Male,PROD6590,Fully-configurable zero administration knowledgebase,Toys,Puzzles,27.91,1,0.0,27.91,E-Wallet,"Rachelville, Maryland",,False,False
TXN04049,2023-08-02,09:50:22,54f74818,39,Male,PROD8439,Public-key analyzing Graphic Interface,Grocery,Beverages,37.87,2,0.0,75.74,Credit Card,"West Michael, South Dakota",2.4,False,False
TXN04050,2024-10-15,09:50:22,7fcc737f,39,Female,PROD5656,Compatible national workforce,Books,Educational,15.24,2,0.0,30.48,Credit Card,"Danielmouth, Oregon",,True,False
TXN04051,2023-11-23,09:50:22,f1a047c9,56,Female,PROD1203,Progressive eco-centric hierarchy,Grocery,Snacks,33.63,5,0.0,168.15,Bank Transfer,"Robinsonland, North Carolina",,False,False
TXN04052,2024-05-11,09:50:22,37638c82,54,Male,PROD5757,Face-to-face non-volatile data-warehouse,Books,Cookbooks,39.21,4,0.0,156.84,Bank Transfer,"South Michael, Texas",,False,False
TXN04053,2023-02-05,09:50:22,979febd6,20,Male,PROD5736,Seamless zero-defect open architecture,Books,Children,33.9,4,0.11,120.68,Credit Card,"Rhondatown, Oregon",,False,False
TXN04054,2024-03-15,09:50:22,ace88331,31,Female,PROD4348,Ergonomic explicit structure,Books,Children,9.61,5,0.0,48.05,Debit Card,"Austinborough, Oklahoma",4.6,False,False
TXN04055,2025-01-12,09:50:22,79437ac3,45,Female,PROD9733,Sharable bi-directional open system,Electronics,Laptops,541.27,5,0.0,2706.35,Bank Transfer,"Pamelaville, Indiana",3.4,False,False
TXN04056,2024-12-08,09:50:22,52d0a8d2,40,Male,PROD5992,Inverse non-volatile functionalities,Beauty,Makeup,59.24,1,0.09,53.91,Credit Card,"South Eric, Montana",1.2,False,True
TXN04057,2024-11-03,09:50:22,284a0b4c,65,Male,PROD2280,Intuitive needs-based portal,Books,Non-Fiction,38.97,5,0.0,194.85,Cash,"New Kaitlyntown, Arizona",3.7,True,False
TXN04058,2024-05-09,09:50:22,6b9ffbb6,47,Female,PROD7788,Right-sized methodical migration,Books,Fiction,49.24,1,0.0,49.24,Credit Card,"East Katherine, Arkansas",,True,False
TXN04059,2024-01-21,09:50:22,6c85e152,39,Female,PROD4339,Inverse logistical extranet,Automotive,Electronics,25.26,3,0.0,75.78,Bank Transfer,"Lake Summer, Virginia",,False,True
TXN04060,2025-01-27,09:50:22,b2f20bc3,28,Female,PROD9981,Automated transitional open system,Clothing,Kids,72.5,5,0.0,362.5,Cash,"Lake Saraview, California",,False,False
TXN04061,2022-12-14,09:50:22,4229876a,38,Male,PROD5947,Organized multi-tasking secured line,Electronics,Cameras,555.85,5,0.06,2612.49,Cash,"North Benjaminport, Massachusetts",,False,True
TXN04062,2023-04-30,09:50:22,3961f0a3,48,Female,PROD3646,Open-architected web-enabled budgetary management,Sports,Fitness,10.98,5,0.0,54.9,Credit Card,"New Bruce, New York",3.8,False,False
TXN04063,2022-10-20,09:50:22,c7fb9325,38,Female,PROD4591,Mandatory intermediate definition,Grocery,Dairy,36.37,3,0.1,98.2,E-Wallet,"New Jadeburgh, New York",,False,False
TXN04064,2023-12-01,09:50:22,fddf8401,26,Female,PROD1428,Ergonomic client-server benchmark,Home & Kitchen,Cookware,50.58,3,0.0,151.74,E-Wallet,"Gainesview, Pennsylvania",1.1,False,True
TXN04065,2023-02-16,09:50:22,583cbd2d,51,Female,PROD4043,Persevering even-keeled focus group,Beauty,Haircare,17.34,2,0.0,34.68,Debit Card,"South Eduardoview, Washington",4.7,False,False
TXN04066,2023-06-12,09:50:22,b8e559d9,37,Female,PROD7386,Digitized motivating open architecture,Toys,Puzzles,33.79,2,0.07,62.85,Bank Transfer,"East William, Alabama",,False,True
TXN04067,2023-10-27,09:50:22,edd270fa,56,Female,PROD1250,Multi-channeled uniform strategy,Home & Kitchen,Bedding,140.81,1,0.0,140.81,E-Wallet,"Johnville, Minnesota",,False,False
TXN04068,2022-10-09,09:50:22,7d44f9f3,33,Male,PROD8206,Customizable composite knowledge user,Sports,Fitness,6.22,3,0.0,18.66,Credit Card,"Williamsburgh, Pennsylvania",,False,False
TXN04069,2022-10-07,09:50:22,47d7a2bc,21,Female,PROD4861,Diverse composite emulation,Sports,Outdoor,51.08,2,0.0,102.16,E-Wallet,"West Gregoryton, California",1.0,False,False
TXN04070,2022-06-13,09:50:22,7b670480,20,Male,PROD6297,User-friendly 4thgeneration installation,Sports,Cycling,41.44,4,0.14,142.55,E-Wallet,"Knoxland, Florida",,False,True
TXN04071,2025-03-09,09:50:22,f2221088,35,Female,PROD5119,Integrated object-oriented complexity,Electronics,Laptops,359.05,2,0.0,718.1,E-Wallet,"North Paul, Maryland",3.3,False,True
TXN04072,2022-07-08,09:50:22,c0cc3ef4,57,Female,PROD9837,Sharable motivating contingency,Grocery,Snacks,1.99,1,0.0,1.99,Bank Transfer,"South Rodneytown, North Dakota",,False,False
TXN04073,2024-08-12,09:50:22,ca3db3e8,31,Male,PROD1480,Centralized neutral ability,Home & Kitchen,Appliances,109.86,4,0.0,439.44,Debit Card,"Princefurt, Kentucky",1.3,False,False
TXN04074,2023-07-15,09:50:22,8301b3b7,30,Female,PROD8079,Open-architected methodical support,Beauty,Tools,21.08,1,0.0,21.08,Cash,"West Gary, New York",4.3,False,True
TXN04075,2022-07-20,09:50:22,e8f699ea,50,Male,PROD4482,Customizable directional open system,Beauty,Fragrances,32.26,2,0.0,64.52,Cash,"North Jessicamouth, Arkansas",,False,False
TXN04076,2023-10-21,09:50:22,ed225d31,66,Male,PROD5188,Distributed didactic knowledgebase,Grocery,Canned Goods,22.74,5,0.0,113.7,Debit Card,"South Kelly, Oklahoma",4.3,False,False
TXN04077,2024-12-27,09:50:22,58440be3,60,Female,PROD1002,Realigned content-based definition,Books,Educational,1.99,3,0.0,5.97,Debit Card,"East Karlahaven, New Jersey",,False,False
TXN04078,2023-03-06,09:50:22,f1a4436d,27,Female,PROD5280,Re-contextualized radical standardization,Electronics,Headphones,422.33,3,0.1,1140.29,Credit Card,"Huangmouth, Indiana",,False,False
TXN04079,2024-05-24,09:50:22,0f23d36c,30,Female,PROD2884,Organized stable capacity,Electronics,Headphones,438.88,3,0.15,1119.14,Debit Card,"New Dannymouth, Massachusetts",,False,False
TXN04080,2024-07-17,09:50:22,ec996b39,37,Male,PROD8609,Synchronized mission-critical core,Sports,Outdoor,42.67,4,0.0,170.68,E-Wallet,"East Joanneberg, Michigan",1.8,False,False
TXN04081,2023-08-06,09:50:22,dc314a35,44,Female,PROD8102,Managed neutral interface,Home & Kitchen,Decor,71.13,3,0.0,213.39,Cash,"Lunatown, Alaska",1.8,False,False
TXN04082,2023-12-22,09:50:22,5b25c1ca,68,Male,PROD4808,Compatible asynchronous open system,Books,Non-Fiction,63.57,4,0.0,254.28,E-Wallet,"Kellermouth, New Hampshire",,False,True
TXN04083,2023-02-04,09:50:22,20f8abe8,28,Female,PROD8929,Switchable incremental archive,Health,Wellness,1.99,5,0.0,9.95,Credit Card,"North Nicole, New Mexico",,False,False
TXN04084,2024-12-12,09:50:22,20a34c35,25,Female,PROD8531,Synergistic hybrid matrix,Clothing,Kids,89.34,5,0.0,446.7,Credit Card,"South Randy, Rhode Island",4.4,False,False
TXN04085,2025-02-25,09:50:22,9849ebaa,43,Male,PROD7860,Networked even-keeled function,Toys,Action Figures,25.51,2,0.0,51.02,Bank Transfer,"West Anna, Idaho",,False,True
TXN04086,2025-03-16,09:50:22,737dbe1a,66,Male,PROD7231,Implemented asynchronous process improvement,Home & Kitchen,Bedding,180.17,4,0.0,720.68,E-Wallet,"Mooneyville, North Dakota",,False,False
TXN04087,2022-11-07,09:50:22,be33e0de,46,Male,PROD9964,Pre-emptive system-worthy hub,Sports,Cycling,31.6,2,0.0,63.2,Debit Card,"Hubbardfort, Michigan",1.6,False,False
TXN04088,2024-07-26,09:50:22,4d11dcff,65,Male,PROD2283,Self-enabling stable throughput,Electronics,Headphones,727.91,5,0.06,3421.18,Debit Card,"Davidton, Nevada",2.1,False,True
TXN04089,2024-05-20,09:50:22,039499cc,58,Female,PROD2595,Grass-roots systemic orchestration,Grocery,Snacks,22.25,2,0.0,44.5,Bank Transfer,"Robertberg, Kansas",3.5,False,True
TXN04090,2025-02-27,09:50:22,87888ebe,32,Male,PROD9862,Visionary tertiary service-desk,Home & Kitchen,Furniture,43.1,4,0.1,155.16,Debit Card,"Whiteland, Minnesota",,False,False
TXN04091,2022-05-27,09:50:22,e2efa049,68,Male,PROD9864,Realigned tertiary hierarchy,Clothing,Men,92.62,2,0.0,185.24,Bank Transfer,"Perezburgh, Illinois",3.3,False,False
TXN04092,2023-09-07,09:50:22,d1a0bd61,33,Female,PROD1125,Digitized context-sensitive leverage,Home & Kitchen,Decor,112.06,5,0.0,560.3,E-Wallet,"South Dorothystad, New Jersey",,False,False
TXN04093,2023-04-10,09:50:22,0fa57708,34,Female,PROD9339,Advanced asynchronous algorithm,Home & Kitchen,Appliances,135.51,5,0.0,677.55,E-Wallet,"West Robertland, New Hampshire",2.3,False,False
TXN04094,2025-03-23,09:50:22,d8894c08,69,Male,PROD9286,Profound attitude-oriented policy,Grocery,Snacks,54.7,4,0.06,205.67,Bank Transfer,"North Kaylaton, Tennessee",1.3,False,True
TXN04095,2023-02-17,09:50:22,2d5d24f1,59,Male,PROD2960,Down-sized static analyzer,Home & Kitchen,Bedding,47.76,5,0.1,214.92,Credit Card,"South Billytown, Colorado",,False,False
TXN04096,2024-11-04,09:50:22,24072893,55,Female,PROD5082,Switchable directional groupware,Health,Wellness,41.91,1,0.0,41.91,Credit Card,"South Kellyport, Kentucky",3.8,False,True
TXN04097,2023-03-28,09:50:22,5bea3923,21,Female,PROD5634,Devolved 24/7 customer loyalty,Sports,Fitness,18.2,4,0.0,72.8,Cash,"East Codyview, North Dakota",3.3,False,False
TXN04098,2023-05-07,09:50:22,e709eee1,59,Female,PROD2826,Customizable dynamic neural-net,Books,Fiction,27.36,5,0.19,110.81,Credit Card,"New Gwendolynview, Massachusetts",1.6,False,False
TXN04099,2023-03-01,09:50:22,6641cc00,21,Female,PROD2878,Business-focused radical Graphic Interface,Toys,Puzzles,31.45,2,0.0,62.9,E-Wallet,"Port Kari, Illinois",4.2,False,False
TXN04100,2025-01-20,09:50:22,d2b79e1e,65,Female,PROD8909,Stand-alone reciprocal conglomeration,Toys,Dolls,1.99,2,0.0,3.98,Credit Card,"South Luis, Tennessee",,False,True
TXN04101,2024-05-09,09:50:22,ce5ca131,56,Female,PROD3001,Exclusive fresh-thinking time-frame,Electronics,Laptops,344.23,4,0.0,1376.92,Debit Card,"North Jenniferberg, Pennsylvania",1.7,False,True
TXN04102,2022-07-27,09:50:22,b10cda6c,51,Male,PROD2943,Balanced systemic moderator,Automotive,Accessories,57.02,5,0.0,285.1,E-Wallet,"Port Michael, Kansas",1.9,False,False
TXN04103,2023-07-28,09:50:22,76a6cde7,70,Male,PROD3795,Secured multi-tasking challenge,Beauty,Fragrances,47.72,4,0.0,190.88,Cash,"Williamville, Iowa",,False,False
TXN04104,2025-01-28,09:50:22,c0c8221c,61,Male,PROD2612,Reverse-engineered transitional productivity,Clothing,Men,48.12,2,0.0,96.24,Credit Card,"East Krystalmouth, Massachusetts",4.8,False,False
TXN04105,2023-08-23,09:50:22,44048784,33,Female,PROD7507,Public-key optimal open system,Clothing,Men,57.29,1,0.0,57.29,Credit Card,"Karenborough, Mississippi",1.5,False,False
TXN04106,2022-09-11,09:50:22,d8ff9318,62,Male,PROD6514,Optional exuding strategy,Electronics,Smartphones,441.15,3,0.0,1323.45,Bank Transfer,"West Lisa, Texas",,False,False
TXN04107,2023-10-29,09:50:22,644598b9,53,Male,PROD8588,Diverse radical leverage,Toys,Educational,57.13,4,0.0,228.52,Debit Card,"Harryburgh, Arkansas",2.8,False,False
TXN04108,2024-05-31,09:50:22,2a602bb9,57,Male,PROD9712,Down-sized empowering budgetary management,Automotive,Parts,25.99,4,0.0,103.96,E-Wallet,"Williamville, Georgia",,False,False
TXN04109,2023-08-28,09:50:22,26eff1c0,48,Male,PROD1027,Face-to-face scalable strategy,Books,Fiction,34.64,3,0.0,103.92,Credit Card,"Port Ericaburgh, Arkansas",3.6,False,False
TXN04110,2022-08-01,09:50:22,6993a4ee,62,Female,PROD9375,Networked systemic open architecture,Home & Kitchen,Bedding,200.22,2,0.0,400.44,Debit Card,"Velazquezburgh, New Hampshire",,False,False
TXN04111,2023-07-03,09:50:22,6b5cdecd,52,Female,PROD3403,Switchable encompassing architecture,Clothing,Kids,26.68,2,0.24,40.55,Cash,"Amyside, Illinois",2.5,False,False
TXN04112,2025-03-31,09:50:22,4a4c97e4,55,Female,PROD7877,Switchable bandwidth-monitored hub,Grocery,Canned Goods,61.18,5,0.0,305.9,Credit Card,"New Anthonymouth, Virginia",,False,False
TXN04113,2024-05-14,09:50:22,20107169,23,Male,PROD4245,Horizontal interactive implementation,Grocery,Beverages,1.99,3,0.0,5.97,Credit Card,"West Michael, Texas",2.0,False,True
TXN04114,2024-07-08,09:50:22,7b77c65c,53,Female,PROD7779,Automated asynchronous knowledge user,Books,Educational,62.59,4,0.05,237.84,Credit Card,"New Davidborough, Tennessee",2.6,False,False
TXN04115,2024-12-22,09:50:22,0502771e,50,Male,PROD9758,Team-oriented 24/7 complexity,Home & Kitchen,Furniture,93.91,5,0.0,469.55,Debit Card,"East William, Pennsylvania",,False,False
TXN04116,2024-11-22,09:50:22,c8174a25,46,Male,PROD6064,Re-contextualized bi-directional policy,Home & Kitchen,Appliances,103.01,3,0.0,309.03,Cash,"Traceytown, Oklahoma",1.2,False,False
TXN04117,2022-08-09,09:50:22,4110fdb2,27,Male,PROD2218,Pre-emptive web-enabled access,Clothing,Women,1.99,5,0.0,9.95,Debit Card,"Henryborough, Florida",3.6,False,False
TXN04118,2022-07-26,09:50:22,6e94a506,30,Male,PROD1468,Fully-configurable full-range capacity,Beauty,Tools,20.9,3,0.0,62.7,E-Wallet,"Lake Gabriella, Utah",,False,True
TXN04119,2024-02-28,09:50:22,2f197fb2,24,Female,PROD4530,Front-line bifurcated software,Toys,Educational,9.2,5,0.0,46.0,Debit Card,"Lake Jesseside, Michigan",,False,False
TXN04120,2022-12-03,09:50:22,c900e137,70,Male,PROD7824,Profit-focused upward-trending superstructure,Beauty,Skincare,17.85,3,0.0,53.55,Cash,"Johnnyville, Georgia",,False,False
TXN04121,2025-04-07,09:50:22,e307af89,47,Male,PROD6491,Networked even-keeled architecture,Toys,Games,27.25,1,0.0,27.25,Cash,"Port Biancaville, Pennsylvania",2.6,False,False
TXN04122,2023-11-17,09:50:22,d0a7be3f,62,Female,PROD9625,Monitored leadingedge access,Clothing,Men,78.73,1,0.28,56.69,Credit Card,"Kimberlyton, Idaho",,False,True
TXN04123,2023-10-27,09:50:22,7e281940,29,Female,PROD6555,Assimilated didactic emulation,Sports,Cycling,34.15,4,0.0,136.6,Bank Transfer,"New Jane, North Dakota",4.2,False,False
TXN04124,2023-04-27,09:50:22,15f16783,52,Male,PROD9449,Programmable directional framework,Clothing,Kids,59.23,1,0.0,59.23,Debit Card,"Ewinghaven, Minnesota",1.8,False,False
TXN04125,2024-06-15,09:50:22,07e47ca3,28,Female,PROD9850,Advanced scalable definition,Automotive,Accessories,8.09,1,0.0,8.09,Debit Card,"Branchview, Vermont",,False,True
TXN04126,2024-06-19,09:50:22,52178298,18,Male,PROD5596,Extended multimedia concept,Clothing,Men,23.58,1,0.0,23.58,Debit Card,"Davisside, Oklahoma",,True,True
TXN04127,2024-05-23,09:50:22,705b1d81,24,Female,PROD1694,Phased 4thgeneration product,Toys,Games,65.97,5,0.0,329.85,Bank Transfer,"Port Kaitlyn, Maine",,False,False
TXN04128,2022-10-12,09:50:22,e39073bb,57,Female,PROD1922,Advanced holistic emulation,Electronics,Laptops,352.96,3,0.0,1058.88,E-Wallet,"Yatesbury, Minnesota",,False,False
TXN04129,2025-03-29,09:50:22,948cf9ef,67,Male,PROD9459,Persevering content-based emulation,Health,Wellness,63.12,1,0.0,63.12,Debit Card,"New Stevenfort, Massachusetts",,False,False
TXN04130,2023-10-03,09:50:22,6dbc06ef,55,Female,PROD2302,Expanded maximized synergy,Toys,Games,25.14,5,0.0,125.7,Debit Card,"Lake Douglas, Washington",2.5,False,True
TXN04131,2024-06-14,09:50:22,888f5aa0,63,Female,PROD3947,Enhanced directional service-desk,Books,Educational,30.05,1,0.0,30.05,E-Wallet,"North Dylanland, North Dakota",2.3,False,False
TXN04132,2023-08-05,09:50:22,386e5e88,60,Female,PROD2577,Upgradable discrete hardware,Sports,Team Sports,51.41,5,0.0,257.05,E-Wallet,"Lopeztown, Colorado",,False,True
TXN04133,2025-03-28,09:50:22,5dc89dfd,39,Female,PROD1670,Managed logistical array,Home & Kitchen,Decor,209.03,4,0.06,785.95,Bank Transfer,"Stephenland, Mississippi",4.2,False,True
TXN04134,2024-08-14,09:50:22,367a42ef,46,Female,PROD1409,Realigned 24hour contingency,Beauty,Tools,27.78,1,0.0,27.78,Bank Transfer,"Christinaview, Indiana",3.1,False,False
TXN04135,2024-04-27,09:50:22,5c15adeb,63,Male,PROD5895,Down-sized zero administration methodology,Clothing,Accessories,38.35,2,0.0,76.7,Credit Card,"Grosston, Wisconsin",2.8,False,True
TXN04136,2024-04-11,09:50:22,dcf8e89a,53,Male,PROD9942,Stand-alone encompassing artificial intelligence,Grocery,Canned Goods,28.88,5,0.0,144.4,Bank Transfer,"Port Christopher, Arizona",,False,False
TXN04137,2025-01-27,09:50:22,54287db3,61,Male,PROD6860,Universal intermediate algorithm,Beauty,Skincare,36.76,3,0.0,110.28,Cash,"East Angelashire, Alabama",2.9,False,False
TXN04138,2025-01-17,09:50:22,20ac4710,21,Male,PROD4963,Automated web-enabled intranet,Home & Kitchen,Appliances,182.39,4,0.0,729.56,E-Wallet,"Carrfurt, Virginia",,False,False
TXN04139,2022-05-19,09:50:22,183a6ac3,22,Male,PROD6273,Distributed radical interface,Beauty,Fragrances,30.08,5,0.0,150.4,Debit Card,"Thompsonstad, Alaska",,False,False
TXN04140,2025-02-26,09:50:22,a093c653,54,Male,PROD2244,Total user-facing concept,Automotive,Car Care,42.38,1,0.0,42.38,Debit Card,"Johnsonborough, Arizona",1.2,False,False
TXN04141,2023-02-14,09:50:22,383f4f03,56,Female,PROD2934,Compatible empowering portal,Health,Wellness,62.77,3,0.0,188.31,E-Wallet,"Adamsfort, Nebraska",,False,True
TXN04142,2024-10-22,09:50:22,eda6b1c0,64,Male,PROD3334,Digitized composite structure,Sports,Yoga,37.63,2,0.0,75.26,E-Wallet,"Johnsonville, Louisiana",,False,False
TXN04143,2023-04-10,09:50:22,3e33d349,40,Female,PROD7262,Programmable analyzing superstructure,Health,Medical,36.23,3,0.25,81.52,Cash,"Bautistaview, Maryland",,False,True
TXN04144,2023-08-20,09:50:22,9e1e437b,19,Male,PROD2861,Managed logistical firmware,Sports,Yoga,1.99,2,0.0,3.98,E-Wallet,"Jacksonmouth, Massachusetts",,False,False
TXN04145,2022-10-10,09:50:22,d52fa4ea,19,Male,PROD4716,Synchronized multi-tasking neural-net,Home & Kitchen,Bedding,1.99,2,0.0,3.98,Credit Card,"North Joanntown, Oregon",2.3,False,False
TXN04146,2025-03-24,09:50:22,41a78b9e,51,Male,PROD3306,Persevering high-level productivity,Electronics,Headphones,577.68,2,0.26,854.97,Debit Card,"Jonesburgh, Kentucky",4.6,False,False
TXN04147,2023-12-02,09:50:22,c5fd3aaa,42,Female,PROD4350,Adaptive well-modulated architecture,Books,Children,28.1,4,0.0,112.4,Bank Transfer,"Janicemouth, West Virginia",4.7,False,True
TXN04148,2023-07-13,09:50:22,65836323,49,Female,PROD6881,Exclusive static intranet,Beauty,Tools,19.7,3,0.21,46.69,Bank Transfer,"West Michelleborough, Missouri",,False,False
TXN04149,2023-03-09,09:50:22,7cb724fa,70,Female,PROD7007,User-friendly responsive archive,Beauty,Fragrances,34.87,3,0.0,104.61,E-Wallet,"Cliffordfurt, New Hampshire",3.2,False,False
TXN04150,2023-05-23,09:50:22,b7058b3b,59,Female,PROD2494,Mandatory eco-centric extranet,Home & Kitchen,Cookware,115.77,2,0.0,231.54,Debit Card,"Port Susan, North Carolina",,False,True
TXN04151,2023-03-24,09:50:22,6722e6c3,51,Female,PROD4940,Enterprise-wide reciprocal neural-net,Automotive,Car Care,52.56,2,0.0,105.12,Credit Card,"South Jessicaville, Mississippi",3.2,False,False
TXN04152,2024-05-16,09:50:22,eff37f44,44,Male,PROD8303,Up-sized logistical application,Beauty,Haircare,31.72,5,0.0,158.6,E-Wallet,"Perezchester, Ohio",2.8,False,True
TXN04153,2023-01-03,09:50:22,6309d86d,49,Female,PROD7851,Profit-focused radical leverage,Electronics,Laptops,350.62,1,0.0,350.62,E-Wallet,"Port Marilyn, South Dakota",,False,False
TXN04154,2023-08-20,09:50:22,020fa945,64,Male,PROD1150,Integrated uniform Graphic Interface,Automotive,Electronics,49.8,5,0.0,249.0,E-Wallet,"North Lisa, Maryland",3.7,False,False
TXN04155,2024-09-01,09:50:22,f9c08683,43,Male,PROD5290,Automated full-range Graphic Interface,Sports,Yoga,25.66,5,0.0,128.3,E-Wallet,"Port Michael, Rhode Island",,False,False
TXN04156,2024-03-12,09:50:22,5f26d00f,22,Female,PROD2175,Self-enabling didactic hub,Automotive,Car Care,40.53,3,0.0,121.59,Cash,"East Jonathanton, Minnesota",,False,True
TXN04157,2022-12-24,09:50:22,0ccf0817,60,Female,PROD6159,Universal discrete strategy,Automotive,Accessories,20.45,5,0.0,102.25,E-Wallet,"West Lindaville, California",3.5,False,False
TXN04158,2025-01-16,09:50:22,4f4f1701,54,Male,PROD7795,Switchable regional capacity,Beauty,Fragrances,17.0,4,0.0,68.0,Credit Card,"Perrybury, Wisconsin",3.0,False,True
TXN04159,2025-01-10,09:50:22,a6073c79,41,Female,PROD3526,Fundamental executive middleware,Sports,Team Sports,31.68,2,0.13,55.12,Debit Card,"Port Wesley, South Carolina",2.1,False,False
TXN04160,2025-01-11,09:50:22,69af18dd,42,Male,PROD3286,Upgradable fault-tolerant Internet solution,Health,Medical,30.26,4,0.0,121.04,Debit Card,"South Pamela, North Dakota",,True,False
TXN04161,2023-07-11,09:50:22,555535ba,23,Female,PROD9500,Front-line tertiary moratorium,Home & Kitchen,Decor,153.59,1,0.21,121.34,Bank Transfer,"West Keithtown, Florida",,False,False
TXN04162,2023-04-01,09:50:22,327d6d82,41,Female,PROD8960,Monitored web-enabled neural-net,Automotive,Parts,24.63,4,0.0,98.52,Cash,"Camposchester, New York",4.3,False,False
TXN04163,2024-08-24,09:50:22,a377a0ac,53,Male,PROD7813,Reactive local project,Grocery,Beverages,1.99,5,0.27,7.26,Credit Card,"Lake Richardton, Montana",,False,False
TXN04164,2022-06-20,09:50:22,0cf53e33,51,Female,PROD7390,Stand-alone maximized instruction set,Beauty,Tools,21.34,5,0.0,106.7,Bank Transfer,"North Monica, Washington",,False,False
TXN04165,2023-09-17,09:50:22,4b63a181,66,Female,PROD7995,Robust zero administration pricing structure,Books,Non-Fiction,45.88,2,0.0,91.76,E-Wallet,"Sarahburgh, Arkansas",4.6,False,True
TXN04166,2022-08-02,09:50:22,b3835975,57,Female,PROD6696,Realigned even-keeled website,Grocery,Dairy,24.05,1,0.0,24.05,Cash,"Escobarmouth, Alabama",4.7,False,False
TXN04167,2023-01-22,09:50:22,e8a7cadb,51,Male,PROD1895,Configurable local protocol,Electronics,Cameras,450.72,1,0.0,450.72,Credit Card,"Vaughnview, Vermont",3.3,False,True
TXN04168,2023-03-31,09:50:22,8ca7ffaa,29,Female,PROD5389,Centralized optimal pricing structure,Toys,Games,49.73,4,0.0,198.92,Cash,"Port Monica, Wyoming",3.0,False,False
TXN04169,2023-02-05,09:50:22,44b4b00c,55,Male,PROD8512,Object-based bi-directional focus group,Grocery,Snacks,15.76,2,0.0,31.52,Cash,"Diazbury, Kansas",,False,True
TXN04170,2025-03-20,09:50:22,c939b561,29,Male,PROD6590,Customizable secondary database,Health,Vitamins,1.99,5,0.0,9.95,Credit Card,"West Todd, Arizona",,False,False
TXN04171,2022-07-25,09:50:22,a8a08358,36,Male,PROD7352,Seamless solution-oriented parallelism,Automotive,Parts,26.79,1,0.0,26.79,Bank Transfer,"Schmittborough, South Dakota",2.1,False,True
TXN04172,2023-03-02,09:50:22,0354820d,22,Male,PROD1757,Polarized optimal Graphic Interface,Grocery,Dairy,20.32,1,0.18,16.66,E-Wallet,"Coltonview, Virginia",3.0,False,True
TXN04173,2022-08-28,09:50:22,1374dfec,33,Male,PROD7982,Decentralized neutral contingency,Toys,Action Figures,10.68,4,0.0,42.72,E-Wallet,"Angelaberg, Tennessee",3.0,False,True
TXN04174,2023-04-11,09:50:22,2fb0fade,70,Male,PROD3299,Innovative solution-oriented concept,Automotive,Parts,26.49,4,0.0,105.96,Debit Card,"Jessicaside, California",,False,True
TXN04175,2023-10-16,09:50:22,0a0bcb80,33,Male,PROD6824,Up-sized even-keeled pricing structure,Sports,Team Sports,39.83,2,0.0,79.66,E-Wallet,"West Cassandra, Maryland",4.8,False,False
TXN04176,2023-05-09,09:50:22,2c9058ac,52,Male,PROD3270,Streamlined even-keeled definition,Clothing,Accessories,49.72,4,0.0,198.88,Cash,"Port Robert, Illinois",4.0,False,True
TXN04177,2025-03-29,09:50:22,61755bc8,65,Male,PROD4375,Robust static flexibility,Home & Kitchen,Furniture,141.49,2,0.0,282.98,Cash,"Charlesmouth, Mississippi",,True,False
TXN04178,2024-08-13,09:50:22,ef18653a,46,Male,PROD8491,Enhanced non-volatile concept,Beauty,Skincare,66.27,2,0.0,132.54,Cash,"Scottview, South Dakota",2.9,False,False
TXN04179,2022-06-13,09:50:22,cddac7cd,38,Female,PROD2137,Managed attitude-oriented superstructure,Home & Kitchen,Cookware,96.0,3,0.0,288.0,Cash,"Reyesville, Alaska",2.2,False,False
TXN04180,2023-12-07,09:50:22,ce3bf675,26,Female,PROD3577,Realigned solution-oriented artificial intelligence,Sports,Yoga,35.57,5,0.0,177.85,Debit Card,"East Katherine, Utah",,False,True
TXN04181,2022-10-28,09:50:22,d79b94f8,41,Male,PROD2630,Future-proofed maximized conglomeration,Health,First Aid,19.82,2,0.0,39.64,Cash,"West Brandon, Oklahoma",4.9,False,False
TXN04182,2023-07-23,09:50:22,bdda99f2,26,Female,PROD4119,Proactive executive knowledgebase,Electronics,Laptops,330.73,3,0.0,992.19,Cash,"East Jenniferchester, Alaska",3.0,False,False
TXN04183,2024-11-10,09:50:22,39c1c1d2,42,Female,PROD4018,Customizable human-resource projection,Books,Children,18.3,1,0.0,18.3,E-Wallet,"Jenniferchester, Tennessee",,False,True
TXN04184,2024-12-26,09:50:22,4b50d633,49,Male,PROD8122,Proactive empowering portal,Grocery,Bakery,20.42,4,0.0,81.68,Bank Transfer,"Madisontown, Missouri",,False,False
TXN04185,2025-01-16,09:50:22,d6ba1593,64,Male,PROD7630,Implemented maximized interface,Beauty,Tools,37.19,4,0.21,117.52,Cash,"Browningmouth, Iowa",,False,False
TXN04186,2023-04-20,09:50:22,959def50,29,Male,PROD2266,Ameliorated user-facing middleware,Grocery,Beverages,76.98,3,0.0,230.94,Debit Card,"Danielton, Vermont",,False,False
TXN04187,2023-07-29,09:50:22,77eca14e,29,Male,PROD1902,Phased content-based knowledgebase,Automotive,Car Care,15.68,1,0.0,15.68,Credit Card,"North Bryan, Tennessee",,False,True
TXN04188,2024-08-24,09:50:22,1b3d8d70,67,Male,PROD9669,Progressive 24hour application,Home & Kitchen,Furniture,90.84,5,0.0,454.2,Bank Transfer,"North Davidtown, New Hampshire",3.9,False,True
TXN04189,2023-02-22,09:50:22,19b39491,23,Female,PROD8703,De-engineered client-driven alliance,Toys,Educational,28.74,1,0.0,28.74,Credit Card,"Blairmouth, North Dakota",,False,True
TXN04190,2023-05-13,09:50:22,a4fb8731,30,Male,PROD7425,Cloned reciprocal functionalities,Books,Children,37.92,5,0.0,189.6,Credit Card,"Kylefort, Kansas",4.1,False,True
TXN04191,2025-03-17,09:50:22,06f87b79,67,Male,PROD3995,Re-contextualized multi-state firmware,Toys,Puzzles,35.27,5,0.0,176.35,Bank Transfer,"North John, Hawaii",2.5,False,False
TXN04192,2023-10-29,09:50:22,8b32dba4,39,Male,PROD7453,Profound encompassing installation,Clothing,Shoes,88.52,1,0.0,88.52,Cash,"Jamesside, North Carolina",1.2,False,False
TXN04193,2023-04-14,09:50:22,ee30f742,23,Female,PROD5213,Synchronized asynchronous toolset,Home & Kitchen,Decor,1.99,1,0.0,1.99,Cash,"Port Corey, Massachusetts",1.6,False,False
TXN04194,2024-04-06,09:50:22,9e544bef,67,Female,PROD7745,Enterprise-wide even-keeled task-force,Sports,Yoga,1.99,3,0.0,5.97,E-Wallet,"Lake Natalie, Illinois",2.5,False,False
TXN04195,2024-11-19,09:50:22,a453cca2,62,Male,PROD4468,Persistent discrete concept,Beauty,Makeup,20.08,5,0.0,100.4,Credit Card,"Adamstad, Georgia",,False,False
TXN04196,2022-09-23,09:50:22,ffb7ce55,66,Female,PROD4936,Business-focused responsive hub,Beauty,Makeup,51.95,4,0.0,207.8,E-Wallet,"Andersonberg, South Dakota",,False,True
TXN04197,2023-08-19,09:50:22,7b39ec07,48,Female,PROD3694,Virtual 24hour migration,Home & Kitchen,Appliances,10.4,3,0.0,31.2,Bank Transfer,"West Katiebury, Mississippi",,False,True
TXN04198,2024-06-18,09:50:22,e3d87ce3,48,Female,PROD7633,Realigned transitional methodology,Grocery,Beverages,1.99,3,0.0,5.97,Credit Card,"West Rebeccashire, Idaho",,False,False
TXN04199,2024-07-03,09:50:22,39e685ef,56,Male,PROD3008,Adaptive holistic paradigm,Toys,Educational,41.42,1,0.21,32.72,Credit Card,"Cassandrahaven, Wisconsin",1.1,False,False
TXN04200,2023-01-31,09:50:22,9f18dc6b,37,Male,PROD5672,Open-source interactive Graphic Interface,Beauty,Fragrances,34.87,5,0.0,174.35,Bank Transfer,"Lake Bradleychester, Florida",,False,False
TXN04201,2022-12-14,09:50:22,1a1c144c,59,Male,PROD9247,Business-focused client-server architecture,Health,First Aid,8.2,2,0.13,14.27,Cash,"Bakerton, Colorado",,False,False
TXN04202,2022-06-08,09:50:22,7ece74a0,65,Male,PROD4155,Operative maximized project,Sports,Yoga,10.29,3,0.22,24.08,Credit Card,"Nguyenton, Georgia",,False,False
TXN04203,2023-06-24,09:50:22,1087ede3,19,Male,PROD4244,Horizontal scalable open system,Automotive,Parts,10.61,3,0.0,31.83,Bank Transfer,"Nicholasstad, North Dakota",4.7,False,True
TXN04204,2025-04-10,09:50:22,3a67d352,57,Male,PROD3635,Pre-emptive non-volatile complexity,Automotive,Parts,32.21,3,0.0,96.63,Bank Transfer,"Christopherhaven, Missouri",,False,False
TXN04205,2025-03-03,09:50:22,3a39d4c8,60,Male,PROD2094,Automated local knowledgebase,Sports,Yoga,17.47,1,0.27,12.75,E-Wallet,"Robinsonhaven, Alaska",2.0,True,False
TXN04206,2024-09-11,09:50:22,77b26eec,48,Male,PROD2294,Exclusive 4thgeneration circuit,Toys,Action Figures,39.88,3,0.0,119.64,Bank Transfer,"Lake Scottstad, Florida",,False,False
TXN04207,2023-03-08,09:50:22,32bcb39e,45,Male,PROD5926,User-friendly multi-tasking hardware,Toys,Dolls,1.99,4,0.0,7.96,E-Wallet,"West Wayneberg, Montana",,False,False
TXN04208,2022-11-19,09:50:22,cd7f836a,23,Male,PROD3124,Cloned fresh-thinking function,Toys,Action Figures,12.86,5,0.0,64.3,E-Wallet,"South Brenda, Florida",,False,False
TXN04209,2023-05-04,09:50:22,16d961c8,19,Female,PROD6271,Re-contextualized cohesive groupware,Books,Children,7.48,5,0.0,37.4,Debit Card,"Wellsmouth, Indiana",,False,True
TXN04210,2025-01-04,09:50:22,f7ba9ff7,50,Female,PROD2547,Advanced bi-directional policy,Toys,Dolls,24.87,1,0.0,24.87,Bank Transfer,"West Russellbury, Hawaii",,False,False
TXN04211,2022-07-24,09:50:22,67799fe6,60,Female,PROD7259,Digitized multimedia middleware,Books,Children,19.24,4,0.0,76.96,Debit Card,"Lake David, Wyoming",2.0,False,False
TXN04212,2025-04-28,09:50:22,fd9a5d31,39,Female,PROD9662,Extended grid-enabled contingency,Home & Kitchen,Appliances,175.85,1,0.0,175.85,Bank Transfer,"Williamport, West Virginia",,False,True
TXN04213,2025-03-01,09:50:22,365c7efa,43,Male,PROD5160,Total zero-defect adapter,Grocery,Canned Goods,1.99,5,0.23,7.66,Bank Transfer,"Campbellhaven, North Carolina",4.1,False,False
TXN04214,2023-01-01,09:50:22,f8cce3f3,23,Male,PROD8219,Up-sized modular service-desk,Electronics,Cameras,509.1,5,0.0,2545.5,Debit Card,"New Jeffrey, South Carolina",,False,True
TXN04215,2022-11-12,09:50:22,924fff8e,26,Male,PROD2457,Multi-lateral bandwidth-monitored product,Books,Educational,41.17,5,0.0,205.85,Cash,"Garnershire, Arkansas",,False,False
TXN04216,2025-01-17,09:50:22,3dfd3355,32,Female,PROD2082,Face-to-face global time-frame,Books,Educational,67.13,1,0.11,59.75,Credit Card,"North Jessica, Indiana",1.7,False,False
TXN04217,2023-01-27,09:50:22,ea4030ca,19,Male,PROD1463,Mandatory logistical protocol,Beauty,Skincare,20.36,4,0.0,81.44,Credit Card,"Caseychester, Pennsylvania",,False,False
TXN04218,2022-05-08,09:50:22,0fe2106e,70,Male,PROD5182,Reactive 5thgeneration task-force,Clothing,Women,59.73,2,0.26,88.4,Debit Card,"West Josephshire, Rhode Island",3.9,False,True
TXN04219,2024-10-05,09:50:22,a7f97da6,55,Male,PROD8636,Re-engineered dynamic application,Grocery,Bakery,1.99,2,0.22,3.1,Bank Transfer,"Kellymouth, New York",,False,False
TXN04220,2025-04-09,09:50:22,305d07a7,42,Male,PROD9482,Self-enabling actuating methodology,Beauty,Haircare,1.99,2,0.0,3.98,E-Wallet,"Mariahmouth, Oregon",4.8,False,False
TXN04221,2024-09-13,09:50:22,e5808ed1,31,Female,PROD6378,Compatible regional superstructure,Beauty,Fragrances,46.9,5,0.0,234.5,Credit Card,"Williamsport, Oregon",,False,False
TXN04222,2024-06-02,09:50:22,ff22656e,50,Male,PROD4650,Inverse reciprocal synergy,Books,Fiction,29.89,5,0.18,122.55,Credit Card,"North Theresaborough, Vermont",,False,False
TXN04223,2022-08-02,09:50:22,383fc17b,26,Female,PROD7605,Cross-group non-volatile intranet,Toys,Games,53.57,4,0.17,177.85,Bank Transfer,"New Danielle, Wyoming",,False,False
TXN04224,2025-04-25,09:50:22,98d8175b,46,Male,PROD9230,Innovative didactic data-warehouse,Clothing,Shoes,8.8,5,0.0,44.0,Debit Card,"New James, Utah",3.9,False,False
TXN04225,2024-09-30,09:50:22,091b413c,41,Female,PROD8246,Operative multi-state time-frame,Toys,Games,40.4,4,0.0,161.6,Cash,"Rebeccaview, North Dakota",4.7,False,False
TXN04226,2023-08-18,09:50:22,e3b470a4,38,Male,PROD7741,Customizable asymmetric moratorium,Books,Educational,67.38,4,0.0,269.52,Bank Transfer,"Jenniferchester, Nebraska",1.1,False,True
TXN04227,2025-01-17,09:50:22,2694de9e,47,Female,PROD2529,Streamlined fault-tolerant emulation,Grocery,Dairy,38.39,2,0.0,76.78,Debit Card,"West Zachary, Louisiana",3.3,False,False
TXN04228,2024-06-24,09:50:22,3c8eee6e,33,Female,PROD5284,Vision-oriented full-range functionalities,Toys,Educational,35.53,5,0.0,177.65,Cash,"Jonport, Missouri",2.8,False,True
TXN04229,2024-04-22,09:50:22,c0f33551,31,Male,PROD6443,De-engineered holistic approach,Sports,Outdoor,30.17,1,0.0,30.17,Debit Card,"Port Willieton, Ohio",,False,False
TXN04230,2022-11-22,09:50:22,9fa35ae7,28,Male,PROD6677,Organic human-resource ability,Automotive,Electronics,1.99,2,0.0,3.98,Bank Transfer,"Nicolebury, Delaware",,False,False
TXN04231,2024-09-23,09:50:22,3b16baf7,49,Male,PROD8186,Proactive non-volatile data-warehouse,Books,Educational,57.11,5,0.0,285.55,Credit Card,"West Lisa, Texas",,False,False
TXN04232,2023-02-04,09:50:22,1ac26481,40,Female,PROD4683,Enhanced global function,Clothing,Accessories,31.67,1,0.0,31.67,Debit Card,"Stephensburgh, Tennessee",,False,True
TXN04233,2023-10-09,09:50:22,433ec60c,52,Female,PROD8995,Total attitude-oriented success,Clothing,Accessories,65.13,4,0.0,260.52,E-Wallet,"Penningtonberg, Kansas",1.0,False,False
TXN04234,2025-01-07,09:50:22,779e16f7,33,Female,PROD4310,Advanced reciprocal leverage,Home & Kitchen,Cookware,10.59,5,0.0,52.95,Cash,"Sarahborough, Maryland",4.3,False,False
TXN04235,2023-08-25,09:50:22,03b4d4d3,35,Male,PROD9281,Inverse impactful budgetary management,Electronics,Cameras,264.11,3,0.28,570.48,E-Wallet,"East Debra, South Dakota",,False,True
TXN04236,2022-10-24,09:50:22,a9c6f9b1,41,Female,PROD7944,Distributed multi-state service-desk,Books,Fiction,58.7,1,0.0,58.7,Debit Card,"North David, Montana",,False,True
TXN04237,2023-12-07,09:50:22,a417f9e9,68,Female,PROD3600,Organized holistic model,Health,Vitamins,23.05,5,0.0,115.25,E-Wallet,"Christinachester, Wyoming",1.4,False,True
TXN04238,2024-08-19,09:50:22,df9c4486,33,Male,PROD7514,Visionary bottom-line collaboration,Clothing,Accessories,93.6,5,0.0,468.0,Credit Card,"New Sharon, Minnesota",,True,True
TXN04239,2023-10-15,09:50:22,de415973,23,Female,PROD5206,Profound incremental flexibility,Beauty,Fragrances,28.44,1,0.0,28.44,Credit Card,"East Cynthiatown, Idaho",2.9,False,True
TXN04240,2023-05-28,09:50:22,8459c609,39,Female,PROD2228,Managed national initiative,Sports,Team Sports,1.99,3,0.0,5.97,Debit Card,"Shepherdmouth, Colorado",,False,False
TXN04241,2022-05-17,09:50:22,d214acb7,62,Male,PROD7256,Compatible high-level initiative,Beauty,Tools,47.84,1,0.0,47.84,E-Wallet,"South Kimberlyhaven, New Hampshire",,False,False
TXN04242,2022-05-20,09:50:22,618e1e69,34,Male,PROD6334,Ergonomic transitional standardization,Beauty,Tools,18.2,4,0.0,72.8,Credit Card,"Padillamouth, Illinois",2.8,False,False
TXN04243,2025-04-10,09:50:22,2d8cce21,69,Female,PROD8129,Phased tertiary application,Electronics,Smartphones,639.74,5,0.14,2750.88,E-Wallet,"West Paul, New Mexico",,False,False
TXN04244,2023-01-02,09:50:22,10851bdc,68,Female,PROD3452,Optimized scalable service-desk,Books,Educational,30.5,5,0.0,152.5,Debit Card,"West Ricardohaven, New Jersey",2.1,False,False
TXN04245,2025-04-04,09:50:22,b14f9415,31,Female,PROD1401,Customizable global neural-net,Automotive,Car Care,1.99,3,0.0,5.97,Credit Card,"Wardhaven, Rhode Island",3.7,False,False
TXN04246,2022-05-20,09:50:22,775af971,31,Male,PROD5218,Function-based modular budgetary management,Grocery,Canned Goods,33.29,1,0.0,33.29,Cash,"Lake Charles, Colorado",1.2,False,False
TXN04247,2024-06-12,09:50:22,efd02100,57,Male,PROD3833,Profit-focused high-level definition,Clothing,Women,115.89,2,0.0,231.78,Credit Card,"Flynnberg, Alabama",1.2,False,False
TXN04248,2023-06-30,09:50:22,50e6ec6f,54,Male,PROD1281,Secured attitude-oriented knowledgebase,Beauty,Makeup,39.86,5,0.0,199.3,E-Wallet,"New Jameschester, Maryland",,False,False
TXN04249,2024-02-11,09:50:22,d3810c4b,26,Female,PROD4604,Multi-channeled discrete instruction set,Clothing,Shoes,48.27,2,0.0,96.54,Debit Card,"North Tiffanybury, North Carolina",3.6,False,False
TXN04250,2024-08-20,09:50:22,f13858d2,54,Male,PROD3293,Expanded tertiary info-mediaries,Sports,Yoga,51.51,1,0.22,40.18,Bank Transfer,"Kathleenfort, New Jersey",1.7,False,False
TXN04251,2024-05-16,09:50:22,4247a825,50,Male,PROD3784,Universal stable groupware,Grocery,Snacks,34.21,1,0.0,34.21,Debit Card,"Rachelbury, Indiana",,False,True
TXN04252,2022-12-10,09:50:22,1e422b4c,18,Female,PROD2398,Cross-group demand-driven productivity,Books,Cookbooks,34.19,1,0.0,34.19,E-Wallet,"South Lisa, Rhode Island",1.5,False,True
TXN04253,2023-03-18,09:50:22,94806113,64,Male,PROD6920,Integrated solution-oriented process improvement,Home & Kitchen,Appliances,43.59,2,0.0,87.18,Cash,"East Robertport, Mississippi",,False,False
TXN04254,2024-09-24,09:50:22,b7055c06,40,Male,PROD5467,Horizontal optimizing policy,Grocery,Canned Goods,34.68,4,0.24,105.43,E-Wallet,"New Elizabeth, Illinois",3.9,False,False
TXN04255,2023-10-07,09:50:22,e763207c,53,Male,PROD9713,Realigned explicit complexity,Electronics,Cameras,707.09,3,0.25,1590.95,E-Wallet,"Christineville, Florida",1.4,False,False
TXN04256,2023-10-23,09:50:22,aa998c01,43,Male,PROD7150,Automated foreground system engine,Clothing,Accessories,24.92,2,0.0,49.84,E-Wallet,"West Johnhaven, Maryland",,False,False
TXN04257,2024-09-19,09:50:22,96bbda6f,32,Male,PROD3660,Object-based secondary solution,Grocery,Bakery,58.49,4,0.0,233.96,Cash,"Larashire, Colorado",3.6,False,True
TXN04258,2024-05-23,09:50:22,3ae59ed7,43,Male,PROD3597,User-centric uniform conglomeration,Home & Kitchen,Cookware,113.58,2,0.0,227.16,Debit Card,"Seanville, South Carolina",,False,True
TXN04259,2023-11-21,09:50:22,28ab324b,57,Male,PROD5546,Persevering modular Graphic Interface,Sports,Outdoor,12.24,5,0.0,61.2,Bank Transfer,"East Carolyn, Colorado",2.1,False,True
TXN04260,2024-07-27,09:50:22,e39cece0,40,Female,PROD5907,Public-key radical secured line,Clothing,Shoes,79.93,4,0.0,319.72,Cash,"Amandabury, Ohio",,False,True
TXN04261,2023-06-27,09:50:22,a2625c40,35,Female,PROD5401,Right-sized logistical open architecture,Sports,Outdoor,24.26,3,0.0,72.78,Bank Transfer,"Mosstown, New Jersey",,False,False
TXN04262,2024-08-29,09:50:22,10e75767,66,Female,PROD8910,Object-based tertiary concept,Beauty,Haircare,45.19,1,0.0,45.19,Bank Transfer,"Laurenmouth, Georgia",,False,False
TXN04263,2025-01-18,09:50:22,b211e6ab,45,Female,PROD3915,Ameliorated incremental hardware,Books,Non-Fiction,24.16,5,0.0,120.8,Cash,"East Michaelton, North Carolina",,False,False
TXN04264,2023-05-07,09:50:22,53774691,34,Female,PROD9977,Monitored directional product,Clothing,Shoes,48.21,2,0.13,83.89,E-Wallet,"Port Jenniferview, South Carolina",,False,True
TXN04265,2024-06-02,09:50:22,9be8dc06,51,Male,PROD1095,Reverse-engineered tertiary moderator,Automotive,Parts,39.87,5,0.0,199.35,E-Wallet,"South Jack, Texas",,False,False
TXN04266,2025-01-20,09:50:22,acd445fe,59,Male,PROD9217,Streamlined 6thgeneration attitude,Home & Kitchen,Furniture,140.36,5,0.0,701.8,Bank Transfer,"Phillipsborough, Nebraska",1.7,False,True
TXN04267,2023-10-07,09:50:22,52aaf536,67,Male,PROD4203,Configurable 6thgeneration open architecture,Electronics,Cameras,100.89,2,0.0,201.78,Credit Card,"South Angelfurt, Florida",1.0,False,False
TXN04268,2024-01-24,09:50:22,30c92b71,55,Male,PROD3744,Reverse-engineered hybrid encoding,Books,Cookbooks,7.58,1,0.0,7.58,Debit Card,"Wyatttown, Kentucky",,False,True
TXN04269,2024-04-10,09:50:22,c864844a,54,Male,PROD6455,Phased executive extranet,Home & Kitchen,Appliances,185.06,4,0.0,740.24,Debit Card,"Petersenside, Arkansas",4.4,False,False
TXN04270,2024-07-29,09:50:22,ed9f4d96,37,Male,PROD1072,Expanded local solution,Beauty,Makeup,27.36,2,0.0,54.72,Credit Card,"Alfredfurt, Rhode Island",,False,False
TXN04271,2023-02-12,09:50:22,e5e1cd2b,68,Female,PROD1806,Organic zero tolerance product,Electronics,Smartphones,395.25,2,0.0,790.5,Bank Transfer,"Wadeview, South Carolina",,False,False
TXN04272,2023-01-04,09:50:22,ed72467d,70,Male,PROD1818,User-centric local forecast,Home & Kitchen,Cookware,24.9,4,0.18,81.67,Bank Transfer,"New Gregory, Alaska",4.2,False,True
TXN04273,2023-08-19,09:50:22,90605649,19,Female,PROD5747,Robust zero administration intranet,Sports,Fitness,8.41,2,0.27,12.28,E-Wallet,"Raymondstad, New Jersey",,False,False
TXN04274,2024-11-05,09:50:22,435dc286,43,Female,PROD9205,Reduced uniform task-force,Clothing,Shoes,1.99,1,0.0,1.99,Bank Transfer,"Jenniferfort, Utah",,False,True
TXN04275,2023-04-02,09:50:22,923d9091,38,Female,PROD9292,Extended encompassing standardization,Home & Kitchen,Cookware,112.91,5,0.0,564.55,Credit Card,"Trujilloside, Illinois",,False,False
TXN04276,2022-11-27,09:50:22,406fc2f8,58,Female,PROD2219,Digitized static policy,Beauty,Makeup,18.03,2,0.0,36.06,E-Wallet,"Erinport, Georgia",3.2,False,False
TXN04277,2023-07-19,09:50:22,d7a99b1a,69,Female,PROD2338,Assimilated composite projection,Home & Kitchen,Bedding,52.34,3,0.0,157.02,Bank Transfer,"Tinaside, Missouri",4.0,False,False
TXN04278,2025-03-12,09:50:22,e9858604,65,Male,PROD4804,Assimilated upward-trending product,Books,Fiction,28.64,1,0.0,28.64,Credit Card,"Saraborough, Missouri",,False,True
TXN04279,2024-08-03,09:50:22,737dc5b1,18,Female,PROD2419,Optional maximized Graphic Interface,Grocery,Canned Goods,37.28,5,0.21,147.26,E-Wallet,"Jamesshire, Arizona",1.7,False,False
TXN04280,2024-03-29,09:50:22,2ba4118d,60,Male,PROD9879,Operative encompassing challenge,Automotive,Car Care,71.86,4,0.0,287.44,Credit Card,"East Alanfurt, Alaska",4.9,False,False
TXN04281,2022-08-20,09:50:22,07d0bba7,57,Female,PROD2878,Digitized encompassing open architecture,Clothing,Kids,4.64,3,0.28,10.02,Credit Card,"Lake Brooke, Kentucky",1.4,False,False
TXN04282,2023-03-31,09:50:22,829b9706,59,Female,PROD7931,Universal next generation open system,Toys,Games,53.19,5,0.0,265.95,E-Wallet,"Reyesfort, North Carolina",1.8,False,True
TXN04283,2024-07-10,09:50:22,ec207c27,62,Male,PROD9959,Stand-alone real-time matrix,Grocery,Snacks,49.46,2,0.0,98.92,Cash,"Port Joshua, Idaho",,False,True
TXN04284,2022-05-16,09:50:22,a864af42,33,Male,PROD7298,Grass-roots impactful throughput,Clothing,Men,26.63,4,0.0,106.52,Debit Card,"Port Jessica, Nebraska",1.7,False,True
TXN04285,2022-11-08,09:50:22,7d26ccfb,59,Female,PROD9201,Total zero-defect complexity,Health,Medical,34.06,1,0.0,34.06,Bank Transfer,"Savannahville, Connecticut",,False,False
TXN04286,2023-02-27,09:50:22,a1108fb6,43,Male,PROD4498,Virtual demand-driven website,Sports,Fitness,20.85,4,0.0,83.4,Cash,"South Ericmouth, Louisiana",,False,False
TXN04287,2024-12-26,09:50:22,39fc96e2,51,Male,PROD2138,Focused mission-critical focus group,Beauty,Tools,33.71,5,0.0,168.55,Cash,"West Donna, New Jersey",,True,True
TXN04288,2024-10-13,09:50:22,df8df6bd,30,Male,PROD2405,Triple-buffered object-oriented application,Health,Medical,60.18,4,0.0,240.72,Credit Card,"New Heather, Nebraska",,False,False
TXN04289,2022-11-02,09:50:22,93b1c00b,40,Male,PROD6517,Centralized optimizing moratorium,Home & Kitchen,Decor,162.39,4,0.0,649.56,Debit Card,"East Randyville, Arkansas",3.8,False,False
TXN04290,2022-09-14,09:50:22,6929da1f,54,Male,PROD8235,Synergistic responsive circuit,Electronics,Headphones,601.72,3,0.08,1660.75,E-Wallet,"Garyborough, Louisiana",,False,False
TXN04291,2023-10-26,09:50:22,31411a8c,64,Female,PROD5739,Realigned 24hour help-desk,Electronics,TVs,413.94,5,0.26,1531.58,Bank Transfer,"Johnton, Virginia",,False,False
TXN04292,2023-08-03,09:50:22,74f11390,42,Female,PROD5195,Phased multimedia secured line,Sports,Cycling,1.99,2,0.0,3.98,Credit Card,"East Shellyhaven, California",3.1,False,False
TXN04293,2024-06-03,09:50:22,89700452,18,Female,PROD7158,Polarized actuating migration,Beauty,Fragrances,25.83,5,0.09,117.53,E-Wallet,"Rodriguezmouth, Wisconsin",,False,False
TXN04294,2022-10-16,09:50:22,f2611e92,47,Female,PROD3106,Centralized asymmetric system engine,Grocery,Beverages,54.13,1,0.17,44.93,Debit Card,"Jacksonfort, Kansas",,False,False
TXN04295,2022-07-22,09:50:22,61d92ecf,28,Female,PROD8591,Stand-alone dedicated throughput,Sports,Team Sports,1.99,5,0.0,9.95,Credit Card,"New Cassidyfurt, Kansas",,False,False
TXN04296,2024-07-01,09:50:22,12913dd2,26,Female,PROD7373,Re-contextualized foreground attitude,Clothing,Accessories,18.35,1,0.0,18.35,Bank Transfer,"Jenniferport, Michigan",4.4,False,False
TXN04297,2024-08-03,09:50:22,f6c396b8,56,Female,PROD7738,Secured directional analyzer,Electronics,Smartphones,525.25,3,0.0,1575.75,Debit Card,"Evantown, Montana",4.2,False,True
TXN04298,2025-04-07,09:50:22,51ec2016,54,Female,PROD2437,De-engineered asymmetric middleware,Sports,Team Sports,10.31,3,0.0,30.93,Bank Transfer,"Larryland, Utah",2.2,False,True
TXN04299,2023-12-13,09:50:22,57447742,19,Male,PROD6484,Stand-alone dynamic utilization,Health,Wellness,14.15,1,0.0,14.15,Credit Card,"Tapiafurt, Washington",4.9,False,False
TXN04300,2022-08-31,09:50:22,14a65a9b,44,Female,PROD5033,Cross-group 4thgeneration encryption,Beauty,Tools,21.53,4,0.24,65.45,Cash,"Leehaven, Hawaii",,False,False
TXN04301,2023-04-29,09:50:22,ae61a741,42,Female,PROD8963,Cloned 6thgeneration software,Books,Non-Fiction,2.69,5,0.0,13.45,Credit Card,"Blackmouth, West Virginia",2.8,False,True
TXN04302,2025-02-11,09:50:22,39f809ca,48,Female,PROD1148,Streamlined 24/7 utilization,Beauty,Haircare,10.52,2,0.26,15.57,Credit Card,"Howellmouth, Minnesota",4.4,False,False
TXN04303,2024-10-21,09:50:22,b72a301c,68,Female,PROD8170,Compatible encompassing Internet solution,Automotive,Tools,44.07,1,0.0,44.07,Cash,"Elaineland, Nevada",,False,False
TXN04304,2022-05-27,09:50:22,c8bee6cd,54,Male,PROD3396,Managed motivating concept,Sports,Fitness,3.85,5,0.0,19.25,Bank Transfer,"Kirkstad, Arizona",,False,False
TXN04305,2023-06-23,09:50:22,20c10a8a,29,Female,PROD1020,Phased contextually-based analyzer,Toys,Educational,1.99,2,0.0,3.98,Bank Transfer,"New Annabury, Oklahoma",3.6,False,False
TXN04306,2025-04-01,09:50:22,055f1ef6,26,Female,PROD2615,Sharable didactic matrix,Books,Non-Fiction,17.4,4,0.0,69.6,Bank Transfer,"Travisside, Minnesota",,False,False
TXN04307,2023-12-12,09:50:22,391a5957,31,Male,PROD3172,Secured encompassing adapter,Beauty,Makeup,44.64,4,0.0,178.56,Credit Card,"South Mary, Iowa",,False,False
TXN04308,2023-06-08,09:50:22,ccf80aee,48,Female,PROD1279,Triple-buffered upward-trending initiative,Electronics,Laptops,460.62,3,0.0,1381.86,Debit Card,"West Andreaborough, New York",1.2,False,True
TXN04309,2022-07-13,09:50:22,4fe3008c,38,Female,PROD3911,Ameliorated value-added flexibility,Sports,Outdoor,20.71,2,0.07,38.52,E-Wallet,"Curryfort, Connecticut",,False,False
TXN04310,2025-03-16,09:50:22,23affc29,33,Female,PROD5713,Monitored secondary synergy,Automotive,Car Care,30.89,3,0.08,85.26,Bank Transfer,"West Whitney, Washington",,False,True
TXN04311,2025-03-27,09:50:22,a06ec5ed,42,Female,PROD4180,Down-sized bandwidth-monitored groupware,Home & Kitchen,Bedding,1.99,4,0.0,7.96,Bank Transfer,"Susanshire, West Virginia",,False,True
TXN04312,2023-08-23,09:50:22,84e6e7f9,47,Male,PROD2567,Grass-roots object-oriented circuit,Electronics,Laptops,598.94,2,0.16,1006.22,Bank Transfer,"Johnfurt, Ohio",,False,False
TXN04313,2023-04-18,09:50:22,19f78272,24,Male,PROD2701,Sharable real-time neural-net,Clothing,Kids,61.5,3,0.0,184.5,Credit Card,"Thomasland, Texas",4.6,False,True
TXN04314,2022-07-18,09:50:22,b31748ef,55,Female,PROD5360,Synchronized full-range benchmark,Grocery,Canned Goods,21.81,1,0.0,21.81,Credit Card,"Campbellmouth, Wisconsin",,False,False
TXN04315,2024-05-11,09:50:22,6691b470,27,Female,PROD4303,Synergized clear-thinking support,Sports,Yoga,50.12,4,0.0,200.48,Bank Transfer,"Rodriguezberg, Illinois",4.0,False,False
TXN04316,2023-09-07,09:50:22,4a136054,62,Female,PROD5397,Right-sized web-enabled collaboration,Clothing,Shoes,16.18,1,0.0,16.18,Credit Card,"Thomaston, Florida",1.9,False,False
TXN04317,2022-05-06,09:50:22,067d5550,31,Male,PROD1775,Polarized bandwidth-monitored leverage,Books,Children,52.56,4,0.0,210.24,Bank Transfer,"Karenbury, Wisconsin",,False,True
TXN04318,2023-03-24,09:50:22,12edd8a6,37,Male,PROD4558,Up-sized upward-trending help-desk,Home & Kitchen,Appliances,130.81,2,0.0,261.62,E-Wallet,"Gonzalestown, Massachusetts",1.4,False,True
TXN04319,2022-10-30,09:50:22,171a5453,22,Male,PROD2125,Profit-focused 3rdgeneration process improvement,Sports,Fitness,23.27,5,0.0,116.35,E-Wallet,"East Alisonmouth, Indiana",,False,False
TXN04320,2023-11-22,09:50:22,68a18aa0,64,Male,PROD7908,Multi-tiered value-added functionalities,Health,Supplements,29.6,4,0.0,118.4,Credit Card,"Dennistown, New Jersey",,False,False
TXN04321,2024-08-01,09:50:22,47179884,49,Male,PROD2231,Intuitive mission-critical algorithm,Beauty,Makeup,27.85,1,0.0,27.85,Credit Card,"North Dawn, Alaska",,True,True
TXN04322,2024-04-28,09:50:22,4f607562,59,Male,PROD6100,Profit-focused radical database,Clothing,Men,86.61,3,0.0,259.83,Credit Card,"South Lorraine, Louisiana",,False,False
TXN04323,2024-07-23,09:50:22,36ceec79,31,Female,PROD3975,Inverse tangible Graphical User Interface,Toys,Puzzles,8.47,4,0.0,33.88,Credit Card,"Lake Sarah, Montana",1.1,False,False
TXN04324,2024-08-13,09:50:22,09769dcb,68,Male,PROD3971,Organic uniform project,Automotive,Accessories,14.75,5,0.0,73.75,Bank Transfer,"South Cole, Arkansas",1.0,False,False
TXN04325,2023-06-20,09:50:22,ffba2a73,40,Female,PROD8751,Innovative stable paradigm,Automotive,Tools,50.73,4,0.0,202.92,E-Wallet,"New Sean, California",3.4,False,False
TXN04326,2025-03-31,09:50:22,edead2b9,34,Female,PROD4867,Monitored heuristic budgetary management,Grocery,Bakery,18.09,3,0.0,54.27,Debit Card,"Bennettmouth, Connecticut",,False,True
TXN04327,2022-06-06,09:50:22,0cc679b0,22,Female,PROD1558,Synchronized even-keeled frame,Beauty,Haircare,48.01,2,0.0,96.02,Cash,"New Matthewland, Washington",,False,True
TXN04328,2022-09-23,09:50:22,56b1f255,61,Female,PROD5744,Horizontal user-facing secured line,Books,Cookbooks,63.99,1,0.0,63.99,Debit Card,"Johnsonborough, Nebraska",1.7,False,False
TXN04329,2022-11-06,09:50:22,5f5846bd,37,Female,PROD2316,Programmable directional solution,Beauty,Tools,21.96,3,0.0,65.88,E-Wallet,"East Gabrielle, Nevada",4.1,False,True
TXN04330,2023-12-09,09:50:22,29fbc38e,42,Male,PROD8858,Devolved directional superstructure,Sports,Yoga,43.63,2,0.0,87.26,Bank Transfer,"West Morganville, Virginia",,False,True
TXN04331,2024-04-17,09:50:22,c1134836,68,Female,PROD7497,Implemented context-sensitive knowledgebase,Health,Vitamins,6.93,3,0.0,20.79,Bank Transfer,"South Vincentshire, Montana",1.5,False,False
TXN04332,2024-04-16,09:50:22,150dc0da,39,Male,PROD4407,Distributed multimedia array,Grocery,Bakery,45.09,3,0.0,135.27,Cash,"Port Joseph, North Dakota",,False,False
TXN04333,2023-11-23,09:50:22,e9a85882,53,Male,PROD4951,Networked directional product,Electronics,Headphones,539.88,4,0.0,2159.52,Debit Card,"Port Marcuston, Pennsylvania",1.2,False,False
TXN04334,2023-08-12,09:50:22,b221986d,39,Male,PROD2896,Face-to-face systematic concept,Grocery,Canned Goods,39.46,4,0.0,157.84,Debit Card,"Michaelland, New York",1.2,False,True
TXN04335,2023-06-08,09:50:22,66ee3b3a,50,Male,PROD6250,Exclusive client-server concept,Health,Supplements,17.09,5,0.0,85.45,Bank Transfer,"Port Chad, Michigan",,True,True
TXN04336,2024-11-22,09:50:22,7903812a,20,Female,PROD9346,Diverse didactic orchestration,Automotive,Parts,1.99,5,0.0,9.95,Cash,"Millerview, Utah",2.4,False,True
TXN04337,2024-08-10,09:50:22,ccadf091,28,Male,PROD8691,Innovative user-facing hierarchy,Clothing,Kids,65.1,4,0.29,184.88,Cash,"Russellmouth, North Dakota",2.6,False,False
TXN04338,2022-05-15,09:50:22,ba5e372a,37,Female,PROD6940,Streamlined exuding info-mediaries,Toys,Dolls,1.99,4,0.0,7.96,Debit Card,"North Ryan, Alaska",,False,False
TXN04339,2023-10-22,09:50:22,7c52c893,22,Female,PROD5253,Diverse fault-tolerant toolset,Sports,Fitness,23.65,3,0.0,70.95,E-Wallet,"East Timothy, Nevada",,False,True
TXN04340,2023-04-29,09:50:22,7e7bda05,26,Male,PROD3290,Progressive content-based system engine,Automotive,Parts,48.82,3,0.0,146.46,Cash,"Port Edwardtown, Maine",,False,False
TXN04341,2024-08-16,09:50:22,b03c38a5,40,Male,PROD1916,Multi-lateral solution-oriented neural-net,Automotive,Electronics,33.84,3,0.0,101.52,Debit Card,"Jenniferview, California",,False,False
TXN04342,2025-03-07,09:50:22,f4a5796c,28,Female,PROD2131,Quality-focused bottom-line capacity,Grocery,Snacks,68.97,5,0.0,344.85,Debit Card,"Bridgetmouth, Delaware",,False,False
TXN04343,2022-12-10,09:50:22,8690e96d,62,Male,PROD3697,Streamlined didactic moratorium,Health,First Aid,50.5,1,0.0,50.5,E-Wallet,"Lake Danielbury, North Dakota",,False,False
TXN04344,2022-10-01,09:50:22,27787e1d,49,Male,PROD6369,Multi-tiered regional structure,Beauty,Skincare,16.92,1,0.0,16.92,Bank Transfer,"Kimberlyview, Oregon",4.8,False,True
TXN04345,2025-03-01,09:50:22,581300dd,64,Male,PROD3312,Phased optimal Graphical User Interface,Toys,Dolls,30.55,3,0.0,91.65,Bank Transfer,"Kennethton, Nebraska",,False,False
TXN04346,2023-12-29,09:50:22,8305a9b9,42,Female,PROD4647,Centralized mobile algorithm,Grocery,Snacks,29.05,1,0.11,25.85,Debit Card,"Heatherberg, Virginia",2.7,False,False
TXN04347,2024-04-01,09:50:22,af859834,50,Male,PROD4006,Synchronized human-resource installation,Sports,Yoga,1.99,3,0.0,5.97,Debit Card,"Port Stevenport, Iowa",3.5,False,False
TXN04348,2022-12-31,09:50:22,1e21bf6a,28,Male,PROD7498,Triple-buffered encompassing installation,Beauty,Haircare,11.19,4,0.27,32.67,Cash,"Peterland, Iowa",,False,False
TXN04349,2025-03-22,09:50:22,bafe0514,69,Female,PROD1225,Multi-lateral clear-thinking initiative,Automotive,Parts,18.78,3,0.0,56.34,Debit Card,"Santiagomouth, Washington",2.6,False,False
TXN04350,2023-10-15,09:50:22,0501832b,68,Male,PROD3454,Pre-emptive attitude-oriented architecture,Grocery,Dairy,1.99,1,0.0,1.99,Debit Card,"Port Timothyville, Texas",4.9,False,False
TXN04351,2023-09-30,09:50:22,72643fda,43,Female,PROD3949,User-centric cohesive project,Automotive,Car Care,30.95,4,0.0,123.8,Bank Transfer,"Lake Kathleenfort, Michigan",,False,True
TXN04352,2024-10-28,09:50:22,96159303,24,Female,PROD2566,Expanded maximized functionalities,Beauty,Makeup,25.02,1,0.0,25.02,Debit Card,"Port Haley, Maryland",4.0,False,False
TXN04353,2024-06-16,09:50:22,8eef2cb8,63,Male,PROD1479,Down-sized neutral implementation,Grocery,Dairy,1.99,1,0.0,1.99,Debit Card,"New Amy, Maine",3.0,True,False
TXN04354,2025-01-20,09:50:22,8c615cb6,46,Male,PROD8255,Virtual executive project,Sports,Fitness,38.08,2,0.0,76.16,Cash,"Jennaton, Iowa",,False,False
TXN04355,2023-09-16,09:50:22,f6f11148,67,Male,PROD6878,Polarized intermediate workforce,Clothing,Men,71.48,3,0.0,214.44,Bank Transfer,"South Kellyhaven, Alaska",1.4,False,True
TXN04356,2024-03-31,09:50:22,d646934b,49,Male,PROD5264,Progressive fresh-thinking firmware,Beauty,Tools,34.54,4,0.0,138.16,Credit Card,"Donaldland, North Carolina",2.2,True,False
TXN04357,2024-11-30,09:50:22,3f3f0942,38,Female,PROD3631,Multi-channeled secondary artificial intelligence,Automotive,Car Care,23.52,4,0.0,94.08,Cash,"New Nancymouth, Mississippi",,False,True
TXN04358,2024-12-04,09:50:22,8d9affbb,37,Female,PROD7615,Team-oriented zero administration support,Grocery,Dairy,41.83,5,0.07,194.51,Bank Transfer,"South Lisaburgh, Virginia",,False,True
TXN04359,2022-07-01,09:50:22,1cb1d218,38,Male,PROD9213,Cross-platform hybrid Graphic Interface,Health,Wellness,43.6,3,0.0,130.8,Bank Transfer,"North Patrickburgh, Nevada",,False,False
TXN04360,2025-01-17,09:50:22,0c1dc99e,35,Female,PROD7145,Quality-focused analyzing interface,Toys,Educational,36.15,4,0.0,144.6,E-Wallet,"South Ann, Louisiana",2.3,False,False
TXN04361,2022-12-30,09:50:22,87289cbd,43,Male,PROD2860,Front-line background database,Sports,Yoga,13.51,2,0.0,27.02,Credit Card,"Darleneton, North Carolina",,False,False
TXN04362,2023-10-16,09:50:22,ad408a46,25,Female,PROD9554,Persevering background productivity,Automotive,Parts,35.53,5,0.0,177.65,Debit Card,"Michelleborough, New York",2.2,False,False
TXN04363,2022-09-21,09:50:22,2b281884,29,Female,PROD2438,Adaptive intangible monitoring,Home & Kitchen,Cookware,203.68,4,0.0,814.72,Cash,"Rodriguezburgh, Illinois",,True,False
TXN04364,2024-06-27,09:50:22,fc73af6a,35,Male,PROD1872,Monitored zero administration framework,Electronics,Laptops,380.67,5,0.0,1903.35,Credit Card,"Angelafort, Nevada",,False,False
TXN04365,2023-07-31,09:50:22,ec4cd8db,38,Female,PROD8146,Assimilated neutral migration,Electronics,Smartphones,919.59,4,0.0,3678.36,E-Wallet,"South Christine, Connecticut",,False,False
TXN04366,2023-08-19,09:50:22,ea02b12d,29,Female,PROD6277,Mandatory interactive extranet,Beauty,Makeup,19.49,2,0.0,38.98,Credit Card,"Bondtown, Oregon",,False,False
TXN04367,2024-02-11,09:50:22,c946ca44,55,Male,PROD8558,Cross-group stable forecast,Beauty,Fragrances,30.65,1,0.0,30.65,Credit Card,"West Peter, Ohio",,False,False
TXN04368,2024-08-27,09:50:22,db3ee3f0,29,Female,PROD8566,Persistent eco-centric groupware,Books,Children,16.55,2,0.0,33.1,Cash,"Russellbury, Nevada",1.7,False,True
TXN04369,2024-04-28,09:50:22,568b60c0,56,Male,PROD1024,Operative homogeneous capacity,Health,Vitamins,34.47,3,0.0,103.41,Cash,"West Michelle, Kentucky",2.6,False,False
TXN04370,2025-03-28,09:50:22,8626f37f,19,Female,PROD4945,Networked coherent policy,Health,First Aid,1.99,2,0.24,3.02,Debit Card,"Joshuamouth, North Carolina",3.8,False,False
TXN04371,2022-05-25,09:50:22,e34e32a4,53,Male,PROD1333,Multi-channeled transitional application,Beauty,Haircare,19.08,2,0.0,38.16,Cash,"New Dillonport, Florida",,False,False
TXN04372,2023-10-27,09:50:22,d8cc857b,18,Male,PROD8384,Diverse global interface,Sports,Yoga,8.16,5,0.0,40.8,Debit Card,"Robinsonton, Kentucky",3.2,False,False
TXN04373,2023-09-26,09:50:22,fccf114d,24,Female,PROD8500,Distributed multi-tasking software,Home & Kitchen,Decor,129.47,5,0.0,647.35,Cash,"Lake Melanietown, Vermont",3.5,False,True
TXN04374,2023-12-15,09:50:22,e3434622,43,Male,PROD8066,Compatible reciprocal paradigm,Books,Children,49.89,1,0.0,49.89,E-Wallet,"Wrightside, Oklahoma",,True,False
TXN04375,2022-11-12,09:50:22,0862d22c,56,Female,PROD9787,Virtual even-keeled infrastructure,Home & Kitchen,Appliances,165.22,5,0.29,586.53,Credit Card,"Thomasside, Alaska",,True,False
TXN04376,2024-07-31,09:50:22,27eeaba0,27,Male,PROD3785,Up-sized full-range function,Automotive,Accessories,1.99,3,0.0,5.97,Cash,"New Dorothy, Nevada",,False,False
TXN04377,2024-04-05,09:50:22,fd5e39a3,67,Male,PROD3449,Intuitive 5thgeneration interface,Clothing,Shoes,111.26,5,0.25,417.23,Cash,"Port Ericbury, Montana",,False,False
TXN04378,2022-10-08,09:50:22,680372f6,53,Male,PROD5166,Proactive discrete infrastructure,Grocery,Canned Goods,35.91,3,0.07,100.19,E-Wallet,"East Michael, Alabama",,False,False
TXN04379,2023-05-06,09:50:22,f12a4ed3,31,Male,PROD3079,Optional bi-directional attitude,Health,Medical,14.47,5,0.0,72.35,Debit Card,"West Ryanhaven, South Dakota",,False,False
TXN04380,2025-01-05,09:50:22,da94ca43,67,Female,PROD4224,Optimized explicit hierarchy,Beauty,Fragrances,33.14,4,0.2,106.05,E-Wallet,"Cooperstad, New Jersey",,False,False
TXN04381,2024-02-07,09:50:22,c2f538d3,23,Female,PROD6648,Visionary 24hour collaboration,Clothing,Women,55.29,2,0.0,110.58,Cash,"Michaelmouth, Hawaii",,False,False
TXN04382,2024-04-29,09:50:22,c71e4266,69,Female,PROD5165,Customer-focused scalable algorithm,Beauty,Fragrances,16.66,2,0.06,31.32,Credit Card,"South Timothy, Michigan",4.5,False,True
TXN04383,2023-07-27,09:50:22,5c3f4c06,59,Male,PROD9596,Organized maximized instruction set,Sports,Cycling,33.96,4,0.0,135.84,Debit Card,"Jenniferport, South Dakota",3.0,False,False
TXN04384,2023-11-08,09:50:22,15b913a0,59,Male,PROD1032,Managed intermediate encryption,Beauty,Makeup,17.85,2,0.0,35.7,Credit Card,"Murrayside, South Carolina",,False,False
TXN04385,2023-05-15,09:50:22,c59f2823,55,Female,PROD8971,Extended background installation,Grocery,Dairy,21.91,4,0.0,87.64,Cash,"New Virginia, California",4.8,False,False
TXN04386,2023-05-30,09:50:22,93f95485,49,Male,PROD4020,Reactive bi-directional intranet,Sports,Yoga,16.27,2,0.0,32.54,Cash,"Port Willieborough, Florida",,False,False
TXN04387,2025-02-20,09:50:22,3b6864aa,42,Male,PROD3765,Realigned 24/7 forecast,Health,Medical,1.99,1,0.0,1.99,Bank Transfer,"Deniseburgh, Florida",3.9,False,False
TXN04388,2023-06-18,09:50:22,e55a3217,27,Female,PROD9863,Managed upward-trending algorithm,Automotive,Tools,32.92,2,0.0,65.84,Credit Card,"North Toddland, Connecticut",2.8,True,False
TXN04389,2023-08-29,09:50:22,a4a72d30,46,Male,PROD8317,Open-architected bandwidth-monitored info-mediaries,Health,Medical,41.71,2,0.21,65.9,E-Wallet,"South Angela, Utah",,False,True
TXN04390,2023-09-13,09:50:22,78e22d17,47,Female,PROD5821,User-friendly background algorithm,Electronics,Smartphones,602.98,1,0.0,602.98,Cash,"North Dianachester, North Dakota",2.3,False,False
TXN04391,2023-10-31,09:50:22,81beefa5,68,Female,PROD3039,Customizable disintermediate synergy,Electronics,Headphones,663.99,4,0.0,2655.96,Cash,"East Patriciaville, Washington",,False,False
TXN04392,2023-07-03,09:50:22,00291c31,32,Male,PROD1159,Sharable solution-oriented website,Books,Cookbooks,36.49,5,0.05,173.33,Debit Card,"North Anthony, Idaho",,False,True
TXN04393,2023-08-18,09:50:22,55f08677,68,Male,PROD4210,Ergonomic fault-tolerant challenge,Clothing,Accessories,34.02,4,0.0,136.08,Credit Card,"South Mark, New York",4.1,False,True
TXN04394,2023-06-25,09:50:22,49c4c106,46,Male,PROD2791,Phased bi-directional productivity,Grocery,Bakery,46.79,1,0.14,40.24,Debit Card,"Durhamville, New Jersey",,False,False
TXN04395,2023-09-29,09:50:22,9da7d8c4,67,Female,PROD6979,Pre-emptive background array,Sports,Fitness,2.85,3,0.0,8.55,Bank Transfer,"North Sherryport, Idaho",,False,False
TXN04396,2024-05-04,09:50:22,b8f8fed4,51,Male,PROD3347,Seamless mission-critical database,Books,Non-Fiction,11.99,2,0.0,23.98,Bank Transfer,"East Ryan, Alabama",1.5,False,True
TXN04397,2023-03-21,09:50:22,140feb64,44,Male,PROD1511,Up-sized mission-critical data-warehouse,Health,Wellness,10.72,4,0.0,42.88,Bank Transfer,"Karenton, Montana",,False,False
TXN04398,2022-12-10,09:50:22,1e4294c0,42,Male,PROD5217,Robust bandwidth-monitored projection,Books,Cookbooks,51.6,4,0.0,206.4,Credit Card,"East Connie, New York",,False,False
TXN04399,2023-01-06,09:50:22,385ed656,35,Female,PROD2052,Re-engineered needs-based adapter,Books,Educational,48.86,5,0.0,244.3,E-Wallet,"Port Stacey, North Carolina",4.4,False,False
TXN04400,2022-10-13,09:50:22,062ada87,38,Female,PROD8526,Assimilated zero tolerance interface,Electronics,Smartphones,597.46,3,0.0,1792.38,Debit Card,"Samanthaberg, Wisconsin",,False,False
TXN04401,2025-02-07,09:50:22,3f7d140e,32,Male,PROD3149,Ergonomic systemic utilization,Automotive,Tools,51.44,5,0.0,257.2,Cash,"Garrisonbury, Ohio",,False,False
TXN04402,2022-05-19,09:50:22,ecc4a203,33,Male,PROD2975,Up-sized executive monitoring,Home & Kitchen,Decor,58.45,3,0.22,136.77,Debit Card,"Edwardbury, Minnesota",,False,True
TXN04403,2022-07-31,09:50:22,79b58b8f,47,Female,PROD6986,Optional demand-driven access,Clothing,Shoes,60.46,4,0.0,241.84,Debit Card,"Victoriaberg, New Hampshire",3.2,False,False
TXN04404,2025-01-17,09:50:22,651fbb11,30,Female,PROD7456,Synchronized user-facing knowledgebase,Books,Educational,27.5,4,0.19,89.1,Cash,"East Craigmouth, Ohio",2.6,False,False
TXN04405,2024-06-04,09:50:22,11eb5ab2,68,Female,PROD2537,Assimilated logistical open system,Books,Children,46.94,1,0.0,46.94,Bank Transfer,"Jasminshire, Nevada",1.9,False,True
TXN04406,2024-02-10,09:50:22,9bfc7e0a,42,Male,PROD6335,Reverse-engineered radical workforce,Toys,Dolls,27.7,5,0.07,128.8,E-Wallet,"Tiffanyfort, Massachusetts",,False,False
TXN04407,2025-02-07,09:50:22,51b7002c,52,Male,PROD2915,Reduced clear-thinking collaboration,Electronics,Cameras,423.01,1,0.05,401.86,Credit Card,"South Jennifer, Tennessee",2.9,False,False
TXN04408,2023-11-19,09:50:22,3706ca94,61,Male,PROD4404,Cross-group explicit groupware,Home & Kitchen,Decor,157.86,2,0.0,315.72,Cash,"Stacyfurt, Connecticut",1.3,False,True
TXN04409,2025-02-04,09:50:22,6cfac83e,28,Female,PROD5230,Integrated asymmetric info-mediaries,Electronics,Cameras,675.23,1,0.0,675.23,Debit Card,"West Katelynville, Wyoming",,False,False
TXN04410,2023-05-15,09:50:22,ac7c40cd,51,Female,PROD3862,Realigned cohesive functionalities,Beauty,Haircare,16.63,3,0.0,49.89,E-Wallet,"Vegaport, Rhode Island",4.8,False,False
TXN04411,2025-03-17,09:50:22,c1058b78,46,Female,PROD3058,Public-key attitude-oriented help-desk,Books,Fiction,28.78,4,0.0,115.12,E-Wallet,"Tommybury, Nevada",4.7,False,False
TXN04412,2023-11-30,09:50:22,be8f758a,30,Female,PROD7157,Sharable real-time algorithm,Toys,Action Figures,8.83,2,0.0,17.66,Bank Transfer,"South Jackson, California",,False,False
TXN04413,2024-07-28,09:50:22,581288eb,54,Male,PROD2146,Business-focused 24/7 knowledge user,Sports,Cycling,1.99,2,0.0,3.98,Bank Transfer,"North Williamside, Alaska",3.0,False,False
TXN04414,2023-08-03,09:50:22,a3a22689,41,Female,PROD8835,Programmable responsive definition,Home & Kitchen,Furniture,134.03,2,0.0,268.06,Debit Card,"Lake Teresaberg, South Carolina",,False,True
TXN04415,2023-01-23,09:50:22,c173d713,38,Female,PROD3138,Persevering upward-trending throughput,Toys,Dolls,42.18,2,0.0,84.36,Credit Card,"East Deniseton, Arizona",,False,False
TXN04416,2022-08-24,09:50:22,4606c315,50,Female,PROD1459,Upgradable bifurcated customer loyalty,Beauty,Haircare,35.24,2,0.0,70.48,Debit Card,"Port Mary, Indiana",,False,True
TXN04417,2025-04-16,09:50:22,836e537e,52,Male,PROD9197,Synergistic composite strategy,Home & Kitchen,Cookware,1.99,2,0.12,3.5,Debit Card,"Adamsstad, Wyoming",,False,True
TXN04418,2024-09-18,09:50:22,8f804dcd,50,Male,PROD1426,Fully-configurable discrete benchmark,Beauty,Fragrances,22.98,5,0.0,114.9,E-Wallet,"North Mary, Connecticut",2.7,False,True
TXN04419,2025-01-09,09:50:22,a9f8d278,49,Female,PROD9766,Face-to-face homogeneous protocol,Home & Kitchen,Bedding,1.99,3,0.2,4.78,E-Wallet,"New Jonathanton, Iowa",,False,True
TXN04420,2022-07-11,09:50:22,6924b74e,53,Female,PROD6346,User-centric grid-enabled orchestration,Clothing,Kids,91.09,1,0.0,91.09,E-Wallet,"Sharonbury, Iowa",,False,True
TXN04421,2025-02-28,09:50:22,91b078e6,23,Female,PROD1642,Implemented hybrid success,Automotive,Parts,8.28,5,0.0,41.4,Cash,"Lake Scottbury, Alaska",2.0,False,False
TXN04422,2024-04-16,09:50:22,db75e31a,21,Female,PROD6956,Function-based zero-defect intranet,Beauty,Haircare,55.11,5,0.0,275.55,Cash,"West Shannon, New York",,False,False
TXN04423,2024-07-20,09:50:22,79165544,21,Male,PROD3862,Programmable bi-directional access,Health,Wellness,48.92,4,0.27,142.85,Cash,"Port Timothyland, Louisiana",2.9,False,True
TXN04424,2023-04-28,09:50:22,2a9e3535,61,Female,PROD6158,Organic transitional access,Clothing,Women,22.98,2,0.0,45.96,Debit Card,"Lake Davidshire, Rhode Island",2.5,False,True
TXN04425,2024-11-27,09:50:22,09c8207b,48,Female,PROD3433,Visionary clear-thinking open architecture,Electronics,Headphones,273.44,5,0.0,1367.2,Debit Card,"Navarrofort, Illinois",2.3,False,False
TXN04426,2023-01-07,09:50:22,0dc1d3a2,44,Male,PROD9904,Mandatory 3rdgeneration open system,Books,Cookbooks,37.01,2,0.0,74.02,E-Wallet,"Harriston, Nevada",,True,False
TXN04427,2025-04-01,09:50:22,893c56e3,47,Male,PROD8647,Reduced explicit installation,Toys,Educational,13.11,5,0.0,65.55,Credit Card,"Reeseton, Montana",,False,True
TXN04428,2024-12-03,09:50:22,2a8d4f14,36,Female,PROD5975,Progressive analyzing contingency,Clothing,Shoes,53.07,4,0.0,212.28,Credit Card,"North Christopher, Alaska",,False,False
TXN04429,2024-02-11,09:50:22,2d9ae5c6,19,Female,PROD9562,Reverse-engineered multimedia data-warehouse,Home & Kitchen,Bedding,86.2,1,0.0,86.2,Bank Transfer,"Robertchester, Delaware",2.4,False,False
TXN04430,2022-05-23,09:50:22,de6907d4,63,Female,PROD1556,Quality-focused well-modulated frame,Beauty,Tools,1.99,2,0.0,3.98,Bank Transfer,"South Daniel, Vermont",1.9,False,True
TXN04431,2022-05-30,09:50:22,a8051c9f,50,Female,PROD4102,Cloned dynamic benchmark,Health,Supplements,1.99,3,0.0,5.97,Credit Card,"South Zacharymouth, Utah",3.7,False,True
TXN04432,2023-07-11,09:50:22,4b73b8ad,18,Female,PROD4749,Managed zero tolerance hierarchy,Automotive,Tools,34.53,3,0.0,103.59,E-Wallet,"New Patrickbury, New York",4.9,False,False
TXN04433,2024-06-21,09:50:22,f9d57ab2,20,Female,PROD6351,Monitored tangible circuit,Books,Children,18.77,5,0.16,78.83,E-Wallet,"Lake Katieland, Oklahoma",,False,False
TXN04434,2022-11-28,09:50:22,5d4e6568,44,Female,PROD1821,Networked bandwidth-monitored pricing structure,Clothing,Kids,33.41,4,0.0,133.64,E-Wallet,"North Douglasburgh, Maryland",,False,False
TXN04435,2024-03-02,09:50:22,7d8fea2a,48,Female,PROD9828,Right-sized maximized emulation,Health,First Aid,43.92,3,0.0,131.76,Bank Transfer,"East Isaacbury, Wyoming",,False,False
TXN04436,2024-05-15,09:50:22,4fbe2e60,24,Female,PROD5683,Persevering modular moratorium,Toys,Educational,53.47,5,0.0,267.35,Bank Transfer,"West Kara, Arkansas",,False,False
TXN04437,2023-10-19,09:50:22,26024b52,36,Female,PROD8559,Optimized exuding middleware,Grocery,Beverages,24.55,1,0.0,24.55,E-Wallet,"Guerreroville, Alabama",5.0,False,False
TXN04438,2023-05-24,09:50:22,35594f34,37,Female,PROD7786,Focused dynamic complexity,Books,Fiction,23.19,4,0.24,70.5,Cash,"North Paul, Oklahoma",,False,False
TXN04439,2023-10-26,09:50:22,e2a2523a,64,Female,PROD7976,Synchronized maximized middleware,Grocery,Beverages,40.0,4,0.0,160.0,Cash,"Arellanoshire, Wisconsin",,False,False
TXN04440,2023-09-03,09:50:22,83449697,66,Male,PROD9844,Enhanced explicit leverage,Electronics,Smartphones,228.61,3,0.0,685.83,E-Wallet,"Ibarratown, Maryland",1.6,False,False
TXN04441,2023-11-08,09:50:22,255edaa1,45,Female,PROD7702,Cross-group discrete parallelism,Books,Cookbooks,34.46,2,0.19,55.83,Cash,"Brownmouth, Mississippi",,True,False
TXN04442,2024-12-26,09:50:22,0c9ec2b9,39,Male,PROD9441,Polarized high-level frame,Toys,Games,41.04,5,0.0,205.2,Debit Card,"Stevenfurt, Mississippi",2.0,False,False
TXN04443,2024-04-07,09:50:22,ff0d51d7,36,Female,PROD3696,Reverse-engineered multimedia initiative,Grocery,Beverages,43.6,1,0.0,43.6,Debit Card,"Thompsonshire, New Jersey",3.6,False,False
TXN04444,2024-05-24,09:50:22,bbe2d88b,57,Female,PROD2436,Polarized client-driven Graphical User Interface,Home & Kitchen,Furniture,1.99,4,0.0,7.96,Cash,"South Brandon, Minnesota",1.8,True,True
TXN04445,2023-05-17,09:50:22,52c43751,44,Male,PROD8643,De-engineered neutral flexibility,Home & Kitchen,Bedding,66.71,1,0.05,63.37,Debit Card,"Port Brianland, Mississippi",4.0,False,False
TXN04446,2025-02-20,09:50:22,f47a6b1b,43,Male,PROD9096,Polarized intermediate customer loyalty,Automotive,Car Care,12.43,3,0.0,37.29,Bank Transfer,"Hayesberg, Virginia",,False,False
TXN04447,2024-09-20,09:50:22,46b1134c,40,Male,PROD2393,Cross-platform impactful groupware,Sports,Fitness,32.0,2,0.0,64.0,Bank Transfer,"Travisfort, Oklahoma",,False,False
TXN04448,2023-07-11,09:50:22,6851518c,55,Male,PROD8883,Devolved executive task-force,Health,Vitamins,39.61,3,0.0,118.83,Cash,"Cliffordtown, Tennessee",1.8,False,False
TXN04449,2024-09-10,09:50:22,721d0bd9,31,Male,PROD2792,Reverse-engineered scalable algorithm,Toys,Educational,59.93,1,0.0,59.93,Cash,"Dannyborough, Massachusetts",,False,True
TXN04450,2024-06-06,09:50:22,ced52de1,52,Male,PROD5849,Advanced composite framework,Books,Fiction,20.1,1,0.0,20.1,Cash,"East Latoyastad, Idaho",,False,False
TXN04451,2024-05-22,09:50:22,7cc5513b,24,Male,PROD4357,Multi-tiered homogeneous application,Beauty,Tools,20.05,1,0.0,20.05,Cash,"Carlosmouth, Nebraska",,False,False
TXN04452,2024-08-03,09:50:22,489bec27,36,Male,PROD1488,Realigned directional service-desk,Grocery,Canned Goods,52.99,5,0.0,264.95,Debit Card,"Gordonmouth, Alabama",1.4,False,False
TXN04453,2023-11-29,09:50:22,6f413fc9,62,Female,PROD9654,Ameliorated disintermediate collaboration,Grocery,Dairy,35.93,3,0.08,99.17,Cash,"Lake Jeremyland, Idaho",3.2,False,False
TXN04454,2024-11-14,09:50:22,52e58dc3,46,Female,PROD1526,Diverse interactive customer loyalty,Grocery,Bakery,55.35,4,0.0,221.4,Debit Card,"Lake Kennethberg, Mississippi",,False,False
TXN04455,2023-05-09,09:50:22,2926d4ef,22,Male,PROD2087,Ergonomic local extranet,Health,First Aid,35.77,2,0.0,71.54,Cash,"West Robin, North Dakota",,False,False
TXN04456,2023-01-29,09:50:22,f13a9fa0,26,Female,PROD4134,Innovative context-sensitive conglomeration,Health,Vitamins,6.86,3,0.0,20.58,Bank Transfer,"West Kimberly, Missouri",3.9,False,False
TXN04457,2023-08-17,09:50:22,d02809bd,21,Female,PROD5750,Synergistic uniform secured line,Sports,Outdoor,3.34,1,0.19,2.71,Cash,"West Zachary, Washington",2.1,False,False
TXN04458,2022-11-26,09:50:22,71f6014e,18,Male,PROD1615,Multi-lateral client-driven database,Health,Wellness,1.99,1,0.0,1.99,Debit Card,"South Wendychester, Connecticut",,False,True
TXN04459,2023-11-09,09:50:22,41d695f7,19,Female,PROD3153,Optional intangible initiative,Automotive,Car Care,43.24,1,0.0,43.24,Credit Card,"Port Kevin, New Jersey",2.0,False,False
TXN04460,2023-08-31,09:50:22,e492d1cd,40,Male,PROD2324,Implemented solution-oriented architecture,Clothing,Men,85.66,1,0.0,85.66,Bank Transfer,"Johnsonport, Nebraska",2.9,True,True
TXN04461,2024-10-07,09:50:22,bbb0d32b,63,Female,PROD9474,Fully-configurable bi-directional task-force,Beauty,Tools,66.99,4,0.0,267.96,Debit Card,"East Blake, Massachusetts",2.4,False,True
TXN04462,2024-06-24,09:50:22,f5e56f16,69,Male,PROD8536,Profound solution-oriented moratorium,Home & Kitchen,Bedding,179.02,1,0.0,179.02,Cash,"Davidhaven, California",4.2,False,False
TXN04463,2023-06-11,09:50:22,c10b19b2,66,Male,PROD8628,Operative high-level framework,Toys,Educational,53.26,2,0.0,106.52,Debit Card,"Lake Clintonfurt, Colorado",3.5,False,False
TXN04464,2023-02-28,09:50:22,8957c0cb,53,Female,PROD2353,Focused empowering utilization,Beauty,Tools,18.4,4,0.11,65.5,Bank Transfer,"North Cody, Indiana",,False,False
TXN04465,2023-03-08,09:50:22,1ce5c22c,62,Male,PROD8318,Public-key client-server initiative,Home & Kitchen,Furniture,39.05,3,0.0,117.15,Credit Card,"East Cheryltown, Florida",,False,False
TXN04466,2024-12-29,09:50:22,9805482b,31,Male,PROD3555,Diverse leadingedge solution,Grocery,Beverages,47.0,3,0.0,141.0,Bank Transfer,"North Michaelfurt, Montana",1.6,False,False
TXN04467,2022-05-25,09:50:22,04b2af1c,47,Male,PROD3243,Up-sized mission-critical matrices,Home & Kitchen,Appliances,149.24,3,0.27,326.84,Debit Card,"Justinborough, Wisconsin",,False,True
TXN04468,2023-05-02,09:50:22,70ccdcb4,41,Male,PROD5079,Inverse tertiary algorithm,Electronics,Smartphones,521.49,3,0.0,1564.47,E-Wallet,"New Kimberly, South Carolina",2.0,False,False
TXN04469,2024-09-15,09:50:22,db05bb11,24,Male,PROD2981,Focused high-level support,Sports,Team Sports,37.75,1,0.0,37.75,Debit Card,"Washingtonland, Maryland",1.2,False,True
TXN04470,2025-02-22,09:50:22,79ed3c9a,70,Female,PROD1672,Triple-buffered user-facing model,Beauty,Makeup,36.46,2,0.24,55.42,Bank Transfer,"Sharpside, Virginia",,False,False
TXN04471,2023-02-05,09:50:22,0a3dfa94,41,Female,PROD9542,Fully-configurable optimal initiative,Electronics,Smartphones,756.76,5,0.0,3783.8,E-Wallet,"North Krystal, Missouri",3.0,False,True
TXN04472,2025-03-29,09:50:22,df377fda,41,Female,PROD5804,De-engineered didactic open architecture,Sports,Outdoor,55.9,4,0.0,223.6,Bank Transfer,"Melissafurt, Tennessee",2.4,False,True
TXN04473,2025-05-03,09:50:22,01ad8138,69,Female,PROD3137,Proactive methodical analyzer,Home & Kitchen,Decor,158.1,4,0.0,632.4,Credit Card,"East Michaelburgh, New Hampshire",,False,False
TXN04474,2024-02-11,09:50:22,1172f140,21,Female,PROD3862,Team-oriented composite concept,Beauty,Tools,46.92,3,0.1,126.68,Debit Card,"Gallowaychester, New Mexico",1.4,False,False
TXN04475,2025-01-26,09:50:22,bd83f2f9,64,Male,PROD6212,Reduced demand-driven forecast,Beauty,Tools,40.28,5,0.0,201.4,Cash,"Lake Sheristad, New York",,False,False
TXN04476,2024-01-10,09:50:22,191e23fa,63,Male,PROD7144,Programmable tangible complexity,Health,Supplements,20.78,1,0.06,19.53,Bank Transfer,"Paynefort, North Carolina",2.0,False,True
TXN04477,2023-10-01,09:50:22,7abb05e0,30,Female,PROD8915,Managed uniform Graphic Interface,Clothing,Shoes,72.7,3,0.0,218.1,Debit Card,"Sarahshire, Virginia",1.9,False,False
TXN04478,2022-08-11,09:50:22,51c2d7ed,47,Female,PROD6835,Expanded composite framework,Grocery,Snacks,2.11,4,0.0,8.44,Bank Transfer,"East Bethland, Kentucky",,False,False
TXN04479,2024-07-29,09:50:22,381a37f2,32,Male,PROD5011,Implemented optimizing secured line,Toys,Puzzles,51.08,5,0.0,255.4,Cash,"New David, Colorado",3.7,False,False
TXN04480,2022-11-24,09:50:22,bcc17297,54,Male,PROD7688,Optional demand-driven groupware,Sports,Cycling,6.11,1,0.0,6.11,Cash,"East Kristinberg, Wyoming",,False,False
TXN04481,2023-04-05,09:50:22,caa78e9a,63,Female,PROD6784,Digitized logistical architecture,Health,Vitamins,35.72,4,0.0,142.88,Cash,"Stephenstad, Florida",,False,True
TXN04482,2022-09-05,09:50:22,cd459778,68,Female,PROD2710,Reverse-engineered system-worthy customer loyalty,Books,Children,13.1,5,0.0,65.5,Credit Card,"Parkerfurt, Nebraska",3.2,False,False
TXN04483,2023-07-21,09:50:22,5deff6f1,55,Female,PROD1128,Multi-tiered radical frame,Health,Vitamins,41.07,1,0.0,41.07,Bank Transfer,"Jeanton, New Jersey",,False,False
TXN04484,2023-10-08,09:50:22,5fafda33,59,Female,PROD4049,Fully-configurable scalable definition,Toys,Puzzles,29.32,2,0.0,58.64,Cash,"Tanyaland, Wisconsin",,False,True
TXN04485,2025-01-05,09:50:22,1b762cea,39,Female,PROD5043,User-centric full-range alliance,Clothing,Men,2.16,4,0.0,8.64,E-Wallet,"North Deniseside, Illinois",,False,True
TXN04486,2022-11-19,09:50:22,921ae232,63,Female,PROD2369,Inverse even-keeled project,Toys,Puzzles,38.41,2,0.0,76.82,Credit Card,"Kevinside, Utah",3.4,False,True
TXN04487,2024-11-12,09:50:22,9073c4d3,68,Male,PROD3064,Programmable demand-driven time-frame,Home & Kitchen,Appliances,79.55,2,0.0,159.1,Credit Card,"Lake Craig, North Dakota",1.1,False,False
TXN04488,2024-03-21,09:50:22,9b81da84,37,Male,PROD6318,Advanced attitude-oriented pricing structure,Health,Supplements,47.62,1,0.0,47.62,Debit Card,"New Trevor, Michigan",,False,True
TXN04489,2023-10-20,09:50:22,7d93d4fc,43,Male,PROD2092,Virtual multi-tasking parallelism,Grocery,Snacks,30.03,4,0.29,85.29,Credit Card,"Timothytown, Pennsylvania",3.6,False,False
TXN04490,2024-05-14,09:50:22,f98ce740,40,Male,PROD6234,Universal 4thgeneration hub,Toys,Educational,37.91,1,0.0,37.91,Bank Transfer,"Port Matthew, Delaware",,False,True
TXN04491,2024-05-12,09:50:22,2f6a33c5,40,Female,PROD8262,Reverse-engineered multi-tasking extranet,Health,Supplements,10.85,1,0.0,10.85,Debit Card,"New Roger, Georgia",,True,False
TXN04492,2023-10-15,09:50:22,f44a8cfe,39,Female,PROD1103,Streamlined homogeneous solution,Health,First Aid,18.21,2,0.0,36.42,Credit Card,"Lake William, Georgia",,False,False
TXN04493,2024-04-09,09:50:22,5edf0eec,30,Female,PROD9983,Organic homogeneous focus group,Beauty,Fragrances,20.83,1,0.0,20.83,E-Wallet,"South Oscarborough, Kansas",3.8,False,True
TXN04494,2022-06-15,09:50:22,31b75d76,67,Female,PROD3191,Cross-group system-worthy matrix,Beauty,Haircare,47.13,2,0.0,94.26,Cash,"Port Jasmine, Illinois",,False,False
TXN04495,2024-08-26,09:50:22,4346b56d,39,Female,PROD1887,Progressive dynamic info-mediaries,Books,Cookbooks,63.55,3,0.0,190.65,Cash,"Ericahaven, Mississippi",3.7,False,True
TXN04496,2023-01-09,09:50:22,cd87bb40,49,Male,PROD6500,Cross-group fault-tolerant initiative,Books,Educational,13.9,1,0.19,11.26,Credit Card,"New Christine, West Virginia",2.7,False,False
TXN04497,2024-04-24,09:50:22,d041fc0a,43,Female,PROD9008,Distributed national utilization,Beauty,Haircare,51.54,3,0.0,154.62,Credit Card,"New Shawna, Iowa",,False,True
TXN04498,2023-06-17,09:50:22,a317df29,24,Male,PROD9500,Compatible reciprocal challenge,Electronics,Cameras,66.06,2,0.1,118.91,Cash,"Larrymouth, Maine",2.2,False,False
TXN04499,2023-04-28,09:50:22,f1041b08,31,Female,PROD8475,Compatible secondary matrices,Sports,Team Sports,6.12,2,0.0,12.24,E-Wallet,"Thomasberg, Nebraska",4.9,False,False
TXN04500,2023-12-09,09:50:22,5aa889a6,28,Male,PROD6447,Optimized incremental project,Automotive,Car Care,10.82,5,0.0,54.1,Bank Transfer,"Smithfurt, Maryland",,False,False
TXN04501,2024-05-02,09:50:22,5c762c6a,59,Female,PROD1120,Fundamental global moderator,Grocery,Canned Goods,2.95,1,0.29,2.09,E-Wallet,"Bateshaven, Georgia",4.7,False,False
TXN04502,2024-03-01,09:50:22,7ed3ccaa,61,Female,PROD6488,Optional incremental encryption,Books,Fiction,1.99,2,0.0,3.98,Credit Card,"Lake Robinhaven, Vermont",2.4,False,True
TXN04503,2025-03-16,09:50:22,ea4f3cf1,26,Male,PROD4075,Open-source composite emulation,Clothing,Women,62.39,1,0.13,54.28,Debit Card,"Clarkborough, Arizona",1.9,False,False
TXN04504,2025-01-28,09:50:22,9ae1f4c5,68,Male,PROD3052,User-friendly fresh-thinking productivity,Books,Non-Fiction,25.72,5,0.0,128.6,Debit Card,"Port Nicholasfurt, Ohio",,False,False
TXN04505,2024-11-06,09:50:22,4f67ec9f,44,Female,PROD9319,Customer-focused 4thgeneration knowledgebase,Toys,Dolls,37.59,5,0.14,161.64,Bank Transfer,"North Brianna, Oregon",,False,False
TXN04506,2022-10-13,09:50:22,2aa337ad,62,Male,PROD4602,Up-sized didactic access,Beauty,Tools,43.81,1,0.0,43.81,E-Wallet,"West Ericton, Utah",3.2,False,False
TXN04507,2024-06-24,09:50:22,1a068308,49,Male,PROD9054,Up-sized eco-centric functionalities,Beauty,Haircare,35.31,3,0.0,105.93,Debit Card,"Christinamouth, Minnesota",3.4,False,False
TXN04508,2023-12-13,09:50:22,8a623de3,43,Female,PROD7554,De-engineered maximized orchestration,Home & Kitchen,Bedding,166.04,2,0.21,262.34,Bank Transfer,"Lake Mariahfurt, Alabama",,False,False
TXN04509,2024-12-10,09:50:22,35d45aa7,42,Male,PROD5838,Secured well-modulated analyzer,Home & Kitchen,Bedding,115.13,1,0.0,115.13,Credit Card,"New Lesliehaven, Maine",,False,False
TXN04510,2023-02-26,09:50:22,4a1de6a0,20,Female,PROD7082,Horizontal modular secured line,Electronics,TVs,262.6,3,0.0,787.8,Credit Card,"Port Elizabethport, Massachusetts",1.3,False,False
TXN04511,2023-04-14,09:50:22,9a1986bc,56,Male,PROD8504,Multi-lateral client-driven parallelism,Toys,Games,51.16,1,0.0,51.16,E-Wallet,"Gainesside, California",2.9,False,True
TXN04512,2024-03-26,09:50:22,0f92447f,32,Female,PROD6328,Compatible background standardization,Clothing,Women,32.33,5,0.0,161.65,Cash,"Jasonfurt, Maryland",,False,False
TXN04513,2024-09-15,09:50:22,5d38c80d,49,Female,PROD1595,Optimized local secured line,Sports,Cycling,11.29,2,0.29,16.03,Debit Card,"Lake Sarah, Ohio",4.4,False,False
TXN04514,2024-08-11,09:50:22,87552dbd,67,Female,PROD5231,Optional national protocol,Toys,Games,26.44,4,0.12,93.07,Bank Transfer,"South Richardport, Utah",,False,False
TXN04515,2022-09-29,09:50:22,9521a6f6,41,Male,PROD2653,Configurable static encryption,Health,First Aid,11.74,5,0.0,58.7,Debit Card,"Robertsstad, South Dakota",,False,False
TXN04516,2022-10-15,09:50:22,e0183eaf,23,Male,PROD7402,Business-focused hybrid projection,Grocery,Dairy,21.65,2,0.0,43.3,Debit Card,"West Kimberlybury, Delaware",,False,False
TXN04517,2023-04-02,09:50:22,6df4008b,51,Female,PROD4267,User-friendly static encoding,Books,Children,36.88,3,0.0,110.64,E-Wallet,"Bryantside, Delaware",3.1,False,False
TXN04518,2024-04-08,09:50:22,c6cefd93,60,Male,PROD7453,Right-sized heuristic open architecture,Automotive,Tools,36.97,1,0.0,36.97,Cash,"Westbury, Wisconsin",,False,False
TXN04519,2023-08-16,09:50:22,50059e59,35,Male,PROD6746,Decentralized explicit project,Clothing,Accessories,23.07,4,0.0,92.28,Credit Card,"Bankstown, West Virginia",2.4,False,True
TXN04520,2024-02-07,09:50:22,462b9091,60,Male,PROD3001,Fully-configurable systematic orchestration,Clothing,Accessories,35.37,5,0.0,176.85,Bank Transfer,"West James, Alaska",3.1,False,True
TXN04521,2024-02-13,09:50:22,46eb3345,23,Male,PROD3726,Adaptive national frame,Toys,Action Figures,51.49,3,0.27,112.76,Cash,"New Heather, New Jersey",1.1,False,False
TXN04522,2023-12-23,09:50:22,0623d2e1,65,Male,PROD6663,Team-oriented mobile circuit,Automotive,Electronics,39.93,2,0.0,79.86,Credit Card,"New Joshualand, Idaho",,False,True
TXN04523,2023-11-04,09:50:22,d8868428,34,Female,PROD1598,Triple-buffered zero administration Local Area Network,Clothing,Accessories,112.25,5,0.0,561.25,Credit Card,"South Williamside, Rhode Island",,False,True
TXN04524,2024-07-23,09:50:22,06de6032,29,Female,PROD4735,Operative 24/7 support,Home & Kitchen,Bedding,202.61,3,0.0,607.83,Bank Transfer,"Boltonport, Montana",3.3,False,False
TXN04525,2023-11-12,09:50:22,1e0788fd,35,Male,PROD6882,Function-based static function,Automotive,Tools,52.89,1,0.0,52.89,E-Wallet,"North Joshua, Indiana",,False,False
TXN04526,2024-11-02,09:50:22,2bbb9de4,35,Male,PROD9654,Seamless disintermediate encryption,Electronics,Laptops,222.43,3,0.0,667.29,Credit Card,"Callahanland, California",4.3,False,False
TXN04527,2024-05-18,09:50:22,a496b2e1,57,Male,PROD9810,Open-source bottom-line knowledgebase,Health,Wellness,45.28,3,0.0,135.84,Bank Transfer,"Samanthaton, North Carolina",4.6,False,False
TXN04528,2025-04-06,09:50:22,821eabfe,54,Female,PROD1572,Up-sized grid-enabled core,Automotive,Parts,28.94,1,0.0,28.94,Credit Card,"West Charlesland, West Virginia",1.6,False,False
TXN04529,2024-11-13,09:50:22,13a54adf,39,Male,PROD7411,Fundamental web-enabled workforce,Grocery,Dairy,18.98,1,0.0,18.98,Debit Card,"West Margaretside, California",,False,False
TXN04530,2024-08-30,09:50:22,033be4df,21,Female,PROD8688,Fully-configurable radical budgetary management,Grocery,Dairy,33.36,1,0.26,24.69,Bank Transfer,"East Brian, Massachusetts",4.2,False,False
TXN04531,2023-04-13,09:50:22,b3243272,20,Male,PROD8055,Face-to-face national budgetary management,Home & Kitchen,Bedding,186.16,5,0.0,930.8,Cash,"East Peter, Arkansas",4.7,False,True
TXN04532,2023-05-17,09:50:22,e7069bd5,43,Male,PROD3005,Advanced motivating secured line,Toys,Puzzles,40.02,5,0.0,200.1,Debit Card,"Marthaburgh, Nevada",4.9,False,False
TXN04533,2022-06-22,09:50:22,6d067219,32,Male,PROD6028,Expanded composite support,Sports,Cycling,12.43,4,0.0,49.72,E-Wallet,"Brandyfort, Wyoming",3.1,False,False
TXN04534,2023-01-17,09:50:22,966d229d,26,Female,PROD1353,Pre-emptive exuding superstructure,Grocery,Bakery,44.85,2,0.21,70.86,Credit Card,"North Julieland, Ohio",,False,False
TXN04535,2023-08-29,09:50:22,8df409a8,43,Male,PROD8363,Networked zero-defect hierarchy,Toys,Action Figures,17.25,3,0.0,51.75,Cash,"Frazierstad, Wyoming",,False,True
TXN04536,2023-10-03,09:50:22,5ee2951d,47,Female,PROD7606,Persistent system-worthy algorithm,Grocery,Dairy,34.33,1,0.0,34.33,Bank Transfer,"Brownborough, Georgia",,False,False
TXN04537,2022-10-16,09:50:22,54df3027,42,Male,PROD7315,Ameliorated reciprocal intranet,Electronics,TVs,439.33,4,0.0,1757.32,Cash,"Samanthaville, Virginia",2.5,False,True
TXN04538,2023-07-11,09:50:22,58de672e,29,Male,PROD1952,Persistent tangible website,Grocery,Bakery,25.62,1,0.0,25.62,Bank Transfer,"East Denise, California",,False,False
TXN04539,2023-04-12,09:50:22,397db451,19,Female,PROD9800,Assimilated context-sensitive groupware,Home & Kitchen,Furniture,173.64,1,0.0,173.64,Bank Transfer,"Kathrynside, Tennessee",,False,False
TXN04540,2024-07-27,09:50:22,de1c1f24,39,Female,PROD4567,User-centric client-driven firmware,Grocery,Dairy,9.2,1,0.0,9.2,Credit Card,"Cabreraburgh, Utah",,False,False
TXN04541,2022-12-02,09:50:22,49d9406d,57,Male,PROD1394,Cross-group client-driven infrastructure,Sports,Cycling,68.9,1,0.2,55.12,Bank Transfer,"North George, Tennessee",,False,True
TXN04542,2022-11-17,09:50:22,ba72a0e9,21,Female,PROD5861,Cross-platform real-time open architecture,Electronics,TVs,135.78,3,0.0,407.34,Cash,"East Tommy, Maine",3.9,False,True
TXN04543,2022-09-13,09:50:22,389ca657,57,Male,PROD9946,Polarized scalable throughput,Clothing,Women,32.07,5,0.08,147.52,E-Wallet,"Rubioburgh, Pennsylvania",3.3,False,False
TXN04544,2024-12-30,09:50:22,3cd6cc49,33,Male,PROD4853,Configurable analyzing time-frame,Automotive,Accessories,37.4,1,0.0,37.4,Credit Card,"Kimberlyview, Idaho",,False,False
TXN04545,2022-08-24,09:50:22,2a646642,22,Female,PROD6976,Realigned eco-centric emulation,Grocery,Dairy,41.69,1,0.0,41.69,Credit Card,"North Nicholas, New Mexico",2.1,False,False
TXN04546,2022-06-28,09:50:22,9598d880,60,Male,PROD4021,Versatile well-modulated throughput,Sports,Cycling,27.99,1,0.0,27.99,Credit Card,"East Jamiehaven, Oregon",1.0,False,True
TXN04547,2024-07-27,09:50:22,24fa9247,59,Male,PROD1686,Sharable bifurcated Graphic Interface,Health,First Aid,28.85,5,0.0,144.25,Cash,"Griffinton, Maine",,False,False
TXN04548,2025-04-13,09:50:22,c6247406,27,Male,PROD9154,Exclusive client-server focus group,Automotive,Electronics,38.21,5,0.0,191.05,Credit Card,"East Tyler, Maryland",,False,False
TXN04549,2022-10-23,09:50:22,ac4af5fc,50,Male,PROD6030,Operative regional hierarchy,Automotive,Accessories,25.38,1,0.27,18.53,Cash,"South Johnport, California",,False,True
TXN04550,2022-12-04,09:50:22,8423c3e9,23,Female,PROD9211,Customizable next generation emulation,Home & Kitchen,Cookware,217.52,2,0.0,435.04,Debit Card,"North Carol, Nevada",2.1,False,True
TXN04551,2023-10-25,09:50:22,1e35eff9,23,Male,PROD2077,Mandatory motivating utilization,Books,Fiction,46.79,2,0.0,93.58,Debit Card,"New James, Kansas",,False,False
TXN04552,2023-03-20,09:50:22,e47b7b6f,67,Male,PROD4929,Re-contextualized asymmetric database,Health,Vitamins,47.46,1,0.0,47.46,Debit Card,"Butlerville, Virginia",4.0,False,False
TXN04553,2022-10-25,09:50:22,6a20d459,24,Male,PROD7169,Customizable methodical function,Electronics,Laptops,306.77,3,0.06,865.09,Bank Transfer,"North Robert, South Carolina",,False,False
TXN04554,2024-07-12,09:50:22,e3c6a086,68,Female,PROD9847,Devolved multi-state firmware,Automotive,Parts,28.41,3,0.0,85.23,Bank Transfer,"South Michelle, Tennessee",2.9,False,True
TXN04555,2024-01-29,09:50:22,8e4aa68c,26,Male,PROD5937,Synchronized stable monitoring,Books,Educational,23.99,5,0.0,119.95,Debit Card,"Reneeville, New York",3.3,False,False
TXN04556,2023-08-18,09:50:22,4cafcec3,51,Male,PROD6637,Implemented systemic task-force,Sports,Cycling,9.89,1,0.07,9.2,Cash,"East Earlstad, Texas",,False,False
TXN04557,2023-09-24,09:50:22,72f24445,38,Male,PROD6242,Organized next generation orchestration,Grocery,Snacks,37.2,4,0.0,148.8,Credit Card,"North Paulchester, Arizona",,False,False
TXN04558,2023-12-08,09:50:22,769df20c,19,Female,PROD5494,Extended exuding functionalities,Automotive,Electronics,19.25,1,0.0,19.25,Cash,"South Markbury, Utah",3.4,False,True
TXN04559,2024-10-29,09:50:22,6f001baf,48,Male,PROD5247,Virtual real-time policy,Electronics,Cameras,631.08,3,0.0,1893.24,Bank Transfer,"Port Tylertown, Hawaii",,False,True
TXN04560,2023-01-19,09:50:22,82d54ce1,39,Male,PROD7333,Polarized methodical methodology,Beauty,Fragrances,8.6,2,0.0,17.2,Bank Transfer,"Port Michelle, Kansas",4.3,False,True
TXN04561,2023-01-29,09:50:22,2a162726,29,Male,PROD1976,Front-line even-keeled approach,Automotive,Parts,64.38,3,0.11,171.89,Debit Card,"Oliviamouth, Arkansas",,False,False
TXN04562,2025-04-18,09:50:22,359807a0,30,Female,PROD1384,Operative mission-critical time-frame,Electronics,Smartphones,320.73,2,0.0,641.46,Debit Card,"North Jacqueline, Illinois",,False,False
TXN04563,2023-04-20,09:50:22,5b884f29,28,Female,PROD1585,Progressive homogeneous system engine,Clothing,Kids,56.58,4,0.0,226.32,Bank Transfer,"North Jenniferberg, Alaska",,False,False
TXN04564,2022-07-03,09:50:22,a4ef8765,55,Male,PROD9241,Enterprise-wide modular task-force,Beauty,Makeup,45.84,3,0.0,137.52,Debit Card,"Amyburgh, Indiana",4.2,False,False
TXN04565,2022-07-16,09:50:22,cfe05305,30,Male,PROD1924,Customer-focused background hub,Sports,Team Sports,18.59,4,0.0,74.36,E-Wallet,"North Mark, Kentucky",,False,True
TXN04566,2024-05-05,09:50:22,b41bea7a,33,Female,PROD1052,Profit-focused secondary system engine,Electronics,TVs,670.49,5,0.0,3352.45,Bank Transfer,"North Johnnymouth, Utah",1.5,False,False
TXN04567,2024-03-02,09:50:22,bba75c9f,57,Male,PROD5120,Realigned multi-state structure,Health,Supplements,5.42,3,0.0,16.26,Bank Transfer,"Beckyview, New Jersey",3.7,False,False
TXN04568,2025-01-05,09:50:22,e4b1522e,65,Female,PROD6509,Organic analyzing contingency,Grocery,Beverages,59.04,2,0.25,88.56,Bank Transfer,"Robertbury, Missouri",4.5,False,False
TXN04569,2024-12-17,09:50:22,d2540e26,66,Female,PROD3506,Re-engineered uniform approach,Electronics,Laptops,502.83,2,0.18,824.64,Cash,"New Benjamin, Oregon",1.8,False,False
TXN04570,2023-11-14,09:50:22,01f02d42,56,Male,PROD5178,Cloned heuristic moratorium,Grocery,Beverages,18.07,3,0.0,54.21,Credit Card,"Burtonmouth, Mississippi",3.2,False,False
TXN04571,2024-11-02,09:50:22,1525c76d,19,Male,PROD8368,Managed maximized functionalities,Electronics,Smartphones,440.16,3,0.16,1109.2,Bank Transfer,"Gonzalezville, California",4.7,False,False
TXN04572,2023-02-06,09:50:22,f194b0e7,67,Male,PROD8230,Face-to-face mission-critical middleware,Toys,Action Figures,46.18,1,0.0,46.18,Bank Transfer,"South Thomasview, Connecticut",,False,False
TXN04573,2023-05-03,09:50:22,7fd21c73,59,Male,PROD8605,Quality-focused solution-oriented help-desk,Health,Wellness,18.31,4,0.0,73.24,Credit Card,"Fordside, Colorado",,False,False
TXN04574,2024-11-26,09:50:22,bdc90d1c,60,Male,PROD5184,Profound non-volatile projection,Clothing,Shoes,27.52,3,0.3,57.79,Bank Transfer,"Nicoleshire, Iowa",,False,False
TXN04575,2024-10-12,09:50:22,af8382a7,52,Male,PROD9733,Assimilated user-facing methodology,Electronics,Smartphones,455.69,2,0.0,911.38,Debit Card,"East Bianca, New Mexico",3.0,False,True
TXN04576,2025-04-12,09:50:22,22024e27,41,Female,PROD9467,Devolved reciprocal throughput,Electronics,Laptops,264.61,2,0.0,529.22,Cash,"Hallstad, Nebraska",1.1,False,False
TXN04577,2025-05-03,09:50:22,1ceb9656,69,Female,PROD6092,Enterprise-wide zero administration monitoring,Grocery,Canned Goods,66.41,1,0.0,66.41,Credit Card,"Blaketon, Colorado",,False,False
TXN04578,2024-01-30,09:50:22,18962c6e,63,Female,PROD5676,Distributed uniform definition,Health,Supplements,18.67,5,0.0,93.35,Cash,"Lake Danielmouth, North Carolina",,False,False
TXN04579,2024-04-16,09:50:22,6c84b533,18,Female,PROD7040,Cloned 5thgeneration process improvement,Home & Kitchen,Decor,178.21,5,0.0,891.05,Debit Card,"South Michael, Ohio",,False,False
TXN04580,2025-01-16,09:50:22,de99b078,65,Male,PROD1181,Mandatory systematic model,Sports,Yoga,34.19,1,0.0,34.19,Cash,"Lake Nathanport, Ohio",,False,True
TXN04581,2023-08-14,09:50:22,1197252c,62,Female,PROD9462,Fundamental incremental hierarchy,Beauty,Tools,10.31,1,0.0,10.31,Bank Transfer,"Roberthaven, Maryland",,False,True
TXN04582,2022-11-05,09:50:22,98a54d93,32,Male,PROD1829,Cross-platform coherent system engine,Grocery,Dairy,29.88,2,0.12,52.59,Credit Card,"Shawnmouth, Utah",,False,False
TXN04583,2024-10-26,09:50:22,0987f097,41,Female,PROD9807,Operative interactive installation,Electronics,Laptops,656.8,5,0.08,3021.28,Cash,"Bethanyfort, Illinois",1.0,False,True
TXN04584,2024-01-26,09:50:22,3be1de79,39,Male,PROD5934,Adaptive non-volatile array,Toys,Dolls,26.23,3,0.0,78.69,Cash,"Stephenport, Idaho",,False,False
TXN04585,2024-05-24,09:50:22,5cb9d84d,43,Male,PROD4817,Optional tangible architecture,Books,Children,53.86,3,0.18,132.5,Debit Card,"Port Mariashire, Pennsylvania",,False,False
TXN04586,2024-08-27,09:50:22,1a65c4ef,49,Male,PROD6039,Monitored solution-oriented alliance,Health,Medical,50.43,5,0.0,252.15,Credit Card,"West Nicholastown, Montana",,False,False
TXN04587,2023-10-20,09:50:22,7ea6b120,66,Female,PROD3903,User-friendly zero administration hub,Beauty,Makeup,48.38,5,0.0,241.9,Bank Transfer,"East Jefferybury, Illinois",,False,False
TXN04588,2023-03-20,09:50:22,00b8dd06,21,Female,PROD5285,Multi-layered next generation archive,Home & Kitchen,Appliances,87.82,5,0.0,439.1,Debit Card,"Melissaborough, Alabama",4.0,False,False
TXN04589,2024-01-17,09:50:22,88f61d69,34,Female,PROD1824,Quality-focused zero administration concept,Books,Children,8.4,1,0.14,7.22,Bank Transfer,"Robertborough, Louisiana",,False,False
TXN04590,2022-05-27,09:50:22,f0fc3490,64,Male,PROD6337,Customer-focused exuding open architecture,Grocery,Snacks,17.73,1,0.0,17.73,Bank Transfer,"North Mariahport, Illinois",2.4,False,False
TXN04591,2022-05-06,09:50:22,987cd22c,58,Female,PROD1755,Synergized national access,Beauty,Makeup,33.92,5,0.0,169.6,Debit Card,"Lake Tanya, Washington",2.9,False,True
TXN04592,2025-04-11,09:50:22,86cfe5db,36,Male,PROD7659,Adaptive exuding software,Beauty,Fragrances,40.92,1,0.0,40.92,Credit Card,"Barrerafort, Massachusetts",,False,True
TXN04593,2023-02-09,09:50:22,9a345b3d,68,Male,PROD8734,Upgradable secondary alliance,Beauty,Fragrances,1.99,1,0.0,1.99,Cash,"Lake Ryan, New Jersey",,False,False
TXN04594,2024-04-09,09:50:22,5813d2b7,34,Male,PROD6791,Persevering modular hardware,Sports,Team Sports,29.84,3,0.0,89.52,E-Wallet,"Michaelville, Alaska",,False,False
TXN04595,2023-12-14,09:50:22,4e1f24a0,66,Male,PROD8025,Cross-group 5thgeneration hierarchy,Clothing,Accessories,54.74,1,0.0,54.74,Cash,"North Cindyton, Iowa",,False,True
TXN04596,2024-12-21,09:50:22,4811cda6,35,Female,PROD8415,Upgradable local superstructure,Sports,Fitness,24.45,3,0.05,69.68,Debit Card,"South Keith, Nevada",4.1,False,False
TXN04597,2025-05-05,09:50:22,0f17c909,32,Female,PROD4777,Multi-layered user-facing installation,Health,Wellness,55.83,2,0.0,111.66,Credit Card,"Singhstad, Oklahoma",,False,False
TXN04598,2022-05-23,09:50:22,284b0de7,33,Male,PROD9176,Reduced content-based data-warehouse,Grocery,Canned Goods,38.44,2,0.0,76.88,Debit Card,"East Andrewfurt, Nebraska",1.4,False,False
TXN04599,2025-02-06,09:50:22,1505d59e,31,Male,PROD4927,Distributed explicit synergy,Health,Medical,56.2,5,0.0,281.0,Credit Card,"Lake Mariaport, Utah",2.0,False,True
TXN04600,2025-01-07,09:50:22,3d1bbd11,43,Female,PROD9036,Function-based bandwidth-monitored emulation,Sports,Team Sports,25.68,4,0.0,102.72,Cash,"Brianmouth, Texas",,False,False
TXN04601,2024-01-09,09:50:22,2330b7d8,69,Female,PROD1061,Profound bottom-line database,Clothing,Shoes,78.12,1,0.0,78.12,Cash,"Natalieburgh, Washington",1.2,False,False
TXN04602,2022-05-24,09:50:22,f78c5a05,35,Female,PROD4217,Universal zero tolerance array,Health,Supplements,62.7,3,0.0,188.1,Bank Transfer,"Perkinstown, Nevada",3.8,False,False
TXN04603,2024-10-03,09:50:22,a2c1812e,26,Female,PROD8447,Mandatory discrete workforce,Sports,Yoga,56.23,2,0.0,112.46,Cash,"Alexisstad, South Dakota",2.2,False,False
TXN04604,2023-12-26,09:50:22,68ced080,45,Male,PROD2511,Vision-oriented tangible hardware,Automotive,Electronics,8.16,2,0.0,16.32,E-Wallet,"Jenniferton, New Jersey",,False,False
TXN04605,2023-08-22,09:50:22,74b984bd,40,Female,PROD2097,Total incremental budgetary management,Home & Kitchen,Appliances,102.24,1,0.0,102.24,E-Wallet,"Lake Kaitlyntown, New Mexico",3.6,False,False
TXN04606,2022-05-20,09:50:22,029bb461,64,Female,PROD8477,Extended discrete architecture,Home & Kitchen,Furniture,95.84,3,0.0,287.52,Debit Card,"East Annaborough, Mississippi",4.9,False,False
TXN04607,2024-06-09,09:50:22,3235985e,66,Female,PROD4617,Total multimedia knowledge user,Home & Kitchen,Decor,154.25,4,0.25,462.75,Debit Card,"Wendymouth, Indiana",,True,False
TXN04608,2023-05-27,09:50:22,bcd4d476,48,Female,PROD4351,Robust homogeneous help-desk,Health,Wellness,43.73,2,0.0,87.46,Debit Card,"Garyberg, Oregon",,False,False
TXN04609,2024-08-26,09:50:22,21b432b8,65,Female,PROD3326,Expanded interactive challenge,Toys,Dolls,13.22,5,0.08,60.81,E-Wallet,"Jasonberg, Kentucky",,False,False
TXN04610,2024-10-17,09:50:22,569fe390,21,Female,PROD8573,Grass-roots actuating challenge,Health,Wellness,31.36,4,0.0,125.44,Cash,"Melindafort, New Jersey",,False,False
TXN04611,2024-07-22,09:50:22,5f5b650e,46,Female,PROD8481,Implemented client-driven matrices,Toys,Puzzles,1.99,3,0.0,5.97,Credit Card,"South Anthonyborough, Wyoming",1.1,False,False
TXN04612,2023-09-29,09:50:22,cf50e611,42,Female,PROD3526,Cross-group mobile database,Health,Supplements,58.84,5,0.0,294.2,E-Wallet,"Teresashire, Pennsylvania",,False,False
TXN04613,2023-04-05,09:50:22,5e42dace,32,Female,PROD9026,Configurable object-oriented secured line,Health,Vitamins,19.75,5,0.0,98.75,Debit Card,"Smithberg, Utah",3.3,False,False
TXN04614,2024-07-12,09:50:22,e6cce08c,43,Male,PROD1302,Reverse-engineered content-based methodology,Health,First Aid,31.12,4,0.0,124.48,Cash,"Pittsport, Arizona",,False,False
TXN04615,2024-06-18,09:50:22,8d89039b,67,Male,PROD2601,Virtual 5thgeneration ability,Sports,Fitness,23.81,3,0.19,57.86,Credit Card,"Janicebury, Louisiana",,False,False
TXN04616,2023-07-31,09:50:22,a5d9353e,48,Female,PROD3025,Monitored 6thgeneration frame,Home & Kitchen,Bedding,200.22,2,0.3,280.31,E-Wallet,"Laurenchester, South Carolina",3.4,False,True
TXN04617,2023-10-26,09:50:22,ecf2f3a5,26,Male,PROD3371,Ameliorated 24hour implementation,Toys,Action Figures,1.99,4,0.0,7.96,Credit Card,"West Brittany, Wisconsin",,False,False
TXN04618,2022-10-15,09:50:22,49422ff8,62,Female,PROD8092,Synergistic dynamic framework,Beauty,Haircare,29.67,4,0.0,118.68,E-Wallet,"Edwardston, New York",2.3,False,False
TXN04619,2024-09-16,09:50:22,a95a980d,30,Male,PROD4239,Assimilated multi-state policy,Toys,Games,27.88,4,0.0,111.52,Cash,"Lake Carla, Florida",,False,False
TXN04620,2023-09-08,09:50:22,4dc53206,56,Male,PROD8457,Persevering disintermediate contingency,Automotive,Parts,20.93,1,0.0,20.93,Credit Card,"Gilbertmouth, Alaska",1.7,False,True
TXN04621,2025-03-29,09:50:22,cc822a40,38,Female,PROD1905,Innovative client-driven hierarchy,Automotive,Parts,64.52,4,0.0,258.08,Cash,"East Dawnborough, Alaska",,False,False
TXN04622,2023-11-13,09:50:22,3835b27a,45,Female,PROD7363,Stand-alone non-volatile moderator,Books,Fiction,12.25,3,0.0,36.75,Debit Card,"Dustinmouth, Kansas",,False,False
TXN04623,2023-12-10,09:50:22,dbe07d4d,50,Male,PROD8035,Open-architected fresh-thinking task-force,Health,First Aid,45.44,4,0.0,181.76,Cash,"Karenmouth, Arkansas",,False,True
TXN04624,2025-04-29,09:50:22,06b8082b,43,Female,PROD1761,Quality-focused client-server capability,Grocery,Snacks,37.13,1,0.07,34.53,E-Wallet,"Williamstown, Ohio",3.3,False,True
TXN04625,2023-11-07,09:50:22,b261f5cb,26,Male,PROD6630,Multi-tiered motivating concept,Electronics,Laptops,752.3,4,0.0,3009.2,Debit Card,"New Johnmouth, Maine",,False,True
TXN04626,2024-08-28,09:50:22,7029caff,29,Male,PROD3422,Multi-tiered system-worthy functionalities,Health,Medical,16.66,1,0.11,14.83,Cash,"Mclaughlinfort, South Dakota",3.6,False,False
TXN04627,2023-05-26,09:50:22,9b224a10,23,Male,PROD7598,Managed homogeneous Graphical User Interface,Home & Kitchen,Cookware,68.69,3,0.0,206.07,Credit Card,"South Michael, Delaware",,False,False
TXN04628,2022-09-23,09:50:22,1f780302,44,Female,PROD6301,Streamlined bifurcated access,Sports,Team Sports,51.92,1,0.0,51.92,E-Wallet,"Aliciaton, Minnesota",,True,False
TXN04629,2023-05-14,09:50:22,99209a3f,61,Female,PROD3500,Total intermediate approach,Home & Kitchen,Decor,149.77,2,0.0,299.54,Bank Transfer,"West Crystal, New Hampshire",4.2,False,False
TXN04630,2023-02-09,09:50:22,aee44278,33,Male,PROD9359,Self-enabling actuating hierarchy,Grocery,Snacks,1.99,3,0.0,5.97,Credit Card,"North Joanna, West Virginia",2.6,False,False
TXN04631,2023-12-20,09:50:22,5d52f546,44,Male,PROD3106,Profound empowering database,Automotive,Electronics,19.21,5,0.0,96.05,Credit Card,"Abbottland, Colorado",,False,False
TXN04632,2022-12-18,09:50:22,c3d4e874,32,Female,PROD5159,Cross-platform 3rdgeneration concept,Clothing,Men,61.59,3,0.0,184.77,Credit Card,"Paynemouth, Kentucky",,False,False
TXN04633,2024-11-23,09:50:22,1ee4886f,30,Male,PROD3330,Optional heuristic standardization,Electronics,Headphones,667.55,5,0.0,3337.75,E-Wallet,"West Kevinport, Oklahoma",,False,False
TXN04634,2024-11-18,09:50:22,5084ae3e,22,Female,PROD4477,Sharable fault-tolerant throughput,Books,Cookbooks,16.42,1,0.0,16.42,Bank Transfer,"Blackstad, Utah",4.0,False,True
TXN04635,2023-11-14,09:50:22,73da029f,64,Female,PROD4327,Persistent tertiary Internet solution,Home & Kitchen,Bedding,1.99,4,0.0,7.96,Credit Card,"West James, Missouri",1.9,False,False
TXN04636,2025-02-06,09:50:22,b67363f0,64,Female,PROD5928,Focused leadingedge migration,Electronics,TVs,604.64,1,0.0,604.64,Debit Card,"South Seanland, New Mexico",1.7,False,True
TXN04637,2023-05-25,09:50:22,00b00e27,41,Female,PROD3851,Realigned intangible emulation,Beauty,Makeup,5.59,2,0.0,11.18,Credit Card,"Jamesside, New Mexico",1.1,False,False
TXN04638,2024-02-21,09:50:22,d3787830,28,Male,PROD2042,Future-proofed composite encoding,Grocery,Canned Goods,1.99,5,0.0,9.95,Credit Card,"Diazshire, New Mexico",3.5,False,False
TXN04639,2022-06-14,09:50:22,aa065992,23,Female,PROD2785,User-centric dedicated portal,Beauty,Fragrances,1.99,4,0.0,7.96,E-Wallet,"Jacksonchester, Iowa",1.9,False,False
TXN04640,2023-03-13,09:50:22,e23dadc2,54,Male,PROD5140,Diverse asymmetric circuit,Books,Non-Fiction,46.28,1,0.11,41.19,Credit Card,"North Sarahborough, Delaware",3.9,False,False
TXN04641,2022-08-15,09:50:22,48649de8,63,Male,PROD1640,Team-oriented empowering product,Toys,Action Figures,32.57,4,0.0,130.28,Debit Card,"West Patricia, Oregon",,False,False
TXN04642,2025-05-05,09:50:22,2328d18c,21,Female,PROD9034,Synchronized leadingedge definition,Automotive,Parts,25.49,1,0.0,25.49,Debit Card,"Johnville, Florida",3.0,False,True
TXN04643,2022-06-20,09:50:22,7be5c437,21,Male,PROD3154,Exclusive transitional complexity,Grocery,Beverages,57.78,4,0.23,177.96,Credit Card,"Edwardsport, Rhode Island",4.2,False,True
TXN04644,2023-05-21,09:50:22,58cf3dd2,68,Male,PROD4548,Automated 24hour pricing structure,Health,Supplements,42.75,2,0.11,76.09,E-Wallet,"Roberthaven, Maine",1.1,False,False
TXN04645,2022-12-01,09:50:22,2dcb6b33,50,Female,PROD4075,Open-architected impactful Internet solution,Electronics,Headphones,823.26,2,0.0,1646.52,Debit Card,"New Sergio, Oklahoma",,False,False
TXN04646,2023-12-04,09:50:22,564e246e,52,Female,PROD6458,Switchable responsive architecture,Home & Kitchen,Bedding,22.51,3,0.0,67.53,Bank Transfer,"Port Kara, Mississippi",,False,False
TXN04647,2023-11-08,09:50:22,6d85749e,48,Female,PROD4214,Quality-focused mission-critical database,Grocery,Snacks,29.31,4,0.0,117.24,Credit Card,"Jenniferfort, Oklahoma",,False,False
TXN04648,2023-01-17,09:50:22,2c5e2d8c,26,Male,PROD7688,Grass-roots global emulation,Automotive,Car Care,1.99,4,0.0,7.96,Cash,"South Shelly, Alabama",,False,False
TXN04649,2024-10-19,09:50:22,0447d7f1,23,Female,PROD2800,Enhanced optimizing Local Area Network,Sports,Outdoor,25.41,1,0.22,19.82,Bank Transfer,"Lake Laurie, Colorado",,False,False
TXN04650,2022-05-22,09:50:22,09e4b816,25,Male,PROD3415,Multi-channeled radical secured line,Books,Cookbooks,25.03,3,0.0,75.09,Credit Card,"Lake Emily, Minnesota",,False,False
TXN04651,2023-08-25,09:50:22,88f13775,58,Male,PROD5153,Optimized national challenge,Automotive,Tools,42.53,1,0.0,42.53,Debit Card,"Amandamouth, Ohio",3.2,False,False
TXN04652,2022-11-06,09:50:22,c9802468,56,Male,PROD7340,Fully-configurable methodical utilization,Sports,Team Sports,30.91,3,0.18,76.04,Cash,"Lake Randallborough, North Dakota",2.0,False,False
TXN04653,2023-03-10,09:50:22,b608c303,57,Female,PROD5586,Re-engineered holistic hub,Health,Wellness,42.47,4,0.0,169.88,Bank Transfer,"Lake Jessicaville, Rhode Island",4.8,False,False
TXN04654,2022-06-05,09:50:22,0f551252,56,Female,PROD1794,Persistent full-range core,Home & Kitchen,Decor,169.24,5,0.0,846.2,Credit Card,"Westmouth, Maryland",3.3,False,False
TXN04655,2025-02-09,09:50:22,5681e9ca,68,Female,PROD8617,Open-source explicit superstructure,Clothing,Accessories,114.65,5,0.0,573.25,Credit Card,"Darrenport, Montana",,False,True
TXN04656,2023-07-24,09:50:22,76407b15,31,Male,PROD7346,Organic uniform standardization,Automotive,Tools,23.69,3,0.0,71.07,Debit Card,"New Patriciatown, Indiana",,False,False
TXN04657,2024-04-05,09:50:22,9b1aeaa3,52,Female,PROD2656,Future-proofed executive parallelism,Electronics,TVs,311.8,2,0.0,623.6,Bank Transfer,"Lake Samuelmouth, Ohio",,False,True
TXN04658,2024-09-12,09:50:22,1a01b30c,26,Female,PROD9520,User-friendly asymmetric middleware,Books,Cookbooks,34.92,1,0.0,34.92,Debit Card,"Lake Kimberly, Utah",,False,False
TXN04659,2024-02-03,09:50:22,35ea2849,29,Male,PROD2592,Down-sized eco-centric synergy,Beauty,Skincare,13.95,3,0.0,41.85,E-Wallet,"South Michaelmouth, Missouri",1.7,False,False
TXN04660,2025-02-19,09:50:22,cca0b4a8,18,Male,PROD5893,Organized foreground core,Clothing,Kids,94.46,3,0.0,283.38,Cash,"Maxhaven, Kansas",3.6,False,False
TXN04661,2024-06-04,09:50:22,9368ee55,24,Male,PROD8897,Synergized optimizing attitude,Electronics,Smartphones,443.36,4,0.0,1773.44,Credit Card,"Port Jason, Iowa",4.5,False,False
TXN04662,2024-12-10,09:50:22,3f956986,58,Female,PROD1170,Vision-oriented even-keeled benchmark,Books,Non-Fiction,18.69,1,0.0,18.69,Cash,"New Deborahmouth, Indiana",4.8,False,False
TXN04663,2022-07-09,09:50:22,6ee5594a,19,Male,PROD3592,Innovative national system engine,Home & Kitchen,Furniture,87.01,3,0.21,206.21,Cash,"Lake Kevinhaven, Wisconsin",1.0,False,False
TXN04664,2024-03-12,09:50:22,3a355d93,23,Male,PROD1259,Ameliorated global product,Toys,Dolls,44.37,3,0.07,123.79,Cash,"Port Michaelfort, South Dakota",,False,True
TXN04665,2022-10-17,09:50:22,2da1d19d,40,Female,PROD5808,Open-source explicit model,Home & Kitchen,Bedding,108.96,4,0.0,435.84,E-Wallet,"Wellsville, Alaska",2.7,False,False
TXN04666,2023-03-01,09:50:22,c69c90d3,51,Male,PROD7659,Monitored optimizing hardware,Automotive,Accessories,17.17,4,0.0,68.68,Debit Card,"Port Cindyberg, California",1.1,False,False
TXN04667,2022-08-28,09:50:22,949c8862,70,Male,PROD2101,Synergized needs-based toolset,Clothing,Accessories,99.96,5,0.0,499.8,Credit Card,"West Seanshire, Minnesota",3.8,False,False
TXN04668,2023-11-02,09:50:22,ac368899,57,Male,PROD5366,Mandatory foreground parallelism,Automotive,Car Care,12.88,1,0.0,12.88,Debit Card,"Rayview, Wyoming",,False,False
TXN04669,2024-07-17,09:50:22,a71d3ea3,67,Male,PROD9325,Mandatory bifurcated collaboration,Grocery,Snacks,30.71,3,0.0,92.13,E-Wallet,"New Latasha, Mississippi",2.1,False,False
TXN04670,2022-09-29,09:50:22,2cc2d44e,58,Female,PROD8336,Phased explicit analyzer,Grocery,Beverages,43.05,3,0.0,129.15,Bank Transfer,"Gregoryshire, New Mexico",2.6,False,False
TXN04671,2024-12-23,09:50:22,0a5d433c,56,Male,PROD2421,Operative actuating definition,Home & Kitchen,Appliances,5.81,4,0.27,16.97,Bank Transfer,"North Spencermouth, South Carolina",,False,True
TXN04672,2023-05-12,09:50:22,fdfc7105,19,Female,PROD7490,Enterprise-wide background collaboration,Electronics,Headphones,596.05,1,0.0,596.05,Bank Transfer,"South Elizabethburgh, Minnesota",3.6,False,False
TXN04673,2023-06-03,09:50:22,88897732,42,Male,PROD8036,Open-source mission-critical ability,Books,Children,8.9,3,0.14,22.96,E-Wallet,"North Stefanie, California",,False,True
TXN04674,2023-09-30,09:50:22,4b2ab90d,53,Male,PROD4037,Cross-platform well-modulated utilization,Beauty,Makeup,46.46,5,0.0,232.3,Credit Card,"East Jeremyland, Alabama",1.6,False,False
TXN04675,2024-06-25,09:50:22,83eee279,21,Female,PROD3410,Synchronized radical database,Clothing,Accessories,21.12,4,0.0,84.48,E-Wallet,"East Georgemouth, Maine",1.2,False,True
TXN04676,2022-05-31,09:50:22,cc9a96e6,37,Male,PROD1436,Secured 5thgeneration frame,Toys,Games,43.86,4,0.07,163.16,E-Wallet,"East Kelly, Delaware",1.2,False,True
TXN04677,2023-01-10,09:50:22,a623e316,40,Male,PROD2175,Persistent bi-directional workforce,Home & Kitchen,Cookware,197.41,4,0.0,789.64,E-Wallet,"West Jason, Alabama",,False,False
TXN04678,2023-09-27,09:50:22,fdcb754c,49,Female,PROD8889,Right-sized stable standardization,Books,Cookbooks,47.23,2,0.0,94.46,E-Wallet,"North William, Nebraska",,False,True
TXN04679,2024-07-02,09:50:22,01a7f304,29,Female,PROD7753,Enhanced global analyzer,Home & Kitchen,Cookware,137.59,2,0.0,275.18,Cash,"Richardfort, Florida",,False,False
TXN04680,2024-10-29,09:50:22,86be2ee5,46,Female,PROD9274,Grass-roots motivating paradigm,Clothing,Women,43.06,5,0.29,152.86,Debit Card,"Josephtown, Texas",2.1,False,False
TXN04681,2023-09-24,09:50:22,7d1a01bb,64,Male,PROD5821,Customizable bifurcated capability,Electronics,Headphones,384.72,5,0.26,1423.46,Cash,"Jonesfurt, Utah",,False,False
TXN04682,2022-07-13,09:50:22,e7241a2a,51,Male,PROD1494,Polarized real-time collaboration,Books,Non-Fiction,59.42,2,0.0,118.84,Bank Transfer,"Donnastad, Kentucky",4.7,False,True
TXN04683,2023-06-17,09:50:22,7d7092cf,38,Male,PROD3987,Customer-focused executive collaboration,Books,Fiction,16.01,4,0.0,64.04,E-Wallet,"New Alicia, Utah",3.5,True,True
TXN04684,2024-12-04,09:50:22,db2f3439,47,Female,PROD1127,Multi-layered reciprocal benchmark,Sports,Outdoor,9.26,5,0.17,38.43,E-Wallet,"Lake Connieberg, Illinois",4.5,False,False
TXN04685,2022-11-14,09:50:22,69125ce5,42,Male,PROD9054,Ameliorated actuating capability,Toys,Dolls,43.31,1,0.0,43.31,Debit Card,"Markfurt, North Carolina",,False,False
TXN04686,2025-04-07,09:50:22,2e3d278f,42,Male,PROD4304,Intuitive methodical framework,Grocery,Bakery,14.08,1,0.0,14.08,E-Wallet,"Mckayborough, New Jersey",3.2,False,False
TXN04687,2023-07-06,09:50:22,5ef3c1ae,32,Female,PROD6961,Cloned full-range migration,Sports,Fitness,11.0,2,0.0,22.0,Credit Card,"Johnsonview, Georgia",2.2,False,False
TXN04688,2024-12-29,09:50:22,26fd539d,64,Female,PROD7246,Front-line 24/7 moderator,Electronics,TVs,211.28,1,0.26,156.35,Credit Card,"Natalieberg, New Jersey",,False,True
TXN04689,2024-07-10,09:50:22,bae2926d,31,Male,PROD6519,Reactive incremental synergy,Automotive,Electronics,20.34,1,0.0,20.34,Bank Transfer,"West Cindy, New York",1.6,False,False
TXN04690,2024-02-04,09:50:22,27b209aa,24,Female,PROD9894,Reactive zero administration initiative,Grocery,Beverages,28.35,2,0.0,56.7,E-Wallet,"Port Kristina, Hawaii",,False,False
TXN04691,2024-02-26,09:50:22,1427498d,34,Female,PROD6732,Networked logistical portal,Electronics,Laptops,548.62,5,0.0,2743.1,Debit Card,"Jonesport, Montana",,False,False
TXN04692,2023-03-26,09:50:22,82b0bb9f,42,Male,PROD2129,Up-sized stable neural-net,Health,Vitamins,49.03,4,0.0,196.12,Cash,"Taylorport, North Dakota",,False,False
TXN04693,2022-07-31,09:50:22,2c10c46e,36,Female,PROD5619,Profit-focused asymmetric knowledge user,Grocery,Dairy,40.54,4,0.0,162.16,Cash,"Lindsayville, New Jersey",,False,True
TXN04694,2025-04-06,09:50:22,3cacbe69,45,Male,PROD2784,Up-sized web-enabled open system,Home & Kitchen,Decor,106.64,4,0.0,426.56,Cash,"East Lisa, Tennessee",4.2,False,False
TXN04695,2023-01-11,09:50:22,a5685414,37,Male,PROD7063,Monitored fault-tolerant adapter,Toys,Puzzles,26.04,1,0.0,26.04,Credit Card,"Edwardsmouth, Massachusetts",3.4,False,False
TXN04696,2023-10-06,09:50:22,467e4dba,61,Female,PROD2571,Automated bifurcated intranet,Toys,Educational,40.2,1,0.0,40.2,Credit Card,"New Stephanie, Arkansas",,False,True
TXN04697,2025-01-15,09:50:22,29571627,47,Female,PROD3192,Fully-configurable 24hour process improvement,Books,Non-Fiction,55.45,1,0.0,55.45,Bank Transfer,"Yatesfort, Kansas",,False,False
TXN04698,2024-01-07,09:50:22,7718f520,43,Female,PROD3498,Profound global leverage,Grocery,Snacks,32.53,1,0.0,32.53,Bank Transfer,"Scottmouth, Nebraska",2.7,False,True
TXN04699,2023-06-16,09:50:22,31041ffb,69,Female,PROD5847,Optimized explicit task-force,Sports,Yoga,20.62,3,0.0,61.86,Bank Transfer,"New Brianamouth, Louisiana",,False,False
TXN04700,2024-05-13,09:50:22,ffba04df,41,Female,PROD6794,Integrated transitional throughput,Automotive,Tools,10.14,4,0.0,40.56,Cash,"Warnerburgh, New Mexico",1.4,False,False
TXN04701,2022-08-20,09:50:22,2f454605,54,Female,PROD3146,Enterprise-wide asymmetric product,Books,Non-Fiction,1.99,5,0.0,9.95,Cash,"Michaelstad, Kansas",3.5,False,False
TXN04702,2023-07-26,09:50:22,7affae56,28,Female,PROD7597,Decentralized systematic core,Toys,Action Figures,43.33,2,0.0,86.66,Debit Card,"Meganchester, Utah",,False,False
TXN04703,2022-12-23,09:50:22,31dd4e80,43,Female,PROD7281,Seamless well-modulated hierarchy,Toys,Puzzles,41.56,3,0.0,124.68,E-Wallet,"Lake Lorishire, New Mexico",1.8,False,False
TXN04704,2023-09-01,09:50:22,30cd69a3,40,Male,PROD5361,Ameliorated systematic collaboration,Beauty,Fragrances,41.55,1,0.0,41.55,Credit Card,"Howardburgh, Arkansas",3.7,True,False
TXN04705,2024-10-11,09:50:22,3eb3c9a7,38,Female,PROD4574,User-friendly 5thgeneration circuit,Health,Wellness,27.43,4,0.0,109.72,Cash,"Richardbury, West Virginia",1.5,False,True
TXN04706,2024-02-29,09:50:22,62b0d98e,70,Male,PROD8099,Customizable zero tolerance parallelism,Beauty,Skincare,58.14,4,0.08,213.96,Bank Transfer,"West Colleenshire, Kansas",1.4,False,False
TXN04707,2022-06-05,09:50:22,8619a95e,31,Male,PROD3912,Phased clear-thinking extranet,Toys,Educational,20.32,2,0.0,40.64,E-Wallet,"New Kevin, Nebraska",,False,True
TXN04708,2023-04-13,09:50:22,7e1defe3,44,Male,PROD3069,Synergistic foreground approach,Books,Non-Fiction,49.11,1,0.0,49.11,Bank Transfer,"Port Stephanie, Texas",,False,True
TXN04709,2023-11-22,09:50:22,9b5c3388,45,Male,PROD5943,Virtual tangible Graphical User Interface,Books,Cookbooks,29.23,5,0.0,146.15,E-Wallet,"Port Robertbury, New Hampshire",2.8,False,False
TXN04710,2023-01-06,09:50:22,b2fae639,61,Female,PROD5795,Diverse mobile capability,Electronics,Smartphones,378.33,2,0.0,756.66,Bank Transfer,"Stevenside, New York",1.8,False,False
TXN04711,2024-07-24,09:50:22,a2e029df,45,Female,PROD6689,Robust neutral system engine,Beauty,Fragrances,41.85,1,0.0,41.85,Credit Card,"Eduardostad, Iowa",,False,False
TXN04712,2023-09-15,09:50:22,6fa321ae,52,Female,PROD3987,Advanced bifurcated info-mediaries,Grocery,Snacks,38.19,1,0.0,38.19,Cash,"Paceberg, Washington",2.9,False,False
TXN04713,2022-05-24,09:50:22,137fed7f,59,Female,PROD6010,Balanced tertiary portal,Electronics,Smartphones,571.39,4,0.0,2285.56,Cash,"Smithton, Alaska",3.9,False,True
TXN04714,2022-07-31,09:50:22,9db2e71d,27,Male,PROD7202,Visionary optimal database,Home & Kitchen,Furniture,125.69,1,0.0,125.69,Credit Card,"Lindseyberg, North Dakota",1.8,False,False
TXN04715,2025-01-03,09:50:22,151c4029,44,Female,PROD1450,Total encompassing projection,Books,Non-Fiction,29.24,1,0.0,29.24,Credit Card,"Danielfurt, Rhode Island",2.1,False,False
TXN04716,2023-03-19,09:50:22,61050f84,48,Male,PROD3405,Synergistic value-added toolset,Automotive,Tools,77.77,4,0.0,311.08,Debit Card,"Vincentmouth, Utah",1.5,False,True
TXN04717,2024-06-04,09:50:22,5dd9cb52,65,Male,PROD7657,Fully-configurable system-worthy leverage,Sports,Cycling,53.69,2,0.0,107.38,E-Wallet,"Lunashire, Michigan",,False,False
TXN04718,2022-11-05,09:50:22,90a558b5,20,Female,PROD2031,Adaptive background infrastructure,Clothing,Women,71.68,4,0.0,286.72,Debit Card,"East Karentown, Delaware",,False,True
TXN04719,2023-09-27,09:50:22,a0d64299,49,Male,PROD5827,Realigned regional data-warehouse,Grocery,Snacks,32.24,3,0.19,78.34,E-Wallet,"West Jonathanton, North Dakota",4.3,False,True
TXN04720,2023-03-24,09:50:22,b6731036,37,Male,PROD8674,Horizontal well-modulated alliance,Beauty,Fragrances,50.14,1,0.0,50.14,Bank Transfer,"Laneville, Nevada",1.6,False,False
TXN04721,2025-02-22,09:50:22,b67ef33b,70,Female,PROD7170,Operative stable service-desk,Grocery,Canned Goods,40.36,3,0.0,121.08,Credit Card,"Sheppardfort, Pennsylvania",3.7,False,False
TXN04722,2022-11-09,09:50:22,c61b3233,57,Female,PROD1162,Seamless human-resource matrix,Health,First Aid,30.52,2,0.09,55.55,Debit Card,"North Jennifer, Wisconsin",,False,False
TXN04723,2024-03-29,09:50:22,118abb02,39,Male,PROD8529,Switchable real-time conglomeration,Health,First Aid,23.93,4,0.24,72.75,Debit Card,"Spencermouth, South Carolina",4.2,False,False
TXN04724,2022-09-05,09:50:22,a887dc5a,61,Male,PROD1303,Ergonomic coherent infrastructure,Electronics,TVs,483.82,1,0.0,483.82,Bank Transfer,"West Andrea, South Carolina",,False,False
TXN04725,2022-09-05,09:50:22,1d37e4c0,18,Female,PROD3115,Vision-oriented stable info-mediaries,Clothing,Shoes,1.99,4,0.0,7.96,Bank Transfer,"Davidmouth, West Virginia",,False,True
TXN04726,2024-05-03,09:50:22,d435e08c,66,Female,PROD7448,Enterprise-wide multi-tasking Graphic Interface,Automotive,Parts,34.21,5,0.14,147.1,E-Wallet,"Port Connie, Kansas",,False,False
TXN04727,2023-03-17,09:50:22,711a0176,51,Female,PROD3045,Right-sized tangible leverage,Home & Kitchen,Appliances,85.81,3,0.18,211.09,Cash,"East Amanda, Florida",,False,False
TXN04728,2022-12-11,09:50:22,7652b905,55,Male,PROD5445,Extended executive pricing structure,Health,Medical,61.85,5,0.0,309.25,Debit Card,"New Brandonhaven, Wyoming",1.6,False,False
TXN04729,2023-01-18,09:50:22,9ff0ee36,62,Male,PROD3199,Self-enabling zero administration architecture,Electronics,Headphones,503.87,4,0.0,2015.48,Credit Card,"Michaelfurt, Alaska",,False,False
TXN04730,2025-01-29,09:50:22,a781a83a,40,Female,PROD2946,Configurable secondary throughput,Toys,Games,6.22,5,0.0,31.1,Bank Transfer,"Kellybury, Arizona",,False,True
TXN04731,2023-08-25,09:50:22,e3089ee7,50,Male,PROD1908,Centralized regional moderator,Clothing,Men,48.5,4,0.14,166.84,Credit Card,"Butlerview, Nevada",,False,True
TXN04732,2024-02-13,09:50:22,03fd7c8b,30,Female,PROD4669,Expanded multimedia protocol,Toys,Action Figures,9.08,4,0.0,36.32,Credit Card,"Guyshire, Mississippi",,False,False
TXN04733,2024-04-16,09:50:22,e7601973,47,Male,PROD4658,Down-sized disintermediate adapter,Books,Non-Fiction,39.47,2,0.0,78.94,Debit Card,"Lake Terri, Wyoming",4.6,False,False
TXN04734,2024-10-20,09:50:22,31a11b94,68,Female,PROD3574,Business-focused next generation data-warehouse,Sports,Cycling,35.82,2,0.0,71.64,Credit Card,"Port Bradley, Idaho",,False,False
TXN04735,2023-06-05,09:50:22,bd66f857,64,Female,PROD3349,User-friendly local policy,Toys,Puzzles,49.16,5,0.0,245.8,Credit Card,"Gomezside, North Dakota",,False,False
TXN04736,2022-06-18,09:50:22,cba70d0d,42,Female,PROD3963,Proactive upward-trending ability,Grocery,Dairy,14.18,1,0.16,11.91,Credit Card,"West Randall, Missouri",,False,True
TXN04737,2024-06-17,09:50:22,a100a3c0,18,Male,PROD4057,Persevering neutral architecture,Home & Kitchen,Cookware,122.38,1,0.09,111.37,Debit Card,"Lake Vanessa, Florida",,True,False
TXN04738,2024-05-08,09:50:22,d2b4c37d,52,Female,PROD2089,Multi-lateral content-based secured line,Health,Vitamins,2.7,3,0.0,8.1,Credit Card,"Fitzgeraldborough, New Jersey",,False,False
TXN04739,2023-02-05,09:50:22,92144ee2,21,Female,PROD4788,Fundamental fresh-thinking projection,Grocery,Snacks,44.03,1,0.0,44.03,Bank Transfer,"Lake Julia, Illinois",,False,False
TXN04740,2023-10-01,09:50:22,78db8f0d,22,Male,PROD1669,Profound directional archive,Home & Kitchen,Bedding,156.32,5,0.0,781.6,Debit Card,"North Bradleyton, New Hampshire",3.1,False,False
TXN04741,2022-07-25,09:50:22,ac1189c2,18,Female,PROD8518,Vision-oriented composite flexibility,Automotive,Car Care,39.92,4,0.0,159.68,Credit Card,"Ianhaven, Kansas",,False,True
TXN04742,2025-01-23,09:50:22,8d12de4c,27,Female,PROD5028,Customer-focused asynchronous productivity,Books,Educational,30.03,1,0.0,30.03,E-Wallet,"Donnastad, North Carolina",3.1,False,False
TXN04743,2024-10-18,09:50:22,ec716cf6,32,Male,PROD8545,Multi-layered dedicated open system,Health,Vitamins,38.3,2,0.0,76.6,Cash,"Danielberg, Minnesota",,False,True
TXN04744,2023-12-30,09:50:22,1bf30297,60,Male,PROD4361,Synchronized directional Internet solution,Automotive,Parts,62.09,1,0.0,62.09,Cash,"South Jennifer, West Virginia",,False,True
TXN04745,2025-02-02,09:50:22,4d2cb363,51,Male,PROD2694,Secured real-time neural-net,Sports,Cycling,24.3,5,0.0,121.5,Cash,"East Michaelfurt, Tennessee",,False,False
TXN04746,2023-05-29,09:50:22,d7b6e3fc,36,Female,PROD1182,Pre-emptive needs-based groupware,Automotive,Car Care,32.77,3,0.0,98.31,Debit Card,"South Lucas, Montana",1.3,False,False
TXN04747,2023-05-23,09:50:22,2f69e02f,33,Male,PROD8371,Robust optimizing artificial intelligence,Home & Kitchen,Cookware,43.97,3,0.0,131.91,E-Wallet,"East Steveville, Arkansas",4.9,False,False
TXN04748,2024-04-17,09:50:22,4a303f7f,18,Male,PROD7997,Re-contextualized eco-centric middleware,Sports,Outdoor,12.63,2,0.0,25.26,Bank Transfer,"Thomasburgh, Louisiana",,False,False
TXN04749,2024-02-27,09:50:22,148b2768,23,Female,PROD2455,Balanced well-modulated website,Automotive,Electronics,31.96,4,0.0,127.84,Cash,"West Adrianbury, Illinois",,False,False
TXN04750,2024-12-20,09:50:22,e0573269,49,Male,PROD5438,Enhanced solution-oriented secured line,Sports,Fitness,52.08,4,0.0,208.32,Credit Card,"Harrisshire, Arizona",,False,False
TXN04751,2023-11-20,09:50:22,43dea077,42,Female,PROD2068,Total heuristic definition,Health,First Aid,24.87,3,0.0,74.61,Debit Card,"New Michaeltown, Virginia",,False,False
TXN04752,2023-03-30,09:50:22,8ee02d29,28,Female,PROD3644,Future-proofed dynamic initiative,Electronics,Smartphones,452.82,4,0.0,1811.28,Bank Transfer,"Paulland, Utah",4.8,False,False
TXN04753,2022-09-24,09:50:22,c5396d08,70,Female,PROD4256,Intuitive optimal algorithm,Books,Fiction,21.86,5,0.0,109.3,E-Wallet,"Jordanfurt, North Carolina",3.9,False,True
TXN04754,2025-04-27,09:50:22,ef8bac26,64,Female,PROD4415,Team-oriented asynchronous algorithm,Automotive,Car Care,19.3,3,0.18,47.48,Bank Transfer,"Hancockview, Connecticut",,False,False
TXN04755,2023-03-19,09:50:22,ec35dfb9,35,Male,PROD3185,Synergized holistic policy,Sports,Fitness,35.9,2,0.07,66.77,E-Wallet,"Savannahborough, Washington",4.0,False,True
TXN04756,2024-11-11,09:50:22,a8d80215,60,Female,PROD8758,Managed radical hub,Health,Supplements,1.99,3,0.0,5.97,E-Wallet,"Hallview, Nebraska",,False,True
TXN04757,2024-01-01,09:50:22,9a8d5d1a,27,Female,PROD2820,Expanded well-modulated standardization,Electronics,TVs,756.19,2,0.0,1512.38,E-Wallet,"Julieberg, Connecticut",4.4,False,False
TXN04758,2023-10-27,09:50:22,14ba5b7e,68,Male,PROD9535,Reverse-engineered 24hour pricing structure,Toys,Games,16.69,4,0.0,66.76,Cash,"Wilsonmouth, Alabama",,False,False
TXN04759,2024-05-26,09:50:22,f061ba46,62,Female,PROD6017,Open-architected context-sensitive pricing structure,Beauty,Fragrances,44.44,4,0.0,177.76,E-Wallet,"New Robert, Michigan",2.2,True,False
TXN04760,2024-11-20,09:50:22,19aac627,18,Male,PROD2203,Universal hybrid frame,Health,Wellness,4.6,3,0.1,12.42,Bank Transfer,"Port Jonathanton, Mississippi",,False,False
TXN04761,2022-05-07,09:50:22,2cebf173,28,Male,PROD1478,Vision-oriented methodical moderator,Automotive,Car Care,43.38,2,0.1,78.08,Bank Transfer,"East Anna, Alaska",,False,False
TXN04762,2025-03-07,09:50:22,aa189db4,44,Male,PROD2248,Customizable grid-enabled alliance,Sports,Yoga,43.44,2,0.0,86.88,Bank Transfer,"East Elizabethton, Texas",,False,False
TXN04763,2024-06-20,09:50:22,b1736ee7,62,Female,PROD6449,Innovative coherent database,Health,Vitamins,37.68,2,0.0,75.36,E-Wallet,"West James, New Hampshire",,False,True
TXN04764,2023-05-20,09:50:22,e0d67eec,49,Male,PROD6802,Profound cohesive synergy,Sports,Fitness,10.11,5,0.0,50.55,Credit Card,"Jerryshire, North Carolina",2.2,True,False
TXN04765,2022-06-13,09:50:22,1241a690,29,Male,PROD9624,Virtual stable Local Area Network,Automotive,Electronics,34.99,3,0.0,104.97,Cash,"South Heidihaven, Texas",,False,False
TXN04766,2024-05-20,09:50:22,1dbe7223,32,Female,PROD3405,Horizontal zero tolerance solution,Grocery,Beverages,6.34,4,0.0,25.36,Credit Card,"Lake Amberburgh, Nevada",,False,False
TXN04767,2023-09-07,09:50:22,08055454,52,Male,PROD5061,Optional secondary superstructure,Clothing,Shoes,42.42,5,0.0,212.1,Credit Card,"Tinaborough, Nevada",,True,False
TXN04768,2024-02-21,09:50:22,66c3aea0,34,Female,PROD7875,Virtual 5thgeneration moratorium,Clothing,Men,80.88,2,0.0,161.76,Bank Transfer,"North Jeremy, Montana",,False,False
TXN04769,2022-09-12,09:50:22,b4f5430e,47,Female,PROD7618,Reverse-engineered full-range strategy,Toys,Dolls,45.93,2,0.0,91.86,Debit Card,"Hollyhaven, Mississippi",1.1,False,False
TXN04770,2024-07-07,09:50:22,ab64e250,38,Male,PROD6311,Re-engineered eco-centric hierarchy,Beauty,Makeup,30.3,3,0.0,90.9,E-Wallet,"Brandonmouth, Michigan",4.2,False,False
TXN04771,2023-05-29,09:50:22,256aead1,35,Female,PROD2623,Realigned explicit database,Books,Non-Fiction,10.5,2,0.0,21.0,Credit Card,"Kristenborough, Nebraska",,False,False
TXN04772,2025-04-13,09:50:22,05a1c9f9,25,Male,PROD9623,Multi-lateral holistic monitoring,Home & Kitchen,Appliances,165.19,3,0.0,495.57,Debit Card,"North Caitlynbury, Louisiana",,False,False
TXN04773,2025-02-17,09:50:22,ba952a35,26,Male,PROD8997,Proactive dedicated core,Health,Medical,30.39,1,0.0,30.39,Credit Card,"Villegasmouth, West Virginia",1.4,False,False
TXN04774,2023-03-17,09:50:22,edd5548e,46,Male,PROD9087,Optional context-sensitive benchmark,Automotive,Car Care,1.99,3,0.15,5.07,E-Wallet,"East Steven, Vermont",,True,True
TXN04775,2023-12-06,09:50:22,9f4e0cdb,34,Male,PROD7123,Innovative human-resource success,Grocery,Dairy,45.65,2,0.0,91.3,E-Wallet,"Davisport, Alaska",,False,False
TXN04776,2024-02-25,09:50:22,76227582,47,Female,PROD7340,Profound modular website,Sports,Team Sports,29.52,4,0.0,118.08,Debit Card,"Micheleville, Oregon",1.6,True,False
TXN04777,2024-08-22,09:50:22,fcb8af5b,24,Male,PROD7119,Reverse-engineered foreground software,Beauty,Tools,54.05,1,0.0,54.05,Credit Card,"Dennisborough, Delaware",3.6,False,False
TXN04778,2024-02-24,09:50:22,d4057533,21,Male,PROD6092,Multi-tiered web-enabled infrastructure,Beauty,Skincare,8.09,5,0.0,40.45,Cash,"North Scottberg, Texas",3.5,False,False
TXN04779,2022-12-18,09:50:22,ea687668,56,Female,PROD7190,Multi-channeled real-time core,Toys,Games,1.99,4,0.11,7.08,Bank Transfer,"Port Robinhaven, Pennsylvania",2.5,False,False
TXN04780,2022-11-19,09:50:22,b025b510,19,Male,PROD2341,Virtual fresh-thinking application,Books,Educational,35.58,3,0.0,106.74,Credit Card,"Glenntown, Utah",1.6,False,False
TXN04781,2025-04-11,09:50:22,508bff72,19,Female,PROD8052,Multi-tiered responsive definition,Home & Kitchen,Bedding,140.41,1,0.0,140.41,Credit Card,"North Brianville, Wisconsin",3.5,False,False
TXN04782,2022-09-19,09:50:22,9a2c9a0c,20,Female,PROD4645,Innovative tertiary projection,Beauty,Makeup,1.99,1,0.24,1.51,E-Wallet,"North Dianefort, New Hampshire",,False,True
TXN04783,2022-08-03,09:50:22,b020d365,47,Female,PROD9389,Digitized multimedia ability,Automotive,Accessories,10.43,3,0.0,31.29,Credit Card,"Brownfort, Kansas",3.7,False,True
TXN04784,2023-01-26,09:50:22,faa9a9be,24,Male,PROD7392,Programmable multimedia Local Area Network,Grocery,Dairy,85.1,2,0.0,170.2,E-Wallet,"North Christinatown, Montana",1.9,False,False
TXN04785,2023-05-06,09:50:22,54291980,28,Female,PROD9741,Synergized radical data-warehouse,Books,Children,23.89,5,0.0,119.45,Bank Transfer,"Williamsfurt, South Dakota",2.4,False,True
TXN04786,2022-07-09,09:50:22,a98ab9f2,36,Male,PROD7897,Automated responsive Graphic Interface,Sports,Team Sports,44.62,5,0.0,223.1,Credit Card,"Maryport, Alabama",,False,True
TXN04787,2023-06-23,09:50:22,2b179a40,53,Female,PROD1533,Team-oriented 6thgeneration monitoring,Automotive,Car Care,16.99,2,0.0,33.98,Debit Card,"Port Robert, Tennessee",1.0,False,True
TXN04788,2022-12-11,09:50:22,dff16201,54,Female,PROD4147,Robust fresh-thinking hub,Clothing,Kids,1.99,3,0.0,5.97,Cash,"East Danamouth, Kansas",,False,False
TXN04789,2025-01-24,09:50:22,990ca33d,45,Male,PROD6566,Reduced zero-defect hierarchy,Books,Cookbooks,26.59,1,0.29,18.88,Credit Card,"Emilyview, Oregon",,False,False
TXN04790,2023-06-02,09:50:22,f047ee7e,40,Male,PROD8907,Proactive bifurcated ability,Sports,Fitness,24.69,3,0.0,74.07,Debit Card,"Leeburgh, North Carolina",4.9,True,False
TXN04791,2022-11-24,09:50:22,24618bec,43,Male,PROD6125,Optimized asynchronous implementation,Beauty,Fragrances,22.0,4,0.0,88.0,Credit Card,"Rileyborough, Connecticut",3.4,False,True
TXN04792,2022-07-10,09:50:22,56197ae9,41,Female,PROD9034,Quality-focused web-enabled architecture,Automotive,Accessories,27.71,3,0.0,83.13,Credit Card,"Mcleanton, Wisconsin",1.7,False,True
TXN04793,2024-07-09,09:50:22,a0ebd768,54,Male,PROD7239,Grass-roots coherent application,Beauty,Makeup,35.29,5,0.0,176.45,Debit Card,"New Teresa, Oregon",3.5,False,True
TXN04794,2025-02-02,09:50:22,ffa78b14,42,Male,PROD7465,Extended upward-trending paradigm,Home & Kitchen,Furniture,109.49,1,0.14,94.16,Bank Transfer,"Alexanderside, Oregon",3.1,False,False
TXN04795,2025-04-16,09:50:22,f93838ce,37,Male,PROD7803,Future-proofed system-worthy model,Health,Supplements,4.72,1,0.0,4.72,E-Wallet,"Carsonhaven, Colorado",,False,True
TXN04796,2023-10-12,09:50:22,759e2d99,39,Female,PROD4146,Multi-tiered discrete archive,Sports,Yoga,39.72,4,0.0,158.88,Bank Transfer,"South Kathrynland, Maryland",1.2,False,True
TXN04797,2022-08-14,09:50:22,09b17a14,61,Male,PROD1767,Public-key bifurcated budgetary management,Grocery,Beverages,1.99,1,0.0,1.99,Debit Card,"North Janettown, California",,False,True
TXN04798,2024-05-25,09:50:22,6b54d759,20,Female,PROD9183,Optimized disintermediate approach,Electronics,Laptops,89.93,5,0.0,449.65,Debit Card,"East Ana, Vermont",,False,False
TXN04799,2023-08-01,09:50:22,02617ad9,18,Female,PROD7317,Expanded attitude-oriented middleware,Automotive,Tools,44.78,5,0.0,223.9,Bank Transfer,"Howardtown, Connecticut",4.1,False,False
TXN04800,2022-09-28,09:50:22,494499db,56,Male,PROD4688,User-centric radical knowledge user,Automotive,Parts,40.14,2,0.0,80.28,Credit Card,"Sarahfort, New Mexico",,False,True
TXN04801,2022-06-01,09:50:22,b0af772c,35,Male,PROD6897,Horizontal responsive Internet solution,Home & Kitchen,Decor,115.98,2,0.0,231.96,Bank Transfer,"Jenniferton, Nevada",,False,False
TXN04802,2023-07-07,09:50:22,cbaa3032,48,Male,PROD9441,Self-enabling actuating focus group,Grocery,Canned Goods,2.09,4,0.0,8.36,Bank Transfer,"Woodview, New Mexico",3.4,False,True
TXN04803,2025-02-05,09:50:22,68e897d2,67,Male,PROD7041,Re-engineered executive conglomeration,Sports,Outdoor,15.84,4,0.14,54.49,Bank Transfer,"East Kaylatown, Missouri",1.1,False,False
TXN04804,2022-10-16,09:50:22,b4842576,25,Male,PROD7219,Object-based multi-state functionalities,Home & Kitchen,Furniture,101.61,1,0.0,101.61,Debit Card,"Francisport, California",,False,False
TXN04805,2024-12-19,09:50:22,bb316be5,41,Female,PROD1808,Organic static architecture,Toys,Action Figures,1.99,1,0.0,1.99,Bank Transfer,"New Amyport, North Carolina",2.4,False,False
TXN04806,2022-09-07,09:50:22,ebd6b7fe,68,Female,PROD3270,Fully-configurable systemic database,Clothing,Shoes,27.83,4,0.0,111.32,Credit Card,"Lake Anna, Massachusetts",2.2,False,True
TXN04807,2024-05-14,09:50:22,022febb4,21,Male,PROD7439,Cross-platform static service-desk,Books,Educational,43.05,1,0.0,43.05,Credit Card,"West Thomas, Alabama",,False,False
TXN04808,2024-09-03,09:50:22,80d1a4d5,35,Male,PROD7092,Horizontal hybrid initiative,Grocery,Canned Goods,58.55,5,0.0,292.75,Bank Transfer,"South Josephstad, Maryland",3.4,False,False
TXN04809,2024-05-30,09:50:22,99d2258f,41,Male,PROD8238,Customer-focused asynchronous artificial intelligence,Grocery,Snacks,21.61,4,0.0,86.44,Bank Transfer,"Jackton, Arkansas",,False,False
TXN04810,2022-09-02,09:50:22,be84e5c9,30,Female,PROD9956,Open-architected high-level complexity,Sports,Yoga,45.13,2,0.0,90.26,E-Wallet,"Katelynmouth, Florida",1.8,False,True
TXN04811,2023-11-01,09:50:22,c0eb5f7a,68,Male,PROD3171,Open-source exuding budgetary management,Electronics,Smartphones,117.19,1,0.0,117.19,Debit Card,"Davidfort, Oregon",,False,False
TXN04812,2025-04-23,09:50:22,e53ef7d5,66,Female,PROD9913,Reduced directional policy,Electronics,Headphones,631.89,4,0.0,2527.56,Debit Card,"Danielmouth, South Carolina",2.5,False,True
TXN04813,2022-07-28,09:50:22,dee84cd0,65,Male,PROD8967,Re-contextualized user-facing moderator,Clothing,Women,25.88,5,0.0,129.4,Cash,"Annafurt, Mississippi",1.7,False,False
TXN04814,2022-09-27,09:50:22,a513a094,53,Male,PROD4319,Cross-platform multi-state customer loyalty,Home & Kitchen,Furniture,141.51,5,0.0,707.55,Cash,"Andrewville, Wyoming",4.9,False,True
TXN04815,2024-01-18,09:50:22,14bec23b,58,Male,PROD7288,Exclusive web-enabled groupware,Clothing,Shoes,42.57,5,0.0,212.85,Bank Transfer,"Jefferymouth, Michigan",,False,False
TXN04816,2022-10-12,09:50:22,b1ff3134,18,Female,PROD4919,Integrated grid-enabled service-desk,Home & Kitchen,Decor,212.43,5,0.0,1062.15,Cash,"East Jim, Massachusetts",2.4,False,True
TXN04817,2023-07-22,09:50:22,7c01d0eb,63,Female,PROD3784,Multi-lateral needs-based budgetary management,Electronics,Cameras,325.11,5,0.0,1625.55,Debit Card,"Elainemouth, Utah",,False,False
TXN04818,2025-04-03,09:50:22,e3ff86f5,35,Female,PROD6010,Down-sized exuding instruction set,Home & Kitchen,Decor,163.93,1,0.0,163.93,E-Wallet,"West Zachary, New Mexico",,False,False
TXN04819,2022-11-20,09:50:22,eda8250e,54,Male,PROD5086,Enhanced demand-driven benchmark,Grocery,Canned Goods,24.41,4,0.0,97.64,Cash,"East Ashleytown, Rhode Island",3.3,False,True
TXN04820,2022-11-29,09:50:22,8dec481e,52,Male,PROD3686,Multi-tiered real-time solution,Sports,Outdoor,26.83,2,0.0,53.66,Bank Transfer,"Nunezmouth, Maryland",1.4,False,False
TXN04821,2023-08-22,09:50:22,8eae57e3,32,Male,PROD4885,Re-engineered explicit hierarchy,Automotive,Electronics,26.32,4,0.0,105.28,Bank Transfer,"North Cynthiahaven, Virginia",,False,True
TXN04822,2025-04-28,09:50:22,25332d79,54,Female,PROD6924,Customizable asynchronous definition,Grocery,Bakery,13.09,3,0.0,39.27,Debit Card,"Mannton, Hawaii",2.3,False,True
TXN04823,2024-07-03,09:50:22,8b0de95e,66,Male,PROD3594,Ergonomic regional artificial intelligence,Books,Educational,29.72,5,0.0,148.6,Credit Card,"Lake John, Kentucky",,False,True
TXN04824,2023-05-29,09:50:22,4584ee8b,32,Female,PROD6867,Phased well-modulated system engine,Books,Non-Fiction,28.75,1,0.0,28.75,Cash,"Markberg, Connecticut",,False,True
TXN04825,2023-06-05,09:50:22,77abf16a,66,Male,PROD4174,Organic asymmetric policy,Sports,Team Sports,34.82,3,0.0,104.46,Credit Card,"Michaelport, Massachusetts",5.0,True,False
TXN04826,2025-04-17,09:50:22,a2cad3ae,65,Male,PROD7892,Innovative actuating data-warehouse,Beauty,Tools,31.69,4,0.0,126.76,E-Wallet,"Wendymouth, Idaho",3.1,False,False
TXN04827,2023-09-27,09:50:22,5717e7b0,34,Male,PROD2254,Phased holistic leverage,Sports,Team Sports,45.96,1,0.0,45.96,Debit Card,"Larsonmouth, Arkansas",4.1,False,False
TXN04828,2023-05-07,09:50:22,472a717b,29,Male,PROD5653,Reverse-engineered national portal,Clothing,Shoes,77.71,1,0.0,77.71,E-Wallet,"East Kimberlyberg, Mississippi",,False,False
TXN04829,2024-09-02,09:50:22,a70de135,53,Male,PROD6462,Total intermediate data-warehouse,Health,First Aid,8.99,3,0.12,23.73,Cash,"South Garytown, Virginia",,False,True
TXN04830,2022-12-08,09:50:22,b5076bc1,67,Male,PROD1311,Visionary reciprocal website,Automotive,Parts,47.38,2,0.0,94.76,Credit Card,"Lake Shannon, Nebraska",3.7,False,False
TXN04831,2024-05-08,09:50:22,b6bac42f,55,Female,PROD6392,Organized heuristic strategy,Health,First Aid,6.27,1,0.0,6.27,Bank Transfer,"New Robin, New Jersey",1.1,False,False
TXN04832,2024-11-30,09:50:22,8addddb4,51,Male,PROD6463,Configurable tertiary groupware,Grocery,Snacks,41.76,1,0.0,41.76,E-Wallet,"East Aaronton, Texas",1.1,False,True
TXN04833,2024-09-26,09:50:22,6453293f,45,Female,PROD1804,Enterprise-wide high-level forecast,Health,Vitamins,42.39,4,0.0,169.56,Credit Card,"Ramirezmouth, Mississippi",2.7,False,False
TXN04834,2022-12-05,09:50:22,10dd39ed,64,Female,PROD3914,Organic tertiary standardization,Toys,Educational,1.99,4,0.0,7.96,Bank Transfer,"Richardsonview, Mississippi",,True,False
TXN04835,2023-04-12,09:50:22,72e0b421,22,Female,PROD5725,Profit-focused 6thgeneration data-warehouse,Sports,Outdoor,31.86,5,0.0,159.3,Bank Transfer,"New Andrew, South Dakota",,False,True
TXN04836,2023-05-10,09:50:22,a79c6b1b,24,Male,PROD2318,Networked solution-oriented task-force,Sports,Fitness,20.63,4,0.0,82.52,Bank Transfer,"Chanburgh, Wyoming",,False,False
TXN04837,2024-08-05,09:50:22,398a177d,25,Female,PROD7615,Exclusive background Internet solution,Books,Cookbooks,14.82,4,0.18,48.61,Credit Card,"West Courtneyfort, Indiana",3.2,False,False
TXN04838,2025-03-04,09:50:22,156c1c96,24,Male,PROD5705,Multi-lateral transitional protocol,Books,Fiction,57.02,4,0.0,228.08,Cash,"West Lori, Minnesota",,False,False
TXN04839,2024-03-27,09:50:22,37ef5159,47,Male,PROD4602,Focused demand-driven instruction set,Automotive,Accessories,16.93,5,0.0,84.65,E-Wallet,"South Nancy, Michigan",3.4,False,False
TXN04840,2023-03-25,09:50:22,87ee2f0e,22,Male,PROD3758,Integrated upward-trending projection,Health,Medical,13.87,4,0.08,51.04,Bank Transfer,"Codyton, Minnesota",4.9,False,False
TXN04841,2025-05-03,09:50:22,9fd44b17,20,Male,PROD9802,Switchable discrete data-warehouse,Electronics,Laptops,515.14,2,0.0,1030.28,E-Wallet,"Port David, Virginia",,False,True
TXN04842,2024-10-29,09:50:22,c7df3956,65,Female,PROD3362,Open-source clear-thinking budgetary management,Books,Educational,43.71,1,0.0,43.71,Bank Transfer,"North Emily, New York",,False,False
TXN04843,2024-04-26,09:50:22,a73607ee,28,Male,PROD1090,Synergistic background projection,Home & Kitchen,Cookware,110.08,5,0.0,550.4,Cash,"Thompsonbury, South Carolina",1.8,False,False
TXN04844,2024-02-10,09:50:22,d798b54c,69,Male,PROD8085,Grass-roots heuristic instruction set,Sports,Outdoor,53.33,2,0.0,106.66,Debit Card,"Thomasborough, Rhode Island",,False,False
TXN04845,2024-02-29,09:50:22,e0214119,33,Female,PROD6302,Adaptive didactic capacity,Beauty,Tools,40.62,1,0.0,40.62,Bank Transfer,"Romeroland, Pennsylvania",,False,False
TXN04846,2024-06-05,09:50:22,dcd784d3,53,Male,PROD5265,Enhanced scalable definition,Beauty,Haircare,1.99,1,0.0,1.99,Bank Transfer,"Charleschester, Montana",1.8,False,False
TXN04847,2024-08-27,09:50:22,bc0d6568,26,Female,PROD2381,Exclusive maximized support,Electronics,TVs,394.11,5,0.0,1970.55,E-Wallet,"Cummingsstad, Maine",1.6,False,False
TXN04848,2024-10-03,09:50:22,eb1518fd,20,Female,PROD8330,Assimilated fresh-thinking service-desk,Toys,Dolls,18.76,4,0.0,75.04,Bank Transfer,"New Taylorhaven, Georgia",,False,True
TXN04849,2024-02-27,09:50:22,b662ed1a,18,Female,PROD8800,Object-based zero-defect archive,Automotive,Electronics,39.59,5,0.0,197.95,Debit Card,"Jenniferfort, Utah",3.3,True,True
TXN04850,2023-09-10,09:50:22,5e3200de,26,Male,PROD3337,Down-sized radical encryption,Home & Kitchen,Cookware,1.99,2,0.0,3.98,Cash,"Smithland, Indiana",,False,False
TXN04851,2023-07-18,09:50:22,f96baffb,70,Female,PROD3408,Cloned cohesive benchmark,Toys,Educational,80.98,3,0.0,242.94,Credit Card,"South Brenda, Florida",3.4,False,False
TXN04852,2024-06-12,09:50:22,d0428c1d,33,Female,PROD4081,Pre-emptive multimedia architecture,Automotive,Accessories,40.62,1,0.0,40.62,Bank Transfer,"Katherineborough, Kentucky",,True,False
TXN04853,2023-10-08,09:50:22,d233641f,40,Male,PROD3163,Centralized executive model,Beauty,Tools,32.98,5,0.0,164.9,Credit Card,"Rosestad, Vermont",4.7,False,False
TXN04854,2024-05-12,09:50:22,90fbb830,35,Female,PROD7820,Sharable fault-tolerant circuit,Health,Wellness,53.63,4,0.0,214.52,Bank Transfer,"Lawrenceview, Missouri",1.4,False,True
TXN04855,2024-11-17,09:50:22,c3c966bd,18,Female,PROD7677,Profound holistic definition,Home & Kitchen,Appliances,284.06,2,0.18,465.86,Cash,"Shannonbury, Montana",1.7,False,False
TXN04856,2024-11-07,09:50:22,e68b560b,21,Female,PROD8134,Reduced zero-defect Graphic Interface,Books,Children,47.41,2,0.0,94.82,Bank Transfer,"New Dawn, Virginia",3.2,False,False
TXN04857,2024-07-27,09:50:22,cb0365cd,69,Female,PROD2879,Multi-lateral web-enabled groupware,Beauty,Haircare,48.98,1,0.16,41.14,Credit Card,"South Rodneybury, Minnesota",,False,True
TXN04858,2022-05-06,09:50:22,42837390,57,Male,PROD7696,Networked human-resource archive,Toys,Action Figures,32.61,4,0.0,130.44,Credit Card,"Johnsberg, Rhode Island",1.1,False,True
TXN04859,2022-07-15,09:50:22,45a14a8e,68,Female,PROD2110,Operative user-facing open system,Automotive,Parts,27.17,4,0.05,103.25,Credit Card,"West Mackenzie, Nebraska",,False,False
TXN04860,2023-12-09,09:50:22,cc034cab,18,Female,PROD8136,Adaptive responsive archive,Home & Kitchen,Cookware,86.69,3,0.0,260.07,Bank Transfer,"New Charlesfort, Utah",2.4,False,False
TXN04861,2022-06-08,09:50:22,99d50b4e,29,Female,PROD8502,Intuitive multimedia policy,Beauty,Makeup,13.48,5,0.0,67.4,Credit Card,"South Desiree, South Carolina",3.8,False,True
TXN04862,2025-03-31,09:50:22,acbec699,45,Male,PROD6057,Seamless logistical emulation,Books,Non-Fiction,16.26,1,0.0,16.26,Bank Transfer,"Gibsonport, Arizona",,False,True
TXN04863,2023-02-06,09:50:22,9f251511,60,Female,PROD8813,Advanced modular success,Grocery,Dairy,2.99,3,0.0,8.97,Cash,"North Jessica, Iowa",,False,False
TXN04864,2024-01-14,09:50:22,92642992,59,Male,PROD4784,Persistent discrete alliance,Clothing,Kids,47.72,2,0.0,95.44,Credit Card,"West Hannah, Maine",2.1,False,False
TXN04865,2022-05-19,09:50:22,c50fec0a,51,Male,PROD5783,Grass-roots contextually-based interface,Beauty,Tools,1.99,2,0.0,3.98,Credit Card,"North Charlene, Arizona",,False,True
TXN04866,2024-01-11,09:50:22,b007711d,60,Male,PROD3100,Switchable responsive productivity,Grocery,Canned Goods,33.82,2,0.0,67.64,Credit Card,"Lake Albert, Arkansas",2.7,False,False
TXN04867,2023-08-03,09:50:22,000ffb69,35,Female,PROD3671,Reverse-engineered encompassing frame,Books,Fiction,29.27,4,0.0,117.08,Cash,"Nicholsstad, Missouri",,False,True
TXN04868,2023-07-19,09:50:22,e4d63220,23,Male,PROD2474,Adaptive zero-defect productivity,Beauty,Haircare,32.94,4,0.0,131.76,E-Wallet,"Larrychester, Florida",1.9,False,False
TXN04869,2024-02-09,09:50:22,30c0b87d,57,Female,PROD8660,Synchronized content-based extranet,Toys,Dolls,19.56,2,0.0,39.12,E-Wallet,"Brandonmouth, Colorado",2.4,False,False
TXN04870,2022-06-19,09:50:22,be2cc8f8,46,Female,PROD2520,Organic responsive contingency,Sports,Yoga,91.54,3,0.0,274.62,E-Wallet,"Powerschester, Texas",3.0,False,False
TXN04871,2023-11-22,09:50:22,1519a1b7,28,Female,PROD3323,Vision-oriented tertiary hardware,Clothing,Shoes,90.8,5,0.0,454.0,Cash,"Timothyton, New York",,False,False
TXN04872,2025-03-18,09:50:22,0a9170a7,62,Male,PROD2965,Object-based value-added forecast,Beauty,Haircare,5.11,2,0.0,10.22,Cash,"North Crystal, New York",3.9,False,True
TXN04873,2023-03-18,09:50:22,2897e572,21,Female,PROD9228,Intuitive high-level encoding,Electronics,TVs,546.57,5,0.0,2732.85,Cash,"Lake Brittney, Virginia",,False,False
TXN04874,2022-11-15,09:50:22,ddd3c47f,38,Male,PROD9797,Switchable optimizing hierarchy,Automotive,Accessories,17.84,4,0.0,71.36,Cash,"East Dennis, Georgia",,False,False
TXN04875,2022-07-22,09:50:22,a22c81d5,52,Male,PROD5186,Customer-focused user-facing instruction set,Sports,Outdoor,9.71,5,0.0,48.55,Credit Card,"Susanfurt, South Dakota",1.1,False,False
TXN04876,2024-12-03,09:50:22,94a6f86d,38,Female,PROD7101,Operative heuristic standardization,Books,Children,3.2,1,0.0,3.2,Bank Transfer,"Courtneyberg, Tennessee",,False,False
TXN04877,2024-05-03,09:50:22,4bcacfd0,64,Male,PROD1714,Vision-oriented intermediate contingency,Beauty,Skincare,38.64,2,0.0,77.28,Bank Transfer,"North Justin, Colorado",,False,False
TXN04878,2023-03-21,09:50:22,53b6cc31,41,Female,PROD6845,Multi-layered optimal service-desk,Health,Medical,16.37,1,0.0,16.37,Credit Card,"Port Jackiebury, South Carolina",,False,False
TXN04879,2023-02-13,09:50:22,23f7b542,25,Female,PROD7413,Decentralized zero tolerance Internet solution,Sports,Cycling,49.36,2,0.0,98.72,Credit Card,"Smithville, Texas",3.4,False,False
TXN04880,2023-10-30,09:50:22,382a7c9f,26,Male,PROD5077,Innovative impactful software,Grocery,Dairy,49.88,1,0.07,46.39,E-Wallet,"Frenchport, Massachusetts",,False,False
TXN04881,2024-05-26,09:50:22,6f3fcb05,70,Male,PROD7855,Cross-platform human-resource synergy,Automotive,Accessories,57.48,4,0.12,202.33,Bank Transfer,"New Julie, Nevada",,False,False
TXN04882,2023-09-29,09:50:22,fa687e20,53,Female,PROD3912,Team-oriented upward-trending conglomeration,Automotive,Tools,12.95,1,0.29,9.19,Cash,"Gillshire, Colorado",4.6,False,True
TXN04883,2023-08-26,09:50:22,8a8dfe5d,40,Male,PROD4344,Grass-roots intangible moratorium,Grocery,Dairy,39.51,1,0.14,33.98,Bank Transfer,"South Davidmouth, New Mexico",4.3,False,False
TXN04884,2023-10-12,09:50:22,9fd74d37,25,Male,PROD2220,Profit-focused clear-thinking productivity,Health,First Aid,42.65,4,0.0,170.6,Debit Card,"West Julie, North Dakota",,False,False
TXN04885,2024-01-11,09:50:22,f0b1ee6f,26,Male,PROD4298,Organized global open system,Home & Kitchen,Cookware,86.81,2,0.0,173.62,E-Wallet,"Port Brandonberg, Wisconsin",2.5,False,False
TXN04886,2022-11-10,09:50:22,88b55c5e,18,Female,PROD1036,Customer-focused stable encoding,Home & Kitchen,Furniture,65.98,3,0.0,197.94,Cash,"Jeffersonville, New Jersey",4.8,False,False
TXN04887,2024-08-01,09:50:22,e0011511,34,Female,PROD7099,Face-to-face national strategy,Toys,Action Figures,62.19,2,0.23,95.77,Bank Transfer,"Angelton, Colorado",2.1,False,True
TXN04888,2023-07-25,09:50:22,7e89437b,41,Male,PROD4458,Assimilated 24hour knowledge user,Electronics,Smartphones,545.5,4,0.0,2182.0,Credit Card,"Davishaven, Alaska",,False,True
TXN04889,2022-10-11,09:50:22,3642ff2b,46,Female,PROD7332,Function-based full-range knowledge user,Toys,Puzzles,42.72,3,0.16,107.65,Credit Card,"Markbury, North Carolina",,False,True
TXN04890,2024-02-29,09:50:22,46038041,23,Male,PROD4255,Total content-based throughput,Sports,Team Sports,13.56,5,0.0,67.8,Bank Transfer,"Sullivanburgh, Arkansas",2.7,False,False
TXN04891,2025-01-18,09:50:22,914acdbb,62,Male,PROD8884,Decentralized clear-thinking task-force,Automotive,Car Care,5.61,5,0.13,24.4,E-Wallet,"Rebeccafort, Montana",,False,False
TXN04892,2023-04-25,09:50:22,a99a8ef6,46,Male,PROD2602,Front-line secondary intranet,Automotive,Parts,18.61,4,0.0,74.44,Debit Card,"Nicholasfurt, Arizona",2.5,False,True
TXN04893,2025-01-29,09:50:22,8fa4675e,39,Female,PROD9018,Synergized local access,Health,First Aid,27.52,2,0.0,55.04,E-Wallet,"New Coreymouth, Missouri",2.0,True,False
TXN04894,2022-11-17,09:50:22,8f4e7ec7,57,Male,PROD5252,Switchable human-resource product,Home & Kitchen,Furniture,45.5,3,0.23,105.11,Bank Transfer,"Briantown, Nevada",,False,False
TXN04895,2024-01-11,09:50:22,acc478e4,67,Female,PROD7826,Multi-layered composite Graphic Interface,Home & Kitchen,Bedding,119.31,2,0.0,238.62,Bank Transfer,"Kelseyville, Michigan",,False,False
TXN04896,2022-07-21,09:50:22,73abf2dd,47,Male,PROD7301,Visionary optimizing Graphical User Interface,Toys,Action Figures,1.99,3,0.19,4.84,E-Wallet,"Lake Adrianaview, Missouri",2.1,False,True
TXN04897,2024-06-25,09:50:22,5972967d,35,Female,PROD3141,Enterprise-wide transitional synergy,Grocery,Canned Goods,7.6,4,0.0,30.4,Debit Card,"Wallaceberg, Maryland",,False,False
TXN04898,2022-10-13,09:50:22,a2b42ecb,55,Male,PROD7379,Synergistic web-enabled Graphical User Interface,Electronics,Headphones,634.18,5,0.0,3170.9,Debit Card,"Mckinneyside, Louisiana",,True,False
TXN04899,2022-08-28,09:50:22,a38b348b,55,Female,PROD8704,Adaptive demand-driven migration,Toys,Dolls,42.08,5,0.0,210.4,Debit Card,"Fitzgeraldview, Iowa",,False,False
TXN04900,2024-03-20,09:50:22,3296e1b4,30,Male,PROD9888,Horizontal mission-critical encryption,Books,Children,22.16,3,0.0,66.48,Cash,"Dustinfurt, Michigan",,False,False
TXN04901,2024-04-17,09:50:22,06981dc9,70,Male,PROD7754,Stand-alone optimal flexibility,Toys,Games,9.64,5,0.2,38.56,Bank Transfer,"East Debratown, Arkansas",,False,False
TXN04902,2024-10-11,09:50:22,5fb12a5c,56,Male,PROD2993,Total scalable installation,Beauty,Tools,9.45,2,0.0,18.9,Credit Card,"East Saraland, Vermont",3.3,False,False
TXN04903,2024-09-05,09:50:22,b6a0bd52,25,Female,PROD6087,Virtual next generation Local Area Network,Clothing,Women,38.8,4,0.0,155.2,E-Wallet,"Lake Benjamin, Vermont",,True,False
TXN04904,2023-01-07,09:50:22,f428a2da,25,Female,PROD3345,Cross-platform value-added open system,Beauty,Fragrances,42.89,1,0.0,42.89,Debit Card,"Valentineton, Alaska",1.4,False,False
TXN04905,2023-08-13,09:50:22,6102b789,58,Male,PROD5335,Multi-tiered uniform algorithm,Home & Kitchen,Bedding,184.98,3,0.0,554.94,Debit Card,"North Andresville, South Carolina",,False,False
TXN04906,2022-05-29,09:50:22,ae22b04a,28,Male,PROD8821,Innovative zero administration strategy,Clothing,Women,35.1,5,0.0,175.5,Bank Transfer,"West Elizabeth, Nevada",,False,False
TXN04907,2024-06-27,09:50:22,221e9a8c,50,Male,PROD8688,Object-based intermediate challenge,Beauty,Fragrances,6.93,3,0.0,20.79,Debit Card,"Evansport, Kentucky",,True,False
TXN04908,2022-08-24,09:50:22,62a95b98,68,Male,PROD2818,Automated cohesive customer loyalty,Home & Kitchen,Appliances,138.75,4,0.0,555.0,Debit Card,"West Lisaside, Maine",2.5,False,True
TXN04909,2024-01-20,09:50:22,c5d7d5c2,57,Female,PROD2359,Distributed solution-oriented hardware,Grocery,Canned Goods,13.53,5,0.11,60.21,Bank Transfer,"Lake Ryanchester, Ohio",3.5,False,False
TXN04910,2025-04-13,09:50:22,8faca377,50,Female,PROD3846,Exclusive 4thgeneration model,Toys,Dolls,19.63,3,0.0,58.89,Cash,"Danielburgh, Texas",1.1,False,False
TXN04911,2022-07-29,09:50:22,c8d9b2a7,67,Female,PROD3565,Multi-tiered context-sensitive function,Health,Vitamins,56.51,5,0.0,282.55,Bank Transfer,"North Madeline, Alabama",3.1,False,False
TXN04912,2024-02-18,09:50:22,cba337e2,40,Female,PROD6150,Proactive upward-trending success,Health,First Aid,46.54,4,0.0,186.16,Debit Card,"Port Marissa, Idaho",2.5,False,True
TXN04913,2023-03-08,09:50:22,fc794db4,29,Male,PROD4044,Cloned bandwidth-monitored extranet,Electronics,TVs,531.59,3,0.0,1594.77,Bank Transfer,"Port Janet, Oklahoma",3.9,False,False
TXN04914,2024-03-05,09:50:22,ae6f221e,47,Male,PROD8019,Secured transitional open system,Health,First Aid,4.56,4,0.0,18.24,Cash,"Elizabethton, Virginia",,False,True
TXN04915,2025-02-27,09:50:22,bd3d1f0b,40,Female,PROD8047,Compatible bandwidth-monitored Graphic Interface,Electronics,Smartphones,542.28,1,0.0,542.28,Bank Transfer,"Stephaniefurt, Georgia",4.9,False,False
TXN04916,2023-08-01,09:50:22,579d7c4a,62,Female,PROD8745,Managed global encryption,Sports,Fitness,51.25,4,0.0,205.0,Debit Card,"Port Seth, South Dakota",1.3,False,False
TXN04917,2023-03-15,09:50:22,7b597e6d,31,Female,PROD7441,Team-oriented secondary matrix,Toys,Dolls,22.49,4,0.0,89.96,E-Wallet,"New Jessicaburgh, Ohio",,False,False
TXN04918,2022-08-17,09:50:22,59175ccd,61,Female,PROD6465,De-engineered reciprocal model,Toys,Action Figures,57.02,2,0.0,114.04,Bank Transfer,"Codymouth, Tennessee",,False,True
TXN04919,2024-07-18,09:50:22,ba3511eb,39,Female,PROD3989,Upgradable clear-thinking capability,Electronics,TVs,758.55,2,0.0,1517.1,Credit Card,"Sotostad, Iowa",3.1,False,False
TXN04920,2024-11-03,09:50:22,83a6c14e,21,Male,PROD5028,User-centric asymmetric hub,Books,Educational,63.27,1,0.0,63.27,E-Wallet,"Tracyport, New York",2.1,False,True
TXN04921,2025-03-04,09:50:22,8f7dca21,23,Female,PROD2415,Optional solution-oriented info-mediaries,Sports,Cycling,36.1,5,0.18,148.01,Credit Card,"North James, Arkansas",4.4,False,True
TXN04922,2022-11-06,09:50:22,4ca95881,45,Female,PROD5225,Managed value-added concept,Health,First Aid,41.75,3,0.0,125.25,Credit Card,"Mortonland, Maryland",,False,False
TXN04923,2023-08-03,09:50:22,9971f211,24,Male,PROD6322,Expanded scalable array,Books,Fiction,58.28,2,0.0,116.56,Debit Card,"South Elizabethtown, Massachusetts",4.2,False,False
TXN04924,2024-10-06,09:50:22,0c800e71,21,Male,PROD6929,Cloned fresh-thinking access,Sports,Outdoor,38.95,3,0.0,116.85,Debit Card,"East Christina, New Mexico",,False,True
TXN04925,2023-12-20,09:50:22,e686c482,58,Female,PROD3021,Compatible solution-oriented forecast,Electronics,Cameras,399.75,2,0.0,799.5,Debit Card,"South Laurenberg, New York",1.4,False,True
TXN04926,2024-07-21,09:50:22,30c9d057,19,Female,PROD2228,Reactive value-added neural-net,Grocery,Canned Goods,21.03,3,0.0,63.09,Credit Card,"West Jessica, California",4.3,False,False
TXN04927,2023-03-05,09:50:22,310ca717,42,Male,PROD8012,Ameliorated foreground throughput,Books,Educational,34.77,4,0.0,139.08,Credit Card,"East Ronald, South Dakota",,False,False
TXN04928,2023-01-31,09:50:22,0b52f276,19,Male,PROD5815,Implemented 24hour Graphic Interface,Electronics,Headphones,241.89,3,0.07,674.87,Bank Transfer,"East Shannontown, Delaware",1.9,False,True
TXN04929,2024-03-24,09:50:22,5f220a50,38,Male,PROD2658,Customizable asynchronous frame,Health,Vitamins,27.13,3,0.0,81.39,Bank Transfer,"Harrisland, South Carolina",,False,False
TXN04930,2022-10-22,09:50:22,12fe17e8,59,Male,PROD2093,Polarized asymmetric moratorium,Beauty,Fragrances,51.93,1,0.0,51.93,Cash,"West Deborahborough, South Carolina",1.6,False,True
TXN04931,2025-01-04,09:50:22,a7e9096b,41,Male,PROD6373,Multi-tiered high-level website,Beauty,Tools,1.99,1,0.23,1.53,Bank Transfer,"Zacharybury, Hawaii",1.5,False,True
TXN04932,2022-08-14,09:50:22,df456676,44,Male,PROD7705,Virtual national collaboration,Grocery,Bakery,60.69,2,0.0,121.38,Bank Transfer,"South Cassandraville, New Jersey",2.6,False,False
TXN04933,2024-07-31,09:50:22,6101ed05,23,Female,PROD9055,Team-oriented well-modulated database,Beauty,Haircare,52.45,4,0.0,209.8,Cash,"East Lori, West Virginia",,False,False
TXN04934,2023-10-25,09:50:22,623c6b86,70,Female,PROD4566,Networked stable Local Area Network,Sports,Cycling,20.8,1,0.21,16.43,Bank Transfer,"North Christopherton, Florida",4.0,True,False
TXN04935,2022-10-27,09:50:22,bd95d9ee,65,Male,PROD4831,De-engineered regional open architecture,Automotive,Parts,40.87,3,0.0,122.61,Bank Transfer,"Gregoryberg, South Carolina",,False,False
TXN04936,2024-07-30,09:50:22,40f5ac5e,59,Male,PROD7912,Compatible disintermediate website,Books,Fiction,30.06,3,0.0,90.18,Cash,"Lake Denise, Missouri",,True,True
TXN04937,2025-02-26,09:50:22,1ce4884f,50,Male,PROD9959,Sharable national methodology,Clothing,Accessories,86.9,2,0.0,173.8,Bank Transfer,"Lake Michael, Florida",,False,False
TXN04938,2024-10-11,09:50:22,a2da7ac1,35,Female,PROD5182,Multi-tiered responsive benchmark,Grocery,Dairy,49.65,5,0.08,228.39,Cash,"Timville, Wyoming",2.8,False,False
TXN04939,2023-01-28,09:50:22,e96b1781,54,Female,PROD2242,Enterprise-wide client-driven conglomeration,Home & Kitchen,Cookware,22.0,4,0.0,88.0,Credit Card,"Lake Sonyaville, Virginia",,False,True
TXN04940,2023-02-06,09:50:22,c869d28d,22,Female,PROD6594,Triple-buffered dynamic approach,Health,Medical,41.75,3,0.0,125.25,Debit Card,"Jessicamouth, Iowa",,False,False
TXN04941,2025-01-14,09:50:22,9697f0da,59,Female,PROD5888,Streamlined object-oriented process improvement,Toys,Dolls,25.89,1,0.0,25.89,Credit Card,"North Michaelland, South Dakota",3.1,False,True
TXN04942,2023-06-15,09:50:22,6def302a,68,Male,PROD2280,Distributed demand-driven capacity,Grocery,Dairy,31.66,4,0.09,115.24,Cash,"Jasonview, Nebraska",2.3,False,True
TXN04943,2025-01-29,09:50:22,b9fef62f,30,Male,PROD8592,Programmable fresh-thinking strategy,Grocery,Canned Goods,15.44,3,0.0,46.32,Credit Card,"New Brittney, Pennsylvania",3.9,False,False
TXN04944,2024-07-23,09:50:22,2ffc6d08,46,Male,PROD2448,Persevering composite conglomeration,Clothing,Accessories,102.44,5,0.0,512.2,Debit Card,"North Nicholeville, Vermont",2.8,False,False
TXN04945,2023-06-11,09:50:22,aa7704c5,31,Female,PROD9909,Up-sized bandwidth-monitored strategy,Sports,Outdoor,50.8,4,0.0,203.2,Cash,"New Kennethbury, New York",,False,False
TXN04946,2025-04-13,09:50:22,85a0c980,34,Female,PROD8749,Mandatory even-keeled archive,Sports,Fitness,15.2,3,0.0,45.6,Credit Card,"East Sheenahaven, Alabama",3.7,False,False
TXN04947,2023-09-22,09:50:22,5222e5f5,24,Male,PROD8196,De-engineered 24/7 focus group,Health,Wellness,3.31,5,0.0,16.55,Credit Card,"North Martinport, California",,False,False
TXN04948,2023-09-14,09:50:22,2cc98b21,67,Male,PROD5124,Re-engineered neutral adapter,Electronics,TVs,422.87,5,0.0,2114.35,Cash,"Deanberg, Texas",3.1,False,True
TXN04949,2022-09-29,09:50:22,fdb22755,26,Female,PROD5443,Optional fresh-thinking instruction set,Books,Educational,38.69,4,0.0,154.76,E-Wallet,"Debraside, Georgia",,False,False
TXN04950,2023-11-02,09:50:22,b5b05192,26,Male,PROD1466,Polarized 6thgeneration software,Books,Fiction,34.8,2,0.0,69.6,E-Wallet,"South Andrewshire, Idaho",1.9,False,True
TXN04951,2024-10-02,09:50:22,59f7532c,61,Female,PROD9559,Intuitive background monitoring,Home & Kitchen,Furniture,207.72,4,0.0,830.88,E-Wallet,"East Ronald, Wyoming",1.7,False,False
TXN04952,2024-02-27,09:50:22,0d3d3126,28,Female,PROD9882,Multi-lateral mission-critical encryption,Books,Non-Fiction,45.8,3,0.19,111.29,Credit Card,"Scottborough, Vermont",3.6,False,False
TXN04953,2022-11-05,09:50:22,5b52be1b,50,Male,PROD3384,Business-focused directional synergy,Beauty,Fragrances,49.39,1,0.0,49.39,E-Wallet,"Peterbury, Rhode Island",5.0,False,True
TXN04954,2022-12-22,09:50:22,23e5d480,56,Female,PROD4444,Expanded intermediate Internet solution,Grocery,Beverages,36.54,1,0.0,36.54,Cash,"Port Nicholas, Ohio",1.5,False,False
TXN04955,2024-08-30,09:50:22,18331030,28,Female,PROD1406,Re-contextualized systematic ability,Sports,Yoga,2.21,3,0.0,6.63,Credit Card,"Alyssaland, Florida",2.1,False,False
TXN04956,2024-09-19,09:50:22,5d53f94b,67,Female,PROD2560,Re-engineered modular adapter,Beauty,Skincare,26.09,4,0.0,104.36,Credit Card,"Jacquelinefurt, Massachusetts",2.7,False,True
TXN04957,2024-05-23,09:50:22,15f38cf1,35,Male,PROD2913,Robust 24hour concept,Grocery,Beverages,51.2,4,0.0,204.8,Cash,"West Lauren, Oregon",4.9,False,False
TXN04958,2024-04-18,09:50:22,71c63807,44,Male,PROD3158,Multi-tiered motivating benchmark,Toys,Educational,28.97,1,0.0,28.97,Bank Transfer,"Howardborough, Mississippi",1.1,False,False
TXN04959,2023-05-31,09:50:22,88f1ebb1,69,Male,PROD5513,Programmable multi-tasking middleware,Clothing,Shoes,65.09,1,0.0,65.09,Bank Transfer,"East Joshuabury, North Dakota",3.0,False,True
TXN04960,2024-02-21,09:50:22,addea535,47,Male,PROD3482,Organized 4thgeneration help-desk,Sports,Outdoor,23.63,1,0.0,23.63,Bank Transfer,"East Chadland, Utah",4.8,False,False
TXN04961,2024-04-10,09:50:22,5c4743a7,21,Male,PROD6320,Managed empowering instruction set,Toys,Educational,9.4,2,0.0,18.8,Cash,"North Bryce, Missouri",4.6,False,True
TXN04962,2022-06-24,09:50:22,5e23e902,62,Female,PROD6736,Stand-alone analyzing Graphical User Interface,Sports,Cycling,27.53,3,0.0,82.59,Bank Transfer,"North Kennethmouth, Minnesota",1.3,False,False
TXN04963,2024-01-20,09:50:22,e9653ce3,27,Female,PROD2519,Grass-roots object-oriented neural-net,Health,Supplements,36.18,1,0.07,33.65,Bank Transfer,"Gonzalesbury, Maine",4.8,False,False
TXN04964,2023-04-17,09:50:22,5d6638fb,26,Male,PROD2109,Extended high-level open architecture,Books,Fiction,16.89,5,0.0,84.45,Debit Card,"Jonesland, North Dakota",4.4,False,True
TXN04965,2024-04-21,09:50:22,ef8a1da3,31,Female,PROD2475,Quality-focused composite service-desk,Sports,Team Sports,25.29,4,0.1,91.04,Cash,"New Kennethview, Kentucky",3.2,False,False
TXN04966,2024-10-27,09:50:22,45ef1e27,54,Male,PROD6457,Proactive uniform toolset,Beauty,Makeup,11.21,4,0.0,44.84,Cash,"Ramirezmouth, Oregon",3.6,False,False
TXN04967,2023-02-28,09:50:22,9d835a96,62,Female,PROD3708,Cross-group maximized service-desk,Health,Supplements,52.38,1,0.0,52.38,Credit Card,"Smithhaven, Texas",4.7,False,True
TXN04968,2024-10-24,09:50:22,859353d6,54,Female,PROD9312,Innovative client-server flexibility,Toys,Educational,24.11,1,0.07,22.42,E-Wallet,"Fieldsside, Kentucky",,False,False
TXN04969,2022-08-05,09:50:22,db74e2a6,38,Male,PROD8010,Sharable optimal alliance,Clothing,Accessories,93.58,5,0.0,467.9,Debit Card,"Port Angela, Missouri",3.3,False,False
TXN04970,2023-08-27,09:50:22,675211f1,53,Female,PROD1932,Customer-focused explicit policy,Beauty,Haircare,60.57,1,0.0,60.57,Bank Transfer,"Jeffreyburgh, Minnesota",1.3,False,False
TXN04971,2023-06-18,09:50:22,3bad96e5,28,Female,PROD2597,Team-oriented tertiary software,Beauty,Makeup,28.38,4,0.0,113.52,Debit Card,"Veronicaville, Massachusetts",2.4,False,False
TXN04972,2024-06-09,09:50:22,bdc5cfc3,22,Male,PROD2322,Enhanced regional challenge,Health,Vitamins,9.83,2,0.0,19.66,Cash,"Lake Matthew, North Dakota",,False,False
TXN04973,2023-03-21,09:50:22,ec01d369,20,Male,PROD3616,Polarized homogeneous frame,Health,Supplements,1.99,2,0.0,3.98,Debit Card,"North Jason, Pennsylvania",1.1,False,False
TXN04974,2022-10-28,09:50:22,0227ddfd,47,Female,PROD7021,Vision-oriented maximized policy,Health,First Aid,1.99,5,0.0,9.95,Cash,"Davisburgh, Colorado",,False,False
TXN04975,2022-12-22,09:50:22,a34c914d,48,Male,PROD6529,Re-contextualized incremental productivity,Beauty,Skincare,2.52,1,0.0,2.52,Cash,"Angelicaburgh, Indiana",,False,True
TXN04976,2022-08-25,09:50:22,123f7e7c,30,Male,PROD1382,Robust background time-frame,Electronics,Laptops,775.69,4,0.0,3102.76,Bank Transfer,"North Mackenziefurt, Montana",,False,False
TXN04977,2023-09-15,09:50:22,95bde7cb,69,Male,PROD3770,Robust global artificial intelligence,Beauty,Haircare,32.32,3,0.28,69.81,Cash,"Davisville, Nevada",2.3,False,False
TXN04978,2023-03-04,09:50:22,c9f49358,40,Female,PROD9649,Re-contextualized composite complexity,Clothing,Kids,61.69,1,0.0,61.69,E-Wallet,"Mooreview, Michigan",,False,False
TXN04979,2023-12-16,09:50:22,40534337,24,Male,PROD2767,Re-contextualized transitional infrastructure,Grocery,Beverages,1.99,2,0.0,3.98,Debit Card,"Davidsonhaven, Mississippi",1.0,False,False
TXN04980,2022-06-03,09:50:22,80dcf37f,50,Male,PROD3043,Upgradable interactive instruction set,Grocery,Dairy,6.04,2,0.0,12.08,E-Wallet,"Carolfort, Missouri",,False,False
TXN04981,2024-04-08,09:50:22,7970fe15,54,Male,PROD1800,Public-key reciprocal circuit,Sports,Outdoor,47.74,2,0.08,87.84,Credit Card,"West Dannychester, New Jersey",,False,False
TXN04982,2022-12-19,09:50:22,fcb3b298,58,Female,PROD1344,Managed local flexibility,Grocery,Beverages,35.74,2,0.21,56.47,Credit Card,"West Antoniomouth, Wyoming",,False,False
TXN04983,2024-01-20,09:50:22,6fb9d437,35,Male,PROD4341,Diverse high-level database,Automotive,Accessories,27.06,5,0.0,135.3,Bank Transfer,"East Jasonport, Vermont",,False,False
TXN04984,2024-11-12,09:50:22,b1680629,50,Male,PROD6936,Stand-alone 6thgeneration structure,Automotive,Car Care,41.3,2,0.0,82.6,Debit Card,"Lake Ericborough, Iowa",4.5,False,False
TXN04985,2024-12-25,09:50:22,ebe28c88,54,Male,PROD3922,Persistent dynamic migration,Books,Educational,62.72,5,0.0,313.6,Credit Card,"Hesshaven, New Mexico",2.8,False,False
TXN04986,2022-06-21,09:50:22,ad431e2b,35,Female,PROD1462,Multi-tiered empowering success,Beauty,Makeup,25.58,2,0.0,51.16,Bank Transfer,"Angelicaland, Colorado",3.1,False,False
TXN04987,2024-03-15,09:50:22,701a30ce,34,Male,PROD3505,Seamless secondary orchestration,Health,Supplements,31.39,4,0.09,114.26,Credit Card,"Terrishire, North Carolina",4.2,False,False
TXN04988,2023-07-08,09:50:22,b4ad8bd4,70,Female,PROD4116,Visionary scalable success,Automotive,Electronics,33.85,5,0.13,147.25,E-Wallet,"West Jessica, Vermont",,False,False
TXN04989,2023-07-13,09:50:22,c1e7c45d,35,Male,PROD5038,Automated bandwidth-monitored hardware,Clothing,Kids,121.76,5,0.0,608.8,Bank Transfer,"South Craigfort, Vermont",,False,False
TXN04990,2023-06-27,09:50:22,4ede8654,59,Male,PROD7825,Total coherent secured line,Beauty,Haircare,1.99,3,0.0,5.97,E-Wallet,"Port Paul, North Carolina",,False,True
TXN04991,2025-04-11,09:50:22,a5e42a4b,55,Female,PROD7684,Compatible mobile circuit,Books,Fiction,43.66,5,0.0,218.3,Credit Card,"New Williemouth, Ohio",4.7,False,False
TXN04992,2023-10-17,09:50:22,6ea9778d,51,Female,PROD8710,Optional holistic strategy,Beauty,Haircare,27.7,4,0.0,110.8,Bank Transfer,"Scottfurt, West Virginia",,False,False
TXN04993,2025-01-19,09:50:22,2b92a41a,60,Male,PROD6560,Virtual content-based throughput,Toys,Action Figures,41.34,1,0.0,41.34,Credit Card,"New Tara, Massachusetts",,False,False
TXN04994,2023-02-19,09:50:22,e980c69f,29,Male,PROD6934,Business-focused eco-centric throughput,Toys,Action Figures,16.85,4,0.0,67.4,Bank Transfer,"Nortonburgh, Hawaii",2.3,True,False
TXN04995,2022-06-12,09:50:22,a0f7f1cf,52,Female,PROD2086,Universal tangible open architecture,Beauty,Makeup,29.02,4,0.23,89.38,Bank Transfer,"Lake Susantown, Arizona",3.1,False,False
TXN04996,2024-06-15,09:50:22,ebb6339e,59,Male,PROD8104,User-friendly asynchronous policy,Sports,Yoga,44.23,3,0.0,132.69,Bank Transfer,"South Kelsey, New Mexico",4.8,False,False
TXN04997,2025-04-18,09:50:22,60e3e56d,32,Female,PROD6819,Customer-focused exuding monitoring,Electronics,Cameras,1122.58,5,0.0,5612.9,Debit Card,"Santostown, South Dakota",,False,False
TXN04998,2022-08-03,09:50:22,4780daf5,31,Male,PROD5873,Up-sized discrete standardization,Electronics,Headphones,661.61,4,0.0,2646.44,E-Wallet,"Elizabethtown, Rhode Island",4.2,False,False
TXN04999,2023-10-11,09:50:22,56068c6c,31,Male,PROD5767,Future-proofed dynamic leverage,Books,Fiction,13.04,3,0.0,39.12,Credit Card,"Jenniferside, Louisiana",,False,False
